local;uf;filial;deposito;cultura;lote;cultivar;tratamento;cod_produto;nome_produto_erp;cat;pen;um;qtd_sistema;peso_etiqueta;cat_fis;etiqueta_fisica;qtd_fisica;camara;quadra;fileira;conf_sim_nao;n_lotes;data_verificacao;mes;auditor_pcp;auditor_unidade;responsavel_ubs;status;Observação
LPCO;GO;101.0;11.0;SOJA;11743P1417;22213I2X;—;PA154000849;SEM SOJA 22213I2X BG ST;C2;P1;BG;30.0;761.0;C2;761;30.0;;;;SIM;1.0;23/04/2026;ABR;Renato de Castro;Evelyn Ataide;Luziano Alves;VALIDADO;
LPCO;GO;101.0;11.0;SOJA;11743P1420;22213I2X;—;PA154000849;SEM SOJA 22213I2X BG ST;C2;P1;BG;30.0;733.0;C2;733;30.0;;;;SIM;1.0;23/04/2026;ABR;Renato de Castro;Evelyn Ataide;Luziano Alves;VALIDADO;
LPCO;GO;101.0;11.0;SOJA;11743P1422;22213I2X;—;PA154000849;SEM SOJA 22213I2X BG ST;C2;P1;BG;30.0;748.0;C2;748;30.0;;;;SIM;1.0;23/04/2026;ABR;Renato de Castro;Evelyn Ataide;Luziano Alves;VALIDADO;
LPCO;GO;101.0;11.0;SOJA;11743P1424;22213I2X;—;PA154000849;SEM SOJA 22213I2X BG ST;C2;P1;BG;23.0;731.0;C2;731;23.0;;;;SIM;1.0;23/04/2026;ABR;Renato de Castro;Evelyn Ataide;Luziano Alves;VALIDADO;
LPCO;GO;101.0;11.0;SOJA;11743P2418;22213I2X;—;PA154000849;SEM SOJA 22213I2X BG ST;C2;P2;BG;27.0;953.0;C2;953;27.0;;;;SIM;1.0;23/04/2026;ABR;Renato de Castro;Evelyn Ataide;Luziano Alves;VALIDADO;
LPCO;GO;101.0;11.0;SOJA;11743P2419;22213I2X;—;PA154000849;SEM SOJA 22213I2X BG ST;C2;P2;BG;27.0;936.0;C2;936;27.0;;;;SIM;1.0;23/04/2026;ABR;Renato de Castro;Evelyn Ataide;Luziano Alves;VALIDADO;
LPCO;GO;101.0;11.0;SOJA;11743P2421;22213I2X;—;PA154000849;SEM SOJA 22213I2X BG ST;C2;P2;BG;27.0;948.0;C2;948;27.0;;;;SIM;1.0;23/04/2026;ABR;Renato de Castro;Evelyn Ataide;Luziano Alves;VALIDADO;
LPCO;GO;101.0;11.0;SOJA;11743P2423;22213I2X;—;PA154000849;SEM SOJA 22213I2X BG ST;C2;P2;BG;27.0;929.0;C2;929;27.0;;;;SIM;1.0;23/04/2026;ABR;Renato de Castro;Evelyn Ataide;Luziano Alves;VALIDADO;
LPCO;GO;101.0;11.0;SOJA;11743P2425;22213I2X;—;PA154000849;SEM SOJA 22213I2X BG ST;C2;P2;BG;14.0;949.0;C2;949;14.0;;;;SIM;1.0;23/04/2026;ABR;Renato de Castro;Evelyn Ataide;Luziano Alves;VALIDADO;
LPCO;GO;101.0;11.0;SOJA;11272P1201;690 I2X;—;PA154000454;SEM SOJA 690 I2X BG ST;S1;P1;BG;30.0;759.0;S1;759;30.0;;;;SIM;1.0;23/04/2026;ABR;Renato de Castro;Evelyn Ataide;Luziano Alves;VALIDADO;
LPCO;GO;101.0;11.0;SOJA;11272P1203;690 I2X;—;PA154000454;SEM SOJA 690 I2X BG ST;S1;P1;BG;30.0;742.0;S1;742;30.0;;;;SIM;1.0;23/04/2026;ABR;Renato de Castro;Evelyn Ataide;Luziano Alves;VALIDADO;
LPCO;GO;101.0;11.0;SOJA;11272P1205;690 I2X;—;PA154000454;SEM SOJA 690 I2X BG ST;S1;P1;BG;30.0;755.0;S1;755;30.0;;;;SIM;1.0;23/04/2026;ABR;Renato de Castro;Evelyn Ataide;Luziano Alves;VALIDADO;
LPCO;GO;101.0;11.0;SOJA;11272P1206;690 I2X;—;PA154000454;SEM SOJA 690 I2X BG ST;S1;P1;BG;30.0;755.0;S1;755;30.0;;;;SIM;1.0;23/04/2026;ABR;Renato de Castro;Evelyn Ataide;Luziano Alves;VALIDADO;
LPCO;GO;101.0;11.0;SOJA;11272P1208;690 I2X;—;PA154000454;SEM SOJA 690 I2X BG ST;S1;P1;BG;30.0;767.0;S1;767;30.0;;;;SIM;1.0;23/04/2026;ABR;Renato de Castro;Evelyn Ataide;Luziano Alves;VALIDADO;
LPCO;GO;101.0;11.0;SOJA;11272P1209;690 I2X;—;PA154000454;SEM SOJA 690 I2X BG ST;S1;P1;BG;30.0;746.0;S1;746;30.0;;;;SIM;1.0;23/04/2026;ABR;Renato de Castro;Evelyn Ataide;Luziano Alves;VALIDADO;
LPCO;GO;101.0;11.0;SOJA;11272P1211;690 I2X;—;PA154000454;SEM SOJA 690 I2X BG ST;S1;P1;BG;30.0;750.0;S1;750;30.0;;;;SIM;1.0;23/04/2026;ABR;Renato de Castro;Evelyn Ataide;Luziano Alves;VALIDADO;
LPCO;GO;101.0;11.0;SOJA;11272P1212;690 I2X;—;PA154000454;SEM SOJA 690 I2X BG ST;S1;P1;BG;30.0;765.0;S1;765;30.0;;;;SIM;1.0;23/04/2026;ABR;Renato de Castro;Evelyn Ataide;Luziano Alves;VALIDADO;
LPCO;GO;101.0;11.0;SOJA;11272P1214;690 I2X;—;PA154000454;SEM SOJA 690 I2X BG ST;S1;P1;BG;30.0;768.0;S1;768;30.0;;;;SIM;1.0;23/04/2026;ABR;Renato de Castro;Evelyn Ataide;Luziano Alves;VALIDADO;
LPCO;GO;101.0;11.0;SOJA;11272P1215;690 I2X;—;PA154000454;SEM SOJA 690 I2X BG ST;S1;P1;BG;30.0;763.0;S1;763;30.0;;;;SIM;1.0;23/04/2026;ABR;Renato de Castro;Evelyn Ataide;Luziano Alves;VALIDADO;
LPCO;GO;101.0;11.0;SOJA;11272P1217;690 I2X;—;PA154000454;SEM SOJA 690 I2X BG ST;S1;P1;BG;30.0;761.0;S1;761;30.0;;;;SIM;1.0;23/04/2026;ABR;Renato de Castro;Evelyn Ataide;Luziano Alves;VALIDADO;
LPCO;GO;101.0;11.0;SOJA;11272P1218;690 I2X;—;PA154000454;SEM SOJA 690 I2X BG ST;S1;P1;BG;30.0;757.0;S1;757;30.0;;;;SIM;1.0;23/04/2026;ABR;Renato de Castro;Evelyn Ataide;Luziano Alves;VALIDADO;
LPCO;GO;101.0;11.0;SOJA;11272P1220;690 I2X;—;PA154000454;SEM SOJA 690 I2X BG ST;S1;P1;BG;30.0;767.0;S1;767;30.0;;;;SIM;1.0;23/04/2026;ABR;Renato de Castro;Evelyn Ataide;Luziano Alves;VALIDADO;
LPCO;GO;101.0;11.0;SOJA;11272P1222;690 I2X;—;PA154000454;SEM SOJA 690 I2X BG ST;S1;P1;BG;30.0;750.0;S1;750;30.0;;;;SIM;1.0;23/04/2026;ABR;Renato de Castro;Evelyn Ataide;Luziano Alves;VALIDADO;
LPCO;GO;101.0;11.0;SOJA;11272P1223;690 I2X;—;PA154000454;SEM SOJA 690 I2X BG ST;S1;P1;BG;30.0;759.0;S1;759;30.0;;;;SIM;1.0;23/04/2026;ABR;Renato de Castro;Evelyn Ataide;Luziano Alves;VALIDADO;
LPCO;GO;101.0;11.0;SOJA;11272P1225;690 I2X;—;PA154001079;SEM SOJA 690 I2X BG ST;S1;P1;BG;8.0;766.0;S1;766;8.0;;;;SIM;1.0;23/04/2026;ABR;Renato de Castro;Evelyn Ataide;Luziano Alves;VALIDADO;
LPCO;GO;101.0;11.0;SOJA;11272P2202;690 I2X;—;PA154000454;SEM SOJA 690 I2X BG ST;S1;P2;BG;27.0;915.0;S1;915;27.0;;;;SIM;1.0;23/04/2026;ABR;Renato de Castro;Evelyn Ataide;Luziano Alves;VALIDADO;
LPCO;GO;101.0;11.0;SOJA;11272P2204;690 I2X;—;PA154000454;SEM SOJA 690 I2X BG ST;S1;P2;BG;30.0;898.0;S1;898;30.0;;;;SIM;1.0;23/04/2026;ABR;Renato de Castro;Evelyn Ataide;Luziano Alves;VALIDADO;
LPCO;GO;101.0;11.0;SOJA;11272P2207;690 I2X;—;PA154000454;SEM SOJA 690 I2X BG ST;S1;P2;BG;27.0;909.0;S1;909;27.0;;;;SIM;1.0;23/04/2026;ABR;Renato de Castro;Evelyn Ataide;Luziano Alves;VALIDADO;
LPCO;GO;101.0;11.0;SOJA;11272P2210;690 I2X;—;PA154000454;SEM SOJA 690 I2X BG ST;S1;P2;BG;27.0;916.0;S1;916;27.0;;;;SIM;1.0;23/04/2026;ABR;Renato de Castro;Evelyn Ataide;Luziano Alves;VALIDADO;
LPCO;GO;101.0;11.0;SOJA;11272P2213;690 I2X;—;PA154000454;SEM SOJA 690 I2X BG ST;S1;P2;BG;27.0;929.0;S1;929;27.0;;;;SIM;1.0;23/04/2026;ABR;Renato de Castro;Evelyn Ataide;Luziano Alves;VALIDADO;
LPCO;GO;101.0;11.0;SOJA;11272P2216;690 I2X;—;PA154000454;SEM SOJA 690 I2X BG ST;S1;P2;BG;27.0;914.0;S1;914;27.0;;;;SIM;1.0;23/04/2026;ABR;Renato de Castro;Evelyn Ataide;Luziano Alves;VALIDADO;
LPCO;GO;101.0;11.0;SOJA;11272P2219;690 I2X;—;PA154000454;SEM SOJA 690 I2X BG ST;S1;P2;BG;30.0;891.0;S1;891;30.0;;;;SIM;1.0;23/04/2026;ABR;Renato de Castro;Evelyn Ataide;Luziano Alves;VALIDADO;
LPCO;GO;101.0;11.0;SOJA;11272P2221;690 I2X;—;PA154000454;SEM SOJA 690 I2X BG ST;S1;P2;BG;27.0;920.0;S1;920;27.0;;;;SIM;1.0;23/04/2026;ABR;Renato de Castro;Evelyn Ataide;Luziano Alves;VALIDADO;
LPCO;GO;101.0;11.0;SOJA;11272P2224;690 I2X;—;PA154000454;SEM SOJA 690 I2X BG ST;S1;P2;BG;7.0;908.0;S1;908;7.0;;;;SIM;1.0;23/04/2026;ABR;Renato de Castro;Evelyn Ataide;Luziano Alves;VALIDADO;
LPCO;GO;101.0;11.0;SOJA;11728P1001;6930I2X;—;PA154000582;SEM SOJA 6930I2X BG ST;C2;P1;BG;30.0;835.0;C2;835;30.0;;;;SIM;1.0;23/04/2026;ABR;Renato de Castro;Evelyn Ataide;Luziano Alves;VALIDADO;
LPCO;GO;101.0;11.0;SOJA;11728P1003;6930I2X;—;PA154000582;SEM SOJA 6930I2X BG ST;C2;P1;BG;30.0;828.0;C2;828;30.0;;;;SIM;1.0;23/04/2026;ABR;Renato de Castro;Evelyn Ataide;Luziano Alves;VALIDADO;
LPCO;GO;101.0;11.0;SOJA;11728P1004;6930I2X;—;PA154000582;SEM SOJA 6930I2X BG ST;C2;P1;BG;30.0;812.0;C2;812;30.0;;;;SIM;1.0;23/04/2026;ABR;Renato de Castro;Evelyn Ataide;Luziano Alves;VALIDADO;
LPCO;GO;101.0;11.0;SOJA;11728P1006;6930I2X;—;PA154000582;SEM SOJA 6930I2X BG ST;C2;P1;BG;30.0;801.0;C2;801;30.0;;;;SIM;1.0;23/04/2026;ABR;Renato de Castro;Evelyn Ataide;Luziano Alves;VALIDADO;
LPCO;GO;101.0;11.0;SOJA;11728P1008;6930I2X;—;PA154000582;SEM SOJA 6930I2X BG ST;C2;P1;BG;30.0;821.0;C2;821;30.0;;;;SIM;1.0;23/04/2026;ABR;Renato de Castro;Evelyn Ataide;Luziano Alves;VALIDADO;
LPCO;GO;101.0;11.0;SOJA;11728P1010;6930I2X;—;PA154000582;SEM SOJA 6930I2X BG ST;C2;P1;BG;30.0;827.0;C2;827;30.0;;;;SIM;1.0;23/04/2026;ABR;Renato de Castro;Evelyn Ataide;Luziano Alves;VALIDADO;
LPCO;GO;101.0;11.0;SOJA;11728P1012;6930I2X;—;PA154000582;SEM SOJA 6930I2X BG ST;C2;P1;BG;30.0;813.0;C2;813;30.0;;;;SIM;1.0;23/04/2026;ABR;Renato de Castro;Evelyn Ataide;Luziano Alves;VALIDADO;
LPCO;GO;101.0;11.0;SOJA;11728P1014;6930I2X;—;PA154000582;SEM SOJA 6930I2X BG ST;C2;P1;BG;30.0;804.0;C2;804;30.0;;;;SIM;1.0;23/04/2026;ABR;Renato de Castro;Evelyn Ataide;Luziano Alves;VALIDADO;
LPCO;GO;101.0;11.0;SOJA;11728P1016;6930I2X;—;PA154000582;SEM SOJA 6930I2X BG ST;C2;P1;BG;29.0;842.0;C2;842;29.0;;;;SIM;1.0;23/04/2026;ABR;Renato de Castro;Evelyn Ataide;Luziano Alves;VALIDADO;
LPCO;GO;101.0;11.0;SOJA;11728P1018;6930I2X;—;PA154000582;SEM SOJA 6930I2X BG ST;C2;P1;BG;30.0;830.0;C2;830;30.0;;;;SIM;1.0;23/04/2026;ABR;Renato de Castro;Evelyn Ataide;Luziano Alves;VALIDADO;
LPCO;GO;101.0;11.0;SOJA;11728P1020;6930I2X;—;PA154000582;SEM SOJA 6930I2X BG ST;C2;P1;BG;30.0;834.0;C2;834;30.0;;;;SIM;1.0;23/04/2026;ABR;Renato de Castro;Evelyn Ataide;Luziano Alves;VALIDADO;
LPCO;GO;101.0;11.0;SOJA;11728P1022;6930I2X;—;PA154000582;SEM SOJA 6930I2X BG ST;C2;P1;BG;30.0;822.0;C2;822;30.0;;;;SIM;1.0;23/04/2026;ABR;Renato de Castro;Evelyn Ataide;Luziano Alves;VALIDADO;
LPCO;GO;101.0;11.0;SOJA;11728P1024;6930I2X;—;PA154000582;SEM SOJA 6930I2X BG ST;C2;P1;BG;30.0;836.0;C2;836;30.0;;;;SIM;1.0;23/04/2026;ABR;Renato de Castro;Evelyn Ataide;Luziano Alves;VALIDADO;
LPCO;GO;101.0;11.0;SOJA;11728P1027;6930I2X;—;PA154000582;SEM SOJA 6930I2X BG ST;C2;P1;BG;2.0;835.0;C2;835;2.0;;;;SIM;1.0;23/04/2026;ABR;Renato de Castro;Evelyn Ataide;Luziano Alves;VALIDADO;
LPCO;GO;101.0;11.0;SOJA;11728P2002;6930I2X;—;PA154000582;SEM SOJA 6930I2X BG ST;C2;P2;BG;24.0;1035.0;C2;1035;24.0;;;;SIM;1.0;23/04/2026;ABR;Renato de Castro;Evelyn Ataide;Luziano Alves;VALIDADO;
LPCO;GO;101.0;11.0;SOJA;11728P2005;6930I2X;—;PA154000582;SEM SOJA 6930I2X BG ST;C2;P2;BG;24.0;1010.0;C2;1010;24.0;;;;SIM;1.0;23/04/2026;ABR;Renato de Castro;Evelyn Ataide;Luziano Alves;VALIDADO;
LPCO;GO;101.0;11.0;SOJA;11728P2007;6930I2X;—;PA154000582;SEM SOJA 6930I2X BG ST;C2;P2;BG;24.0;1010.0;C2;1010;24.0;;;;SIM;1.0;23/04/2026;ABR;Renato de Castro;Evelyn Ataide;Luziano Alves;VALIDADO;
LPCO;GO;101.0;11.0;SOJA;11728P2009;6930I2X;—;PA154000582;SEM SOJA 6930I2X BG ST;C2;P2;BG;24.0;1021.0;C2;1021;24.0;;;;SIM;1.0;23/04/2026;ABR;Renato de Castro;Evelyn Ataide;Luziano Alves;VALIDADO;
LPCO;GO;101.0;11.0;SOJA;11728P2011;6930I2X;—;PA154000582;SEM SOJA 6930I2X BG ST;C2;P2;BG;24.0;1019.0;C2;1019;24.0;;;;SIM;1.0;23/04/2026;ABR;Renato de Castro;Evelyn Ataide;Luziano Alves;VALIDADO;
LPCO;GO;101.0;11.0;SOJA;11728P2013;6930I2X;—;PA154000582;SEM SOJA 6930I2X BG ST;C2;P2;BG;24.0;1056.0;C2;1056;24.0;;;;SIM;1.0;23/04/2026;ABR;Renato de Castro;Evelyn Ataide;Luziano Alves;VALIDADO;
LPCO;GO;101.0;11.0;SOJA;11728P2015;6930I2X;—;PA154000582;SEM SOJA 6930I2X BG ST;C2;P2;BG;24.0;1065.0;C2;1065;24.0;;;;SIM;1.0;23/04/2026;ABR;Renato de Castro;Evelyn Ataide;Luziano Alves;VALIDADO;
LPCO;GO;101.0;11.0;SOJA;11728P2017;6930I2X;—;PA154000582;SEM SOJA 6930I2X BG ST;C2;P2;BG;24.0;1007.0;C2;1007;24.0;;;;SIM;1.0;23/04/2026;ABR;Renato de Castro;Evelyn Ataide;Luziano Alves;VALIDADO;
LPCO;GO;101.0;11.0;SOJA;11728P2019;6930I2X;—;PA154000582;SEM SOJA 6930I2X BG ST;C2;P2;BG;24.0;1042.0;C2;1042;24.0;;;;SIM;1.0;23/04/2026;ABR;Renato de Castro;Evelyn Ataide;Luziano Alves;VALIDADO;
LPCO;GO;101.0;11.0;SOJA;11728P2021;6930I2X;—;PA154000582;SEM SOJA 6930I2X BG ST;C2;P2;BG;24.0;1034.0;C2;1034;24.0;;;;SIM;1.0;23/04/2026;ABR;Renato de Castro;Evelyn Ataide;Luziano Alves;VALIDADO;
LPCO;GO;101.0;11.0;SOJA;11728P2023;6930I2X;—;PA154000582;SEM SOJA 6930I2X BG ST;C2;P2;BG;24.0;1078.0;C2;1078;24.0;;;;SIM;1.0;23/04/2026;ABR;Renato de Castro;Evelyn Ataide;Luziano Alves;VALIDADO;
LPCO;GO;101.0;11.0;SOJA;11728P2025;6930I2X;—;PA154000582;SEM SOJA 6930I2X BG ST;C2;P2;BG;24.0;1050.0;C2;1050;24.0;;;;SIM;1.0;23/04/2026;ABR;Renato de Castro;Evelyn Ataide;Luziano Alves;VALIDADO;
LPCO;GO;101.0;11.0;SOJA;11728P2026;6930I2X;—;PA154000582;SEM SOJA 6930I2X BG ST;C2;P2;BG;21.0;1029.0;C2;1029;21.0;;;;SIM;1.0;23/04/2026;ABR;Renato de Castro;Evelyn Ataide;Luziano Alves;VALIDADO;
LPCO;GO;101.0;11.0;SOJA;11754P1401;7222I2X;—;PA154001037;SEM SOJA 7222I2X BG ST;C1;P1;BG;24.0;1050.0;C1;1050;24.0;;;;SIM;1.0;23/04/2026;ABR;Renato de Castro;Evelyn Ataide;Luziano Alves;VALIDADO;
LPCO;GO;101.0;11.0;SOJA;11754P1403;7222I2X;—;PA154001037;SEM SOJA 7222I2X BG ST;C1;P1;BG;24.0;1031.0;C1;1031;24.0;;;;SIM;1.0;23/04/2026;ABR;Renato de Castro;Evelyn Ataide;Luziano Alves;VALIDADO;
LPCO;GO;101.0;11.0;SOJA;11754P1405;7222I2X;—;PA154001037;SEM SOJA 7222I2X BG ST;C1;P1;BG;24.0;1029.0;C1;1029;24.0;;;;SIM;1.0;23/04/2026;ABR;Renato de Castro;Evelyn Ataide;Luziano Alves;VALIDADO;
LPCO;GO;101.0;11.0;SOJA;11754P1407;7222I2X;—;PA154001037;SEM SOJA 7222I2X BG ST;C1;P1;BG;14.0;1033.0;C1;1033;14.0;;;;SIM;1.0;23/04/2026;ABR;Renato de Castro;Evelyn Ataide;Luziano Alves;VALIDADO;
LPCO;GO;101.0;11.0;SOJA;11754P2402;7222I2X;—;PA154001037;SEM SOJA 7222I2X BG ST;C1;P2;BG;18.0;1203.0;C1;1203;18.0;;;;SIM;1.0;23/04/2026;ABR;Renato de Castro;Evelyn Ataide;Luziano Alves;VALIDADO;
LPCO;GO;101.0;11.0;SOJA;11754P2404;7222I2X;—;PA154001037;SEM SOJA 7222I2X BG ST;C1;P2;BG;18.0;1201.0;C1;1201;18.0;;;;SIM;1.0;23/04/2026;ABR;Renato de Castro;Evelyn Ataide;Luziano Alves;VALIDADO;
LPCO;GO;101.0;11.0;SOJA;11754P2406;7222I2X;—;PA154001037;SEM SOJA 7222I2X BG ST;C1;P2;BG;9.0;1200.0;C1;1200;9.0;;;;SIM;1.0;23/04/2026;ABR;Renato de Castro;Evelyn Ataide;Luziano Alves;VALIDADO;
LPCO;GO;101.0;11.0;SOJA;11715P1702;761 I2X;—;PA154000380;SEM SOJA 761 I2X BG ST;S2;P1;BG;30.0;846.0;S2;846;30.0;;;;SIM;1.0;23/04/2026;ABR;Renato de Castro;Evelyn Ataide;Luziano Alves;VALIDADO;
LPCO;GO;101.0;11.0;SOJA;11715P1703;761 I2X;—;PA154000380;SEM SOJA 761 I2X BG ST;S2;P1;BG;30.0;834.0;S2;834;30.0;;;;SIM;1.0;23/04/2026;ABR;Renato de Castro;Evelyn Ataide;Luziano Alves;VALIDADO;
LPCO;GO;101.0;11.0;SOJA;11715P1705;761 I2X;—;PA154000380;SEM SOJA 761 I2X BG ST;S2;P1;BG;30.0;853.0;S2;853;30.0;;;;SIM;1.0;23/04/2026;ABR;Renato de Castro;Evelyn Ataide;Luziano Alves;VALIDADO;
LPCO;GO;101.0;11.0;SOJA;11715P1707;761 I2X;—;PA154000380;SEM SOJA 761 I2X BG ST;S2;P1;BG;30.0;849.0;S2;849;30.0;;;;SIM;1.0;23/04/2026;ABR;Renato de Castro;Evelyn Ataide;Luziano Alves;VALIDADO;
LPCO;GO;101.0;11.0;SOJA;11715P1708;761 I2X;—;PA154000380;SEM SOJA 761 I2X BG ST;S2;P1;BG;30.0;853.0;S2;853;30.0;;;;SIM;1.0;23/04/2026;ABR;Renato de Castro;Evelyn Ataide;Luziano Alves;VALIDADO;
LPCO;GO;101.0;11.0;SOJA;11715P1710;761 I2X;—;PA154000380;SEM SOJA 761 I2X BG ST;S2;P1;BG;30.0;833.0;S2;833;30.0;;;;SIM;1.0;23/04/2026;ABR;Renato de Castro;Evelyn Ataide;Luziano Alves;VALIDADO;
LPCO;GO;101.0;11.0;SOJA;11715P1712;761 I2X;—;PA154000380;SEM SOJA 761 I2X BG ST;S2;P1;BG;30.0;844.0;S2;844;30.0;;;;SIM;1.0;23/04/2026;ABR;Renato de Castro;Evelyn Ataide;Luziano Alves;VALIDADO;
LPCO;GO;101.0;11.0;SOJA;11715P1714;761 I2X;—;PA154000380;SEM SOJA 761 I2X BG ST;S2;P1;BG;30.0;842.0;S2;842;30.0;;;;SIM;1.0;23/04/2026;ABR;Renato de Castro;Evelyn Ataide;Luziano Alves;VALIDADO;
LPCO;GO;101.0;11.0;SOJA;11715P1715;761 I2X;—;PA154000380;SEM SOJA 761 I2X BG ST;S2;P1;BG;30.0;853.0;S2;853;30.0;;;;SIM;1.0;23/04/2026;ABR;Renato de Castro;Evelyn Ataide;Luziano Alves;VALIDADO;
LPCO;GO;101.0;11.0;SOJA;11715P1717;761 I2X;—;PA154000380;SEM SOJA 761 I2X BG ST;S2;P1;BG;30.0;838.0;S2;838;30.0;;;;SIM;1.0;23/04/2026;ABR;Renato de Castro;Evelyn Ataide;Luziano Alves;VALIDADO;
LPCO;GO;101.0;11.0;SOJA;11715P1718;761 I2X;—;PA154000380;SEM SOJA 761 I2X BG ST;S2;P1;BG;30.0;842.0;S2;842;30.0;;;;SIM;1.0;23/04/2026;ABR;Renato de Castro;Evelyn Ataide;Luziano Alves;VALIDADO;
LPCO;GO;101.0;11.0;SOJA;11715P1720;761 I2X;—;PA154000380;SEM SOJA 761 I2X BG ST;S2;P1;BG;30.0;825.0;S2;825;30.0;;;;SIM;1.0;23/04/2026;ABR;Renato de Castro;Evelyn Ataide;Luziano Alves;VALIDADO;
LPCO;GO;101.0;11.0;SOJA;11715P1721;761 I2X;—;PA154000380;SEM SOJA 761 I2X BG ST;S2;P1;BG;30.0;842.0;S2;842;30.0;;;;SIM;1.0;23/04/2026;ABR;Renato de Castro;Evelyn Ataide;Luziano Alves;VALIDADO;
LPCO;GO;101.0;11.0;SOJA;11715P1723;761 I2X;—;PA154000380;SEM SOJA 761 I2X BG ST;S2;P1;BG;30.0;851.0;S2;851;30.0;;;;SIM;1.0;23/04/2026;ABR;Renato de Castro;Evelyn Ataide;Luziano Alves;VALIDADO;
LPCO;GO;101.0;11.0;SOJA;11715P1724;761 I2X;—;PA154000380;SEM SOJA 761 I2X BG ST;S2;P1;BG;30.0;850.0;S2;850;30.0;;;;SIM;1.0;23/04/2026;ABR;Renato de Castro;Evelyn Ataide;Luziano Alves;VALIDADO;
LPCO;GO;101.0;11.0;SOJA;11715P1726;761 I2X;—;PA154000380;SEM SOJA 761 I2X BG ST;S2;P1;BG;30.0;850.0;S2;850;30.0;;;;SIM;1.0;23/04/2026;ABR;Renato de Castro;Evelyn Ataide;Luziano Alves;VALIDADO;
LPCO;GO;101.0;11.0;SOJA;11715P1727;761 I2X;—;PA154000380;SEM SOJA 761 I2X BG ST;S2;P1;BG;30.0;830.0;S2;830;30.0;;;;SIM;1.0;23/04/2026;ABR;Renato de Castro;Evelyn Ataide;Luziano Alves;VALIDADO;
LPCO;GO;101.0;11.0;SOJA;11715P1729;761 I2X;—;PA154000380;SEM SOJA 761 I2X BG ST;S2;P1;BG;30.0;846.0;S2;846;30.0;;;;SIM;1.0;23/04/2026;ABR;Renato de Castro;Evelyn Ataide;Luziano Alves;VALIDADO;
LPCO;GO;101.0;11.0;SOJA;11715P1730;761 I2X;—;PA154000380;SEM SOJA 761 I2X BG ST;S2;P1;BG;30.0;841.0;S2;841;30.0;;;;SIM;1.0;23/04/2026;ABR;Renato de Castro;Evelyn Ataide;Luziano Alves;VALIDADO;
LPCO;GO;101.0;11.0;SOJA;11715P1732;761 I2X;—;PA154000380;SEM SOJA 761 I2X BG ST;S2;P1;BG;30.0;857.0;S2;857;30.0;;;;SIM;1.0;23/04/2026;ABR;Renato de Castro;Evelyn Ataide;Luziano Alves;VALIDADO;
LPCO;GO;101.0;11.0;SOJA;11715P1734;761 I2X;—;PA154000380;SEM SOJA 761 I2X BG ST;S2;P1;BG;30.0;858.0;S2;858;30.0;;;;SIM;1.0;23/04/2026;ABR;Renato de Castro;Evelyn Ataide;Luziano Alves;VALIDADO;
LPCO;GO;101.0;11.0;SOJA;11715P1735;761 I2X;—;PA154000380;SEM SOJA 761 I2X BG ST;S2;P1;BG;30.0;852.0;S2;852;30.0;;;;SIM;1.0;23/04/2026;ABR;Renato de Castro;Evelyn Ataide;Luziano Alves;VALIDADO;
LPCO;GO;101.0;11.0;SOJA;11715P1737;761 I2X;—;PA154000380;SEM SOJA 761 I2X BG ST;S2;P1;BG;30.0;854.0;S2;854;30.0;;;;SIM;1.0;23/04/2026;ABR;Renato de Castro;Evelyn Ataide;Luziano Alves;VALIDADO;
LPCO;GO;101.0;11.0;SOJA;11715P1739;761 I2X;—;PA154000380;SEM SOJA 761 I2X BG ST;S2;P1;BG;30.0;863.0;S2;863;30.0;;;;SIM;1.0;23/04/2026;ABR;Renato de Castro;Evelyn Ataide;Luziano Alves;VALIDADO;
LPCO;GO;101.0;11.0;SOJA;11715P1741;761 I2X;—;PA154000380;SEM SOJA 761 I2X BG ST;S2;P1;BG;30.0;844.0;S2;844;30.0;;;;SIM;1.0;23/04/2026;ABR;Renato de Castro;Evelyn Ataide;Luziano Alves;VALIDADO;
LPCO;GO;101.0;11.0;SOJA;11715P1742;761 I2X;—;PA154000380;SEM SOJA 761 I2X BG ST;S2;P1;BG;30.0;857.0;S2;857;30.0;;;;SIM;1.0;23/04/2026;ABR;Renato de Castro;Evelyn Ataide;Luziano Alves;VALIDADO;
LPCO;GO;101.0;11.0;SOJA;11715P1744;761 I2X;—;PA154000380;SEM SOJA 761 I2X BG ST;S2;P1;BG;30.0;833.0;S2;833;30.0;;;;SIM;1.0;23/04/2026;ABR;Renato de Castro;Evelyn Ataide;Luziano Alves;VALIDADO;
LPCO;GO;101.0;11.0;SOJA;11715P1745;761 I2X;—;PA154000380;SEM SOJA 761 I2X BG ST;S2;P1;BG;30.0;862.0;S2;862;30.0;;;;SIM;1.0;23/04/2026;ABR;Renato de Castro;Evelyn Ataide;Luziano Alves;VALIDADO;
LPCO;GO;101.0;11.0;SOJA;11715P1746;761 I2X;—;PA154000380;SEM SOJA 761 I2X BG ST;S2;P1;BG;30.0;830.0;S2;830;30.0;;;;SIM;1.0;23/04/2026;ABR;Renato de Castro;Evelyn Ataide;Luziano Alves;VALIDADO;
LPCO;GO;101.0;11.0;SOJA;11715P1748;761 I2X;—;PA154000380;SEM SOJA 761 I2X BG ST;S2;P1;BG;30.0;830.0;S2;830;30.0;;;;SIM;1.0;23/04/2026;ABR;Renato de Castro;Evelyn Ataide;Luziano Alves;VALIDADO;
LPCO;GO;101.0;11.0;SOJA;11715P1749;761 I2X;—;PA154000380;SEM SOJA 761 I2X BG ST;S2;P1;BG;30.0;839.0;S2;839;30.0;;;;SIM;1.0;23/04/2026;ABR;Renato de Castro;Evelyn Ataide;Luziano Alves;VALIDADO;
LPCO;GO;101.0;11.0;SOJA;11715P1751;761 I2X;—;PA154000380;SEM SOJA 761 I2X BG ST;S2;P1;BG;30.0;845.0;S2;845;30.0;;;;SIM;1.0;23/04/2026;ABR;Renato de Castro;Evelyn Ataide;Luziano Alves;VALIDADO;
LPCO;GO;101.0;11.0;SOJA;11715P1752;761 I2X;—;PA154000380;SEM SOJA 761 I2X BG ST;S2;P1;BG;30.0;851.0;S2;851;30.0;;;;SIM;1.0;23/04/2026;ABR;Renato de Castro;Evelyn Ataide;Luziano Alves;VALIDADO;
LPCO;GO;101.0;11.0;SOJA;11715P1754;761 I2X;—;PA154000380;SEM SOJA 761 I2X BG ST;S2;P1;BG;30.0;857.0;S2;857;30.0;;;;SIM;1.0;23/04/2026;ABR;Renato de Castro;Evelyn Ataide;Luziano Alves;VALIDADO;
LPCO;GO;101.0;11.0;SOJA;11715P1755;761 I2X;—;PA154000380;SEM SOJA 761 I2X BG ST;S2;P1;BG;29.0;864.0;S2;864;29.0;;;;SIM;1.0;23/04/2026;ABR;Renato de Castro;Evelyn Ataide;Luziano Alves;VALIDADO;
LPCO;GO;101.0;11.0;SOJA;11715P2701;761 I2X;—;PA154000380;SEM SOJA 761 I2X BG ST;S2;P2;BG;24.0;1029.0;S2;1029;24.0;;;;SIM;1.0;23/04/2026;ABR;Renato de Castro;Evelyn Ataide;Luziano Alves;VALIDADO;
LPCO;GO;101.0;11.0;SOJA;11715P2704;761 I2X;—;PA154000380;SEM SOJA 761 I2X BG ST;S2;P2;BG;24.0;1030.0;S2;1030;24.0;;;;SIM;1.0;23/04/2026;ABR;Renato de Castro;Evelyn Ataide;Luziano Alves;VALIDADO;
LPCO;GO;101.0;11.0;SOJA;11715P2706;761 I2X;—;PA154000380;SEM SOJA 761 I2X BG ST;S2;P2;BG;24.0;1026.0;S2;1026;24.0;;;;SIM;1.0;23/04/2026;ABR;Renato de Castro;Evelyn Ataide;Luziano Alves;VALIDADO;
LPCO;GO;101.0;11.0;SOJA;11715P2709;761 I2X;—;PA154000380;SEM SOJA 761 I2X BG ST;S2;P2;BG;24.0;1023.0;S2;1023;24.0;;;;SIM;1.0;23/04/2026;ABR;Renato de Castro;Evelyn Ataide;Luziano Alves;VALIDADO;
LPCO;GO;101.0;11.0;SOJA;11715P2711;761 I2X;—;PA154000380;SEM SOJA 761 I2X BG ST;S2;P2;BG;24.0;1031.0;S2;1031;24.0;;;;SIM;1.0;23/04/2026;ABR;Renato de Castro;Evelyn Ataide;Luziano Alves;VALIDADO;
LPCO;GO;101.0;11.0;SOJA;11715P2713;761 I2X;—;PA154000380;SEM SOJA 761 I2X BG ST;S2;P2;BG;24.0;1019.0;S2;1019;24.0;;;;SIM;1.0;23/04/2026;ABR;Renato de Castro;Evelyn Ataide;Luziano Alves;VALIDADO;
LPCO;GO;101.0;11.0;SOJA;11715P2716;761 I2X;—;PA154000380;SEM SOJA 761 I2X BG ST;S2;P2;BG;24.0;1029.0;S2;1029;24.0;;;;SIM;1.0;23/04/2026;ABR;Renato de Castro;Evelyn Ataide;Luziano Alves;VALIDADO;
LPCO;GO;101.0;11.0;SOJA;11715P2719;761 I2X;—;PA154000380;SEM SOJA 761 I2X BG ST;S2;P2;BG;24.0;1027.0;S2;1027;24.0;;;;SIM;1.0;23/04/2026;ABR;Renato de Castro;Evelyn Ataide;Luziano Alves;VALIDADO;
LPCO;GO;101.0;11.0;SOJA;11715P2722;761 I2X;—;PA154000380;SEM SOJA 761 I2X BG ST;S2;P2;BG;24.0;1032.0;S2;1032;24.0;;;;SIM;1.0;23/04/2026;ABR;Renato de Castro;Evelyn Ataide;Luziano Alves;VALIDADO;
LPCO;GO;101.0;11.0;SOJA;11715P2725;761 I2X;—;PA154000380;SEM SOJA 761 I2X BG ST;S2;P2;BG;24.0;1039.0;S2;1039;24.0;;;;SIM;1.0;23/04/2026;ABR;Renato de Castro;Evelyn Ataide;Luziano Alves;VALIDADO;
LPCO;GO;101.0;11.0;SOJA;11715P2728;761 I2X;—;PA154000380;SEM SOJA 761 I2X BG ST;S2;P2;BG;24.0;1029.0;S2;1029;24.0;;;;SIM;1.0;23/04/2026;ABR;Renato de Castro;Evelyn Ataide;Luziano Alves;VALIDADO;
LPCO;GO;101.0;11.0;SOJA;11715P2731;761 I2X;—;PA154000380;SEM SOJA 761 I2X BG ST;S2;P2;BG;24.0;1045.0;S2;1045;24.0;;;;SIM;1.0;23/04/2026;ABR;Renato de Castro;Evelyn Ataide;Luziano Alves;VALIDADO;
LPCO;GO;101.0;11.0;SOJA;11715P2733;761 I2X;—;PA154000380;SEM SOJA 761 I2X BG ST;S2;P2;BG;24.0;1030.0;S2;1030;24.0;;;;SIM;1.0;23/04/2026;ABR;Renato de Castro;Evelyn Ataide;Luziano Alves;VALIDADO;
LPCO;GO;101.0;11.0;SOJA;11715P2736;761 I2X;—;PA154000380;SEM SOJA 761 I2X BG ST;S2;P2;BG;24.0;1020.0;S2;1020;24.0;;;;SIM;1.0;23/04/2026;ABR;Renato de Castro;Evelyn Ataide;Luziano Alves;VALIDADO;
LPCO;GO;101.0;11.0;SOJA;11715P2738;761 I2X;—;PA154000380;SEM SOJA 761 I2X BG ST;S2;P2;BG;24.0;1016.0;S2;1016;24.0;;;;SIM;1.0;23/04/2026;ABR;Renato de Castro;Evelyn Ataide;Luziano Alves;VALIDADO;
LPCO;GO;101.0;11.0;SOJA;11715P2740;761 I2X;—;PA154000380;SEM SOJA 761 I2X BG ST;S2;P2;BG;24.0;1025.0;S2;1025;24.0;;;;SIM;1.0;23/04/2026;ABR;Renato de Castro;Evelyn Ataide;Luziano Alves;VALIDADO;
LPCO;GO;101.0;11.0;SOJA;11715P2743;761 I2X;—;PA154000380;SEM SOJA 761 I2X BG ST;S2;P2;BG;24.0;1027.0;S2;1027;24.0;;;;SIM;1.0;23/04/2026;ABR;Renato de Castro;Evelyn Ataide;Luziano Alves;VALIDADO;
LPCO;GO;101.0;11.0;SOJA;11715P2747;761 I2X;—;PA154000380;SEM SOJA 761 I2X BG ST;S2;P2;BG;24.0;1030.0;S2;1030;24.0;;;;SIM;1.0;23/04/2026;ABR;Renato de Castro;Evelyn Ataide;Luziano Alves;VALIDADO;
LPCO;GO;101.0;11.0;SOJA;11715P2750;761 I2X;—;PA154000380;SEM SOJA 761 I2X BG ST;S2;P2;BG;24.0;1012.0;S2;1012;24.0;;;;SIM;1.0;23/04/2026;ABR;Renato de Castro;Evelyn Ataide;Luziano Alves;VALIDADO;
LPCO;GO;101.0;11.0;SOJA;11715P2753;761 I2X;—;PA154000380;SEM SOJA 761 I2X BG ST;S2;P2;BG;24.0;1023.0;S2;1023;24.0;;;;SIM;1.0;23/04/2026;ABR;Renato de Castro;Evelyn Ataide;Luziano Alves;VALIDADO;
LPCO;GO;101.0;11.0;SOJA;11715P2756;761 I2X;—;PA154000380;SEM SOJA 761 I2X BG ST;S2;P2;BG;15.0;1033.0;S2;1033;15.0;;;;SIM;1.0;23/04/2026;ABR;Renato de Castro;Evelyn Ataide;Luziano Alves;VALIDADO;
LPCO;GO;101.0;11.0;SOJA;11758P1502;C2705CE;—;PA154001079;SEM SOJA C2705CE BG ST;C1;P1;BG;27.0;913.0;C1;913;27.0;;;;SIM;1.0;23/04/2026;ABR;Renato de Castro;Evelyn Ataide;Luziano Alves;VALIDADO;
LPCO;GO;101.0;11.0;SOJA;11758P1503;C2705CE;—;PA154001079;SEM SOJA C2705CE BG ST;C1;P1;BG;27.0;917.0;C1;917;27.0;;;;SIM;1.0;23/04/2026;ABR;Renato de Castro;Evelyn Ataide;Luziano Alves;VALIDADO;
LPCO;GO;101.0;11.0;SOJA;11758P1505;C2705CE;—;PA154001079;SEM SOJA C2705CE BG ST;C1;P1;BG;27.0;912.0;C1;912;27.0;;;;SIM;1.0;23/04/2026;ABR;Renato de Castro;Evelyn Ataide;Luziano Alves;VALIDADO;
LPCO;GO;101.0;11.0;SOJA;11758P1507;C2705CE;—;PA154001079;SEM SOJA C2705CE BG ST;C1;P1;BG;4.0;905.0;C1;905;4.0;;;;SIM;1.0;23/04/2026;ABR;Renato de Castro;Evelyn Ataide;Luziano Alves;VALIDADO;
LPCO;GO;101.0;11.0;SOJA;11758P2501;C2705CE;—;PA154001079;SEM SOJA C2705CE BG ST;C1;P2;BG;24.0;1112.0;C1;1112;24.0;;;;SIM;1.0;23/04/2026;ABR;Renato de Castro;Evelyn Ataide;Luziano Alves;VALIDADO;
LPCO;GO;101.0;11.0;SOJA;11758P2504;C2705CE;—;PA154001079;SEM SOJA C2705CE BG ST;C1;P2;BG;24.0;1102.0;C1;1102;24.0;;;;SIM;1.0;23/04/2026;ABR;Renato de Castro;Evelyn Ataide;Luziano Alves;VALIDADO;
LPCO;GO;101.0;11.0;SOJA;11758P2506;C2705CE;—;PA154001079;SEM SOJA C2705CE BG ST;C1;P2;BG;21.0;1105.0;C1;1105;21.0;;;;SIM;1.0;23/04/2026;ABR;Renato de Castro;Evelyn Ataide;Luziano Alves;VALIDADO;
LPCO;GO;101.0;11.0;SOJA;11149P1601;NEO680 IPRO;—;PA154000037;SEM SOJA NEO680 IPRO BG ST;S2;P1;BG;30.0;838.0;S2;838;30.0;;;;SIM;1.0;23/04/2026;ABR;Renato de Castro;Evelyn Ataide;Luziano Alves;VALIDADO;
LPCO;GO;101.0;11.0;SOJA;11149P1603;NEO680 IPRO;—;PA154000037;SEM SOJA NEO680 IPRO BG ST;S2;P1;BG;30.0;826.0;S2;826;30.0;;;;SIM;1.0;23/04/2026;ABR;Renato de Castro;Evelyn Ataide;Luziano Alves;VALIDADO;
LPCO;GO;101.0;11.0;SOJA;11149P1604;NEO680 IPRO;—;PA154000037;SEM SOJA NEO680 IPRO BG ST;S2;P1;BG;30.0;822.0;S2;822;30.0;;;;SIM;1.0;23/04/2026;ABR;Renato de Castro;Evelyn Ataide;Luziano Alves;VALIDADO;
LPCO;GO;101.0;11.0;SOJA;11149P1606;NEO680 IPRO;—;PA154000037;SEM SOJA NEO680 IPRO BG ST;S2;P1;BG;30.0;830.0;S2;830;30.0;;;;SIM;1.0;23/04/2026;ABR;Renato de Castro;Evelyn Ataide;Luziano Alves;VALIDADO;
LPCO;GO;101.0;11.0;SOJA;11149P1607;NEO680 IPRO;—;PA154000037;SEM SOJA NEO680 IPRO BG ST;S2;P1;BG;30.0;794.0;S2;794;30.0;;;;SIM;1.0;23/04/2026;ABR;Renato de Castro;Evelyn Ataide;Luziano Alves;VALIDADO;
LPCO;GO;101.0;11.0;SOJA;11149P1608;NEO680 IPRO;—;PA154000037;SEM SOJA NEO680 IPRO BG ST;S2;P1;BG;30.0;785.0;S2;785;30.0;;;;SIM;1.0;23/04/2026;ABR;Renato de Castro;Evelyn Ataide;Luziano Alves;VALIDADO;
LPCO;GO;101.0;11.0;SOJA;11149P1609;NEO680 IPRO;—;PA154000037;SEM SOJA NEO680 IPRO BG ST;S2;P1;BG;30.0;789.0;S2;789;30.0;;;;SIM;1.0;23/04/2026;ABR;Renato de Castro;Evelyn Ataide;Luziano Alves;VALIDADO;
LPCO;GO;101.0;11.0;SOJA;11149P1610;NEO680 IPRO;—;PA154000037;SEM SOJA NEO680 IPRO BG ST;S2;P1;BG;30.0;792.0;S2;792;30.0;;;;SIM;1.0;23/04/2026;ABR;Renato de Castro;Evelyn Ataide;Luziano Alves;VALIDADO;
LPCO;GO;101.0;11.0;SOJA;11149P1611;NEO680 IPRO;—;PA154000037;SEM SOJA NEO680 IPRO BG ST;S2;P1;BG;30.0;802.0;S2;802;30.0;;;;SIM;1.0;23/04/2026;ABR;Renato de Castro;Evelyn Ataide;Luziano Alves;VALIDADO;
LPCO;GO;101.0;11.0;SOJA;11149P1612;NEO680 IPRO;—;PA154000037;SEM SOJA NEO680 IPRO BG ST;S2;P1;BG;30.0;797.0;S2;797;30.0;;;;SIM;1.0;23/04/2026;ABR;Renato de Castro;Evelyn Ataide;Luziano Alves;VALIDADO;
LPCO;GO;101.0;11.0;SOJA;11149P1613;NEO680 IPRO;—;PA154000037;SEM SOJA NEO680 IPRO BG ST;S2;P1;BG;30.0;764.0;S2;764;30.0;;;;SIM;1.0;23/04/2026;ABR;Renato de Castro;Evelyn Ataide;Luziano Alves;VALIDADO;
LPCO;GO;101.0;11.0;SOJA;11149P1614;NEO680 IPRO;—;PA154000037;SEM SOJA NEO680 IPRO BG ST;S2;P1;BG;30.0;764.0;S2;764;30.0;;;;SIM;1.0;23/04/2026;ABR;Renato de Castro;Evelyn Ataide;Luziano Alves;VALIDADO;
LPCO;GO;101.0;11.0;SOJA;11149P1616;NEO680 IPRO;—;PA154000037;SEM SOJA NEO680 IPRO BG ST;S2;P1;BG;30.0;765.0;S2;765;30.0;;;;SIM;1.0;23/04/2026;ABR;Renato de Castro;Evelyn Ataide;Luziano Alves;VALIDADO;
LPCO;GO;101.0;11.0;SOJA;11149P1617;NEO680 IPRO;—;PA154000037;SEM SOJA NEO680 IPRO BG ST;S2;P1;BG;30.0;762.0;S2;762;30.0;;;;SIM;1.0;23/04/2026;ABR;Renato de Castro;Evelyn Ataide;Luziano Alves;VALIDADO;
LPCO;GO;101.0;11.0;SOJA;11149P1618;NEO680 IPRO;—;PA154000037;SEM SOJA NEO680 IPRO BG ST;S2;P1;BG;30.0;787.0;S2;787;30.0;;;;SIM;1.0;23/04/2026;ABR;Renato de Castro;Evelyn Ataide;Luziano Alves;VALIDADO;
LPCO;GO;101.0;11.0;SOJA;11149P1620;NEO680 IPRO;—;PA154000037;SEM SOJA NEO680 IPRO BG ST;C1;P1;BG;30.0;787.0;C1;787;30.0;;;;SIM;1.0;23/04/2026;ABR;Renato de Castro;Evelyn Ataide;Luziano Alves;VALIDADO;
LPCO;GO;101.0;11.0;SOJA;11149P1621;NEO680 IPRO;—;PA154000037;SEM SOJA NEO680 IPRO BG ST;C1;P1;BG;30.0;778.0;C1;778;30.0;;;;SIM;1.0;23/04/2026;ABR;Renato de Castro;Evelyn Ataide;Luziano Alves;VALIDADO;
LPCO;GO;101.0;11.0;SOJA;11149P1622;NEO680 IPRO;—;PA154000037;SEM SOJA NEO680 IPRO BG ST;C1;P1;BG;30.0;785.0;C1;785;30.0;;;;SIM;1.0;23/04/2026;ABR;Renato de Castro;Evelyn Ataide;Luziano Alves;VALIDADO;
LPCO;GO;101.0;11.0;SOJA;11149P1624;NEO680 IPRO;—;PA154000037;SEM SOJA NEO680 IPRO BG ST;C1;P1;BG;30.0;789.0;C1;789;30.0;;;;SIM;1.0;23/04/2026;ABR;Renato de Castro;Evelyn Ataide;Luziano Alves;VALIDADO;
LPCO;GO;101.0;11.0;SOJA;11149P1626;NEO680 IPRO;—;PA154000037;SEM SOJA NEO680 IPRO BG ST;C1;P1;BG;30.0;783.0;C1;783;30.0;;;;SIM;1.0;23/04/2026;ABR;Renato de Castro;Evelyn Ataide;Luziano Alves;VALIDADO;
LPCO;GO;101.0;11.0;SOJA;11149P1627;NEO680 IPRO;—;PA154000037;SEM SOJA NEO680 IPRO BG ST;C1;P1;BG;30.0;775.0;C1;775;30.0;;;;SIM;1.0;23/04/2026;ABR;Renato de Castro;Evelyn Ataide;Luziano Alves;VALIDADO;
LPCO;GO;101.0;11.0;SOJA;11149P1628;NEO680 IPRO;—;PA154000037;SEM SOJA NEO680 IPRO BG ST;C1;P1;BG;30.0;747.0;C1;747;30.0;;;;SIM;1.0;23/04/2026;ABR;Renato de Castro;Evelyn Ataide;Luziano Alves;VALIDADO;
LPCO;GO;101.0;11.0;SOJA;11149P1630;NEO680 IPRO;—;PA154000037;SEM SOJA NEO680 IPRO BG ST;S2;P1;BG;30.0;786.0;S2;786;30.0;;;;SIM;1.0;23/04/2026;ABR;Renato de Castro;Evelyn Ataide;Luziano Alves;VALIDADO;
LPCO;GO;101.0;11.0;SOJA;11149P1631;NEO680 IPRO;—;PA154000037;SEM SOJA NEO680 IPRO BG ST;S2;P1;BG;30.0;759.0;S2;759;30.0;;;;SIM;1.0;23/04/2026;ABR;Renato de Castro;Evelyn Ataide;Luziano Alves;VALIDADO;
LPCO;GO;101.0;11.0;SOJA;11149P1632;NEO680 IPRO;—;PA154000037;SEM SOJA NEO680 IPRO BG ST;S2;P1;BG;30.0;760.0;S2;760;30.0;;;;SIM;1.0;23/04/2026;ABR;Renato de Castro;Evelyn Ataide;Luziano Alves;VALIDADO;
LPCO;GO;101.0;11.0;SOJA;11149P1633;NEO680 IPRO;—;PA154000037;SEM SOJA NEO680 IPRO BG ST;S2;P1;BG;30.0;763.0;S2;763;30.0;;;;SIM;1.0;23/04/2026;ABR;Renato de Castro;Evelyn Ataide;Luziano Alves;VALIDADO;
LPCO;GO;101.0;11.0;SOJA;11149P1635;NEO680 IPRO;—;PA154000037;SEM SOJA NEO680 IPRO BG ST;S2;P1;BG;30.0;769.0;S2;769;30.0;;;;SIM;1.0;23/04/2026;ABR;Renato de Castro;Evelyn Ataide;Luziano Alves;VALIDADO;
LPCO;GO;101.0;11.0;SOJA;11149P1636;NEO680 IPRO;—;PA154000037;SEM SOJA NEO680 IPRO BG ST;S2;P1;BG;30.0;739.0;S2;739;30.0;;;;SIM;1.0;23/04/2026;ABR;Renato de Castro;Evelyn Ataide;Luziano Alves;VALIDADO;
LPCO;GO;101.0;11.0;SOJA;11149P1637;NEO680 IPRO;—;PA154000037;SEM SOJA NEO680 IPRO BG ST;S2;P1;BG;30.0;720.0;S2;720;30.0;;;;SIM;1.0;23/04/2026;ABR;Renato de Castro;Evelyn Ataide;Luziano Alves;VALIDADO;
LPCO;GO;101.0;11.0;SOJA;11149P1638;NEO680 IPRO;—;PA154000037;SEM SOJA NEO680 IPRO BG ST;S2;P1;BG;30.0;755.0;S2;755;30.0;;;;SIM;1.0;23/04/2026;ABR;Renato de Castro;Evelyn Ataide;Luziano Alves;VALIDADO;
LPCO;GO;101.0;11.0;SOJA;11149P1639;NEO680 IPRO;—;PA154000037;SEM SOJA NEO680 IPRO BG ST;S2;P1;BG;30.0;746.0;S2;746;30.0;;;;SIM;1.0;23/04/2026;ABR;Renato de Castro;Evelyn Ataide;Luziano Alves;VALIDADO;
LPCO;GO;101.0;11.0;SOJA;11149P1641;NEO680 IPRO;—;PA154000037;SEM SOJA NEO680 IPRO BG ST;S2;P1;BG;30.0;800.0;S2;800;30.0;;;;SIM;1.0;23/04/2026;ABR;Renato de Castro;Evelyn Ataide;Luziano Alves;VALIDADO;
LPCO;GO;101.0;11.0;SOJA;11149P1643;NEO680 IPRO;—;PA154000037;SEM SOJA NEO680 IPRO BG ST;S2;P1;BG;30.0;766.0;S2;766;30.0;;;;SIM;1.0;23/04/2026;ABR;Renato de Castro;Evelyn Ataide;Luziano Alves;VALIDADO;
LPCO;GO;101.0;11.0;SOJA;11149P1644;NEO680 IPRO;—;PA154000037;SEM SOJA NEO680 IPRO BG ST;S2;P1;BG;9.0;777.0;S2;777;9.0;;;;SIM;1.0;23/04/2026;ABR;Renato de Castro;Evelyn Ataide;Luziano Alves;VALIDADO;
LPCO;GO;101.0;11.0;SOJA;11149P2602;NEO680 IPRO;—;PA154000037;SEM SOJA NEO680 IPRO BG ST;S2;P2;BG;24.0;1010.0;S2;1010;24.0;;;;SIM;1.0;23/04/2026;ABR;Renato de Castro;Evelyn Ataide;Luziano Alves;VALIDADO;
LPCO;GO;101.0;11.0;SOJA;11149P2605;NEO680 IPRO;—;PA154000037;SEM SOJA NEO680 IPRO BG ST;S2;P2;BG;27.0;998.0;S2;998;27.0;;;;SIM;1.0;23/04/2026;ABR;Renato de Castro;Evelyn Ataide;Luziano Alves;VALIDADO;
LPCO;GO;101.0;11.0;SOJA;11149P2615;NEO680 IPRO;—;PA154000037;SEM SOJA NEO680 IPRO BG ST;S2;P2;BG;27.0;931.0;S2;931;27.0;;;;SIM;1.0;23/04/2026;ABR;Renato de Castro;Evelyn Ataide;Luziano Alves;VALIDADO;
LPCO;GO;101.0;11.0;SOJA;11149P2619;NEO680 IPRO;—;PA154000037;SEM SOJA NEO680 IPRO BG ST;C1;P2;BG;27.0;928.0;C1;928;27.0;;;;SIM;1.0;23/04/2026;ABR;Renato de Castro;Evelyn Ataide;Luziano Alves;VALIDADO;
LPCO;GO;101.0;11.0;SOJA;11149P2623;NEO680 IPRO;—;PA154000037;SEM SOJA NEO680 IPRO BG ST;C1;P2;BG;27.0;937.0;C1;937;27.0;;;;SIM;1.0;23/04/2026;ABR;Renato de Castro;Evelyn Ataide;Luziano Alves;VALIDADO;
LPCO;GO;101.0;11.0;SOJA;11149P2625;NEO680 IPRO;—;PA154000037;SEM SOJA NEO680 IPRO BG ST;C1;P2;BG;27.0;934.0;C1;934;27.0;;;;SIM;1.0;23/04/2026;ABR;Renato de Castro;Evelyn Ataide;Luziano Alves;VALIDADO;
LPCO;GO;101.0;11.0;SOJA;11149P2629;NEO680 IPRO;—;PA154000037;SEM SOJA NEO680 IPRO BG ST;S2;P2;BG;27.0;917.0;S2;917;27.0;;;;SIM;1.0;23/04/2026;ABR;Renato de Castro;Evelyn Ataide;Luziano Alves;VALIDADO;
LPCO;GO;101.0;11.0;SOJA;11149P2634;NEO680 IPRO;—;PA154000037;SEM SOJA NEO680 IPRO BG ST;S2;P2;BG;27.0;933.0;S2;933;27.0;;;;SIM;1.0;23/04/2026;ABR;Renato de Castro;Evelyn Ataide;Luziano Alves;VALIDADO;
LPCO;GO;101.0;11.0;SOJA;11149P2640;NEO680 IPRO;—;PA154000037;SEM SOJA NEO680 IPRO BG ST;S2;P2;BG;30.0;911.0;S2;911;30.0;;;;SIM;1.0;23/04/2026;ABR;Renato de Castro;Evelyn Ataide;Luziano Alves;VALIDADO;
LPCO;GO;101.0;11.0;SOJA;11149P2642;NEO680 IPRO;—;PA154000037;SEM SOJA NEO680 IPRO BG ST;S2;P2;BG;11.0;928.0;S2;928;11.0;;;;SIM;1.0;23/04/2026;ABR;Renato de Castro;Evelyn Ataide;Luziano Alves;VALIDADO;
LPCO;GO;101.0;11.0;SOJA;11740P1901;NEO771 I2X;—;PA154000523;SEM SOJA NEO771 I2X BG ST;C2;P1;BG;30.0;771.0;C2;771;30.0;;;;SIM;1.0;23/04/2026;ABR;Renato de Castro;Evelyn Ataide;Luziano Alves;VALIDADO;
LPCO;GO;101.0;11.0;SOJA;11740P1903;NEO771 I2X;—;PA154000523;SEM SOJA NEO771 I2X BG ST;C2;P1;BG;30.0;683.0;C2;683;30.0;;;;SIM;1.0;23/04/2026;ABR;Renato de Castro;Evelyn Ataide;Luziano Alves;VALIDADO;
LPCO;GO;101.0;11.0;SOJA;11740P1905;NEO771 I2X;—;PA154000523;SEM SOJA NEO771 I2X BG ST;C2;P1;BG;30.0;688.0;C2;688;30.0;;;;SIM;1.0;23/04/2026;ABR;Renato de Castro;Evelyn Ataide;Luziano Alves;VALIDADO;
LPCO;GO;101.0;11.0;SOJA;11740P1907;NEO771 I2X;—;PA154000523;SEM SOJA NEO771 I2X BG ST;C2;P1;BG;30.0;689.0;C2;689;30.0;;;;SIM;1.0;23/04/2026;ABR;Renato de Castro;Evelyn Ataide;Luziano Alves;VALIDADO;
LPCO;GO;101.0;11.0;SOJA;11740P1910;NEO771 I2X;—;PA154000523;SEM SOJA NEO771 I2X BG ST;C2;P1;BG;30.0;685.0;C2;685;30.0;;;;SIM;1.0;23/04/2026;ABR;Renato de Castro;Evelyn Ataide;Luziano Alves;VALIDADO;
LPCO;GO;101.0;11.0;SOJA;11740P1911;NEO771 I2X;—;PA154000523;SEM SOJA NEO771 I2X BG ST;C2;P1;BG;30.0;680.0;C2;680;30.0;;;;SIM;1.0;23/04/2026;ABR;Renato de Castro;Evelyn Ataide;Luziano Alves;VALIDADO;
LPCO;GO;101.0;11.0;SOJA;11740P1913;NEO771 I2X;—;PA154000523;SEM SOJA NEO771 I2X BG ST;C2;P1;BG;30.0;688.0;C2;688;30.0;;;;SIM;1.0;23/04/2026;ABR;Renato de Castro;Evelyn Ataide;Luziano Alves;VALIDADO;
LPCO;GO;101.0;11.0;SOJA;11740P1916;NEO771 I2X;—;PA154000523;SEM SOJA NEO771 I2X BG ST;C2;P1;BG;30.0;688.0;C2;688;30.0;;;;SIM;1.0;23/04/2026;ABR;Renato de Castro;Evelyn Ataide;Luziano Alves;VALIDADO;
LPCO;GO;101.0;11.0;SOJA;11740P1918;NEO771 I2X;—;PA154000523;SEM SOJA NEO771 I2X BG ST;C2;P1;BG;30.0;679.0;C2;679;30.0;;;;SIM;1.0;23/04/2026;ABR;Renato de Castro;Evelyn Ataide;Luziano Alves;VALIDADO;
LPCO;GO;101.0;11.0;SOJA;11740P1920;NEO771 I2X;—;PA154000523;SEM SOJA NEO771 I2X BG ST;C2;P1;BG;30.0;678.0;C2;678;30.0;;;;SIM;1.0;23/04/2026;ABR;Renato de Castro;Evelyn Ataide;Luziano Alves;VALIDADO;
LPCO;GO;101.0;11.0;SOJA;11740P1923;NEO771 I2X;—;PA154000523;SEM SOJA NEO771 I2X BG ST;C2;P1;BG;30.0;682.0;C2;682;30.0;;;;SIM;1.0;23/04/2026;ABR;Renato de Castro;Evelyn Ataide;Luziano Alves;VALIDADO;
LPCO;GO;101.0;11.0;SOJA;11740P1925;NEO771 I2X;—;PA154000523;SEM SOJA NEO771 I2X BG ST;C2;P1;BG;30.0;673.0;C2;673;30.0;;;;SIM;1.0;23/04/2026;ABR;Renato de Castro;Evelyn Ataide;Luziano Alves;VALIDADO;
LPCO;GO;101.0;11.0;SOJA;11740P1928;NEO771 I2X;—;PA154000523;SEM SOJA NEO771 I2X BG ST;C2;P1;BG;5.0;676.0;C2;676;5.0;;;;SIM;1.0;23/04/2026;ABR;Renato de Castro;Evelyn Ataide;Luziano Alves;VALIDADO;
LPCO;GO;101.0;11.0;SOJA;11740P2902;NEO771 I2X;—;PA154000523;SEM SOJA NEO771 I2X BG ST;C2;P2;BG;27.0;941.0;C2;941;27.0;;;;SIM;1.0;23/04/2026;ABR;Renato de Castro;Evelyn Ataide;Luziano Alves;VALIDADO;
LPCO;GO;101.0;11.0;SOJA;11740P2904;NEO771 I2X;—;PA154000523;SEM SOJA NEO771 I2X BG ST;C2;P2;BG;30.0;870.0;C2;870;30.0;;;;SIM;1.0;23/04/2026;ABR;Renato de Castro;Evelyn Ataide;Luziano Alves;VALIDADO;
LPCO;GO;101.0;11.0;SOJA;11740P2906;NEO771 I2X;—;PA154000523;SEM SOJA NEO771 I2X BG ST;C2;P2;BG;30.0;874.0;C2;874;30.0;;;;SIM;1.0;23/04/2026;ABR;Renato de Castro;Evelyn Ataide;Luziano Alves;VALIDADO;
LPCO;GO;101.0;11.0;SOJA;11740P2908;NEO771 I2X;—;PA154000523;SEM SOJA NEO771 I2X BG ST;C2;P2;BG;30.0;874.0;C2;874;30.0;;;;SIM;1.0;23/04/2026;ABR;Renato de Castro;Evelyn Ataide;Luziano Alves;VALIDADO;
LPCO;GO;101.0;11.0;SOJA;11740P2909;NEO771 I2X;—;PA154000523;SEM SOJA NEO771 I2X BG ST;C2;P2;BG;30.0;865.0;C2;865;30.0;;;;SIM;1.0;23/04/2026;ABR;Renato de Castro;Evelyn Ataide;Luziano Alves;VALIDADO;
LPCO;GO;101.0;11.0;SOJA;11740P2912;NEO771 I2X;—;PA154000523;SEM SOJA NEO771 I2X BG ST;C2;P2;BG;30.0;872.0;C2;872;30.0;;;;SIM;1.0;23/04/2026;ABR;Renato de Castro;Evelyn Ataide;Luziano Alves;VALIDADO;
LPCO;GO;101.0;11.0;SOJA;11740P2914;NEO771 I2X;—;PA154000523;SEM SOJA NEO771 I2X BG ST;C2;P2;BG;30.0;878.0;C2;878;30.0;;;;SIM;1.0;23/04/2026;ABR;Renato de Castro;Evelyn Ataide;Luziano Alves;VALIDADO;
LPCO;GO;101.0;11.0;SOJA;11740P2915;NEO771 I2X;—;PA154000523;SEM SOJA NEO771 I2X BG ST;C2;P2;BG;30.0;885.0;C2;885;30.0;;;;SIM;1.0;23/04/2026;ABR;Renato de Castro;Evelyn Ataide;Luziano Alves;VALIDADO;
LPCO;GO;101.0;11.0;SOJA;11740P2917;NEO771 I2X;—;PA154000523;SEM SOJA NEO771 I2X BG ST;C2;P2;BG;30.0;871.0;C2;871;30.0;;;;SIM;1.0;23/04/2026;ABR;Renato de Castro;Evelyn Ataide;Luziano Alves;VALIDADO;
LPCO;GO;101.0;11.0;SOJA;11740P2919;NEO771 I2X;—;PA154000523;SEM SOJA NEO771 I2X BG ST;C2;P2;BG;30.0;879.0;C2;879;30.0;;;;SIM;1.0;23/04/2026;ABR;Renato de Castro;Evelyn Ataide;Luziano Alves;VALIDADO;
LPCO;GO;101.0;11.0;SOJA;11740P2921;NEO771 I2X;—;PA154000523;SEM SOJA NEO771 I2X BG ST;C2;P2;BG;30.0;878.0;C2;878;30.0;;;;SIM;1.0;23/04/2026;ABR;Renato de Castro;Evelyn Ataide;Luziano Alves;VALIDADO;
LPCO;GO;101.0;11.0;SOJA;11740P2922;NEO771 I2X;—;PA154000523;SEM SOJA NEO771 I2X BG ST;C2;P2;BG;30.0;870.0;C2;870;30.0;;;;SIM;1.0;23/04/2026;ABR;Renato de Castro;Evelyn Ataide;Luziano Alves;VALIDADO;
LPCO;GO;101.0;11.0;SOJA;11740P2924;NEO771 I2X;—;PA154000523;SEM SOJA NEO771 I2X BG ST;C2;P2;BG;30.0;874.0;C2;874;30.0;;;;SIM;1.0;23/04/2026;ABR;Renato de Castro;Evelyn Ataide;Luziano Alves;VALIDADO;
LPCO;GO;101.0;11.0;SOJA;11740P2926;NEO771 I2X;—;PA154000523;SEM SOJA NEO771 I2X BG ST;C2;P2;BG;30.0;866.0;C2;866;30.0;;;;SIM;1.0;23/04/2026;ABR;Renato de Castro;Evelyn Ataide;Luziano Alves;VALIDADO;
LPCO;GO;101.0;11.0;SOJA;11740P2927;NEO771 I2X;—;PA154000523;SEM SOJA NEO771 I2X BG ST;C2;P2;BG;27.0;881.0;C2;881;27.0;;;;SIM;1.0;23/04/2026;ABR;Renato de Castro;Evelyn Ataide;Luziano Alves;VALIDADO;
LPCO;GO;101.0;11.0;SOJA;11757P1801;NEO780 CE;—;PA154001107;SEM SOJA NEO780 CE BG ST;C1;P1;BG;30.0;846.0;C1;846;30.0;;;;SIM;1.0;23/04/2026;ABR;Renato de Castro;Evelyn Ataide;Luziano Alves;VALIDADO;
LPCO;GO;101.0;11.0;SOJA;11757P1803;NEO780 CE;—;PA154001107;SEM SOJA NEO780 CE BG ST;C1;P1;BG;30.0;848.0;C1;848;30.0;;;;SIM;1.0;23/04/2026;ABR;Renato de Castro;Evelyn Ataide;Luziano Alves;VALIDADO;
LPCO;GO;101.0;11.0;SOJA;11757P1805;NEO780 CE;—;PA154001107;SEM SOJA NEO780 CE BG ST;C1;P1;BG;30.0;855.0;C1;855;30.0;;;;SIM;1.0;23/04/2026;ABR;Renato de Castro;Evelyn Ataide;Luziano Alves;VALIDADO;
LPCO;GO;101.0;11.0;SOJA;11757P1807;NEO780 CE;—;PA154001107;SEM SOJA NEO780 CE BG ST;C1;P1;BG;30.0;846.0;C1;846;30.0;;;;SIM;1.0;23/04/2026;ABR;Renato de Castro;Evelyn Ataide;Luziano Alves;VALIDADO;
LPCO;GO;101.0;11.0;SOJA;11757P1808;NEO780 CE;—;PA154001107;SEM SOJA NEO780 CE BG ST;C1;P1;BG;30.0;850.0;C1;850;30.0;;;;SIM;1.0;23/04/2026;ABR;Renato de Castro;Evelyn Ataide;Luziano Alves;VALIDADO;
LPCO;GO;101.0;11.0;SOJA;11757P1810;NEO780 CE;—;PA154001107;SEM SOJA NEO780 CE BG ST;C1;P1;BG;2.0;851.0;C1;851;2.0;;;;SIM;1.0;23/04/2026;ABR;Renato de Castro;Evelyn Ataide;Luziano Alves;VALIDADO;
LPCO;GO;101.0;11.0;SOJA;11757P2802;NEO780 CE;—;PA154001107;SEM SOJA NEO780 CE BG ST;C1;P2;BG;24.0;1039.0;C1;1039;24.0;;;;SIM;1.0;23/04/2026;ABR;Renato de Castro;Evelyn Ataide;Luziano Alves;VALIDADO;
LPCO;GO;101.0;11.0;SOJA;11757P2804;NEO780 CE;—;PA154001107;SEM SOJA NEO780 CE BG ST;C1;P2;BG;24.0;1032.0;C1;1032;24.0;;;;SIM;1.0;23/04/2026;ABR;Renato de Castro;Evelyn Ataide;Luziano Alves;VALIDADO;
LPCO;GO;101.0;11.0;SOJA;11757P2806;NEO780 CE;—;PA154001107;SEM SOJA NEO780 CE BG ST;C1;P2;BG;24.0;1032.0;C1;1032;24.0;;;;SIM;1.0;23/04/2026;ABR;Renato de Castro;Evelyn Ataide;Luziano Alves;VALIDADO;
LPCO;GO;101.0;11.0;SOJA;11757P2809;NEO780 CE;—;PA154001107;SEM SOJA NEO780 CE BG ST;C1;P2;BG;17.0;1029.0;C1;1029;17.0;;;;SIM;1.0;23/04/2026;ABR;Renato de Castro;Evelyn Ataide;Luziano Alves;VALIDADO;
LPCO;GO;101.0;11.0;SOJA;11741P1301;NEO801 CE;—;PA154000551;SEM SOJA NEO801 CE BG ST;C2;P1;BG;30.0;815.0;C2;815;30.0;;;;SIM;1.0;23/04/2026;ABR;Renato de Castro;Evelyn Ataide;Luziano Alves;VALIDADO;
LPCO;GO;101.0;11.0;SOJA;11741P1304;NEO801 CE;—;PA154000551;SEM SOJA NEO801 CE BG ST;C2;P1;BG;30.0;823.0;C2;823;30.0;;;;SIM;1.0;23/04/2026;ABR;Renato de Castro;Evelyn Ataide;Luziano Alves;VALIDADO;
LPCO;GO;101.0;11.0;SOJA;11741P1306;NEO801 CE;—;PA154000551;SEM SOJA NEO801 CE BG ST;C2;P1;BG;19.0;832.0;C2;832;19.0;;;;SIM;1.0;23/04/2026;ABR;Renato de Castro;Evelyn Ataide;Luziano Alves;VALIDADO;
LPCO;GO;101.0;11.0;SOJA;11741P1309;NEO801 CE;—;PA154000551;SEM SOJA NEO801 CE BG ST;C2;P1;BG;30.0;689.0;C2;689;30.0;;;;SIM;1.0;23/04/2026;ABR;Renato de Castro;Evelyn Ataide;Luziano Alves;VALIDADO;
LPCO;GO;101.0;11.0;SOJA;11741P1310;NEO801 CE;—;PA154000551;SEM SOJA NEO801 CE BG ST;C2;P1;BG;30.0;668.0;C2;668;30.0;;;;SIM;1.0;23/04/2026;ABR;Renato de Castro;Evelyn Ataide;Luziano Alves;VALIDADO;
LPCO;GO;101.0;11.0;SOJA;11741P1312;NEO801 CE;—;PA154000551;SEM SOJA NEO801 CE BG ST;C2;P1;BG;30.0;668.0;C2;668;30.0;;;;SIM;1.0;23/04/2026;ABR;Renato de Castro;Evelyn Ataide;Luziano Alves;VALIDADO;
LPCO;GO;101.0;11.0;SOJA;11741P1314;NEO801 CE;—;PA154000551;SEM SOJA NEO801 CE BG ST;C2;P1;BG;30.0;673.0;C2;673;30.0;;;;SIM;1.0;23/04/2026;ABR;Renato de Castro;Evelyn Ataide;Luziano Alves;VALIDADO;
LPCO;GO;101.0;11.0;SOJA;11741P1315;NEO801 CE;—;PA154000551;SEM SOJA NEO801 CE BG ST;C2;P1;BG;30.0;669.0;C2;669;30.0;;;;SIM;1.0;23/04/2026;ABR;Renato de Castro;Evelyn Ataide;Luziano Alves;VALIDADO;
LPCO;GO;101.0;11.0;SOJA;11741P1317;NEO801 CE;—;PA154000551;SEM SOJA NEO801 CE BG ST;C2;P1;BG;30.0;676.0;C2;676;30.0;;;;SIM;1.0;23/04/2026;ABR;Renato de Castro;Evelyn Ataide;Luziano Alves;VALIDADO;
LPCO;GO;101.0;11.0;SOJA;11741P1319;NEO801 CE;—;PA154000551;SEM SOJA NEO801 CE BG ST;C2;P1;BG;30.0;667.0;C2;667;30.0;;;;SIM;1.0;23/04/2026;ABR;Renato de Castro;Evelyn Ataide;Luziano Alves;VALIDADO;
LPCO;GO;101.0;11.0;SOJA;11741P1320;NEO801 CE;—;PA154000551;SEM SOJA NEO801 CE BG ST;C2;P1;BG;30.0;680.0;C2;680;30.0;;;;SIM;1.0;23/04/2026;ABR;Renato de Castro;Evelyn Ataide;Luziano Alves;VALIDADO;
LPCO;GO;101.0;11.0;SOJA;11741P1322;NEO801 CE;—;PA154000551;SEM SOJA NEO801 CE BG ST;C2;P1;BG;30.0;703.0;C2;703;30.0;;;;SIM;1.0;23/04/2026;ABR;Renato de Castro;Evelyn Ataide;Luziano Alves;VALIDADO;
LPCO;GO;101.0;11.0;SOJA;11741P1324;NEO801 CE;—;PA154000551;SEM SOJA NEO801 CE BG ST;C2;P1;BG;11.0;702.0;C2;702;11.0;;;;SIM;1.0;23/04/2026;ABR;Renato de Castro;Evelyn Ataide;Luziano Alves;VALIDADO;
LPCO;GO;101.0;11.0;SOJA;11741P2302;NEO801 CE;—;PA154000551;SEM SOJA NEO801 CE BG ST;C2;P2;BG;24.0;1003.0;C2;1003;24.0;;;;SIM;1.0;23/04/2026;ABR;Renato de Castro;Evelyn Ataide;Luziano Alves;VALIDADO;
LPCO;GO;101.0;11.0;SOJA;11741P2303;NEO801 CE;—;PA154000551;SEM SOJA NEO801 CE BG ST;C2;P2;BG;27.0;1000.0;C2;1000;27.0;;;;SIM;1.0;23/04/2026;ABR;Renato de Castro;Evelyn Ataide;Luziano Alves;VALIDADO;
LPCO;GO;101.0;11.0;SOJA;11741P2305;NEO801 CE;—;PA154000551;SEM SOJA NEO801 CE BG ST;C2;P2;BG;24.0;1019.0;C2;1019;24.0;;;;SIM;1.0;23/04/2026;ABR;Renato de Castro;Evelyn Ataide;Luziano Alves;VALIDADO;
LPCO;GO;101.0;11.0;SOJA;11741P2307;NEO801 CE;—;PA154000551;SEM SOJA NEO801 CE BG ST;C2;P2;BG;14.0;955.0;C2;955;14.0;;;;SIM;1.0;23/04/2026;ABR;Renato de Castro;Evelyn Ataide;Luziano Alves;VALIDADO;
LPCO;GO;101.0;11.0;SOJA;11741P2308;NEO801 CE;—;PA154000551;SEM SOJA NEO801 CE BG ST;C2;P2;BG;30.0;884.0;C2;884;30.0;;;;SIM;1.0;23/04/2026;ABR;Renato de Castro;Evelyn Ataide;Luziano Alves;VALIDADO;
LPCO;GO;101.0;11.0;SOJA;11741P2311;NEO801 CE;—;PA154000551;SEM SOJA NEO801 CE BG ST;C2;P2;BG;30.0;859.0;C2;859;30.0;;;;SIM;1.0;23/04/2026;ABR;Renato de Castro;Evelyn Ataide;Luziano Alves;VALIDADO;
LPCO;GO;101.0;11.0;SOJA;11741P2313;NEO801 CE;—;PA154000551;SEM SOJA NEO801 CE BG ST;C2;P2;BG;30.0;868.0;C2;868;30.0;;;;SIM;1.0;23/04/2026;ABR;Renato de Castro;Evelyn Ataide;Luziano Alves;VALIDADO;
LPCO;GO;101.0;11.0;SOJA;11741P2316;NEO801 CE;—;PA154000551;SEM SOJA NEO801 CE BG ST;C2;P2;BG;30.0;861.0;C2;861;30.0;;;;SIM;1.0;23/04/2026;ABR;Renato de Castro;Evelyn Ataide;Luziano Alves;VALIDADO;
LPCO;GO;101.0;11.0;SOJA;11741P2318;NEO801 CE;—;PA154000551;SEM SOJA NEO801 CE BG ST;C2;P2;BG;30.0;869.0;C2;869;30.0;;;;SIM;1.0;23/04/2026;ABR;Renato de Castro;Evelyn Ataide;Luziano Alves;VALIDADO;
LPCO;GO;101.0;11.0;SOJA;11741P2321;NEO801 CE;—;PA154000551;SEM SOJA NEO801 CE BG ST;C2;P2;BG;30.0;880.0;C2;880;30.0;;;;SIM;1.0;23/04/2026;ABR;Renato de Castro;Evelyn Ataide;Luziano Alves;VALIDADO;
LPCO;GO;101.0;11.0;SOJA;11741P2323;NEO801 CE;—;PA154000551;SEM SOJA NEO801 CE BG ST;C2;P2;BG;30.0;884.0;C2;884;30.0;;;;SIM;1.0;23/04/2026;ABR;Renato de Castro;Evelyn Ataide;Luziano Alves;VALIDADO;
LPCO;GO;101.0;11.0;SOJA;11741P2325;NEO801 CE;—;PA154000551;SEM SOJA NEO801 CE BG ST;C2;P2;BG;21.0;884.0;C2;884;21.0;;;;SIM;1.0;23/04/2026;ABR;Renato de Castro;Evelyn Ataide;Luziano Alves;VALIDADO;
LPCO;GO;101.0;11.0;SOJA;11759P1409;NEO811 I2X;—;PA154001121;SEM SOJA NEO811 I2X BG ST;C1;P1;BG;30.0;652.0;C1;652;30.0;;;;SIM;1.0;23/04/2026;ABR;Renato de Castro;Evelyn Ataide;Luziano Alves;VALIDADO;
LPCO;GO;101.0;11.0;SOJA;11759P1410;NEO811 I2X;—;PA154001121;SEM SOJA NEO811 I2X BG ST;C1;P1;BG;30.0;656.0;C1;656;30.0;;;;SIM;1.0;23/04/2026;ABR;Renato de Castro;Evelyn Ataide;Luziano Alves;VALIDADO;
LPCO;GO;101.0;11.0;SOJA;11759P1412;NEO811 I2X;—;PA154001121;SEM SOJA NEO811 I2X BG ST;C1;P1;BG;30.0;656.0;C1;656;30.0;;;;SIM;1.0;23/04/2026;ABR;Renato de Castro;Evelyn Ataide;Luziano Alves;VALIDADO;
LPCO;GO;101.0;11.0;SOJA;11759P1414;NEO811 I2X;—;PA154001121;SEM SOJA NEO811 I2X BG ST;C1;P1;BG;30.0;658.0;C1;658;30.0;;;;SIM;1.0;23/04/2026;ABR;Renato de Castro;Evelyn Ataide;Luziano Alves;VALIDADO;
LPCO;GO;101.0;11.0;SOJA;11759P1415;NEO811 I2X;—;PA154001121;SEM SOJA NEO811 I2X BG ST;C1;P1;BG;18.0;640.0;C1;640;18.0;;;;SIM;1.0;23/04/2026;ABR;Renato de Castro;Evelyn Ataide;Luziano Alves;VALIDADO;
LPCO;GO;101.0;11.0;SOJA;11759P2408;NEO811 I2X;—;PA154001121;SEM SOJA NEO811 I2X BG ST;C1;P2;BG;30.0;809.0;C1;809;30.0;;;;SIM;1.0;23/04/2026;ABR;Renato de Castro;Evelyn Ataide;Luziano Alves;VALIDADO;
LPCO;GO;101.0;11.0;SOJA;11759P2411;NEO811 I2X;—;PA154001121;SEM SOJA NEO811 I2X BG ST;C1;P2;BG;30.0;801.0;C1;801;30.0;;;;SIM;1.0;23/04/2026;ABR;Renato de Castro;Evelyn Ataide;Luziano Alves;VALIDADO;
LPCO;GO;101.0;11.0;SOJA;11759P2413;NEO811 I2X;—;PA154001121;SEM SOJA NEO811 I2X BG ST;C1;P2;BG;30.0;826.0;C1;826;30.0;;;;SIM;1.0;23/04/2026;ABR;Renato de Castro;Evelyn Ataide;Luziano Alves;VALIDADO;
LPCO;GO;101.0;11.0;SOJA;11759P2416;NEO811 I2X;—;PA154001121;SEM SOJA NEO811 I2X BG ST;C1;P2;BG;1.0;794.0;C1;794;1.0;;;;SIM;1.0;23/04/2026;ABR;Renato de Castro;Evelyn Ataide;Luziano Alves;VALIDADO;
LPCO;GO;101.0;11.0;SOJA;11714P1101;O790 IPRO;—;PA154000045;SEM SOJA O790 IPRO BG ST;S1;P1;BG;30.0;792.0;S1;792;30.0;;;;SIM;1.0;23/04/2026;ABR;Renato de Castro;Evelyn Ataide;Luziano Alves;VALIDADO;
LPCO;GO;101.0;11.0;SOJA;11714P1103;O790 IPRO;—;PA154000045;SEM SOJA O790 IPRO BG ST;S1;P1;BG;30.0;775.0;S1;775;30.0;;;;SIM;1.0;23/04/2026;ABR;Renato de Castro;Evelyn Ataide;Luziano Alves;VALIDADO;
LPCO;GO;101.0;11.0;SOJA;11714P1105;O790 IPRO;—;PA154000045;SEM SOJA O790 IPRO BG ST;S1;P1;BG;30.0;818.0;S1;818;30.0;;;;SIM;1.0;23/04/2026;ABR;Renato de Castro;Evelyn Ataide;Luziano Alves;VALIDADO;
LPCO;GO;101.0;11.0;SOJA;11714P1107;O790 IPRO;—;PA154000045;SEM SOJA O790 IPRO BG ST;S1;P1;BG;30.0;806.0;S1;806;30.0;;;;SIM;1.0;23/04/2026;ABR;Renato de Castro;Evelyn Ataide;Luziano Alves;VALIDADO;
LPCO;GO;101.0;11.0;SOJA;11714P1109;O790 IPRO;—;PA154000045;SEM SOJA O790 IPRO BG ST;S1;P1;BG;30.0;800.0;S1;800;30.0;;;;SIM;1.0;23/04/2026;ABR;Renato de Castro;Evelyn Ataide;Luziano Alves;VALIDADO;
LPCO;GO;101.0;11.0;SOJA;11714P1111;O790 IPRO;—;PA154000045;SEM SOJA O790 IPRO BG ST;S1;P1;BG;30.0;803.0;S1;803;30.0;;;;SIM;1.0;23/04/2026;ABR;Renato de Castro;Evelyn Ataide;Luziano Alves;VALIDADO;
LPCO;GO;101.0;11.0;SOJA;11714P1113;O790 IPRO;—;PA154000045;SEM SOJA O790 IPRO BG ST;S1;P1;BG;30.0;801.0;S1;801;30.0;;;;SIM;1.0;23/04/2026;ABR;Renato de Castro;Evelyn Ataide;Luziano Alves;VALIDADO;
LPCO;GO;101.0;11.0;SOJA;11714P1116;O790 IPRO;—;PA154000045;SEM SOJA O790 IPRO BG ST;S1;P1;BG;30.0;810.0;S1;810;30.0;;;;SIM;1.0;23/04/2026;ABR;Renato de Castro;Evelyn Ataide;Luziano Alves;VALIDADO;
LPCO;GO;101.0;11.0;SOJA;11714P1118;O790 IPRO;—;PA154000045;SEM SOJA O790 IPRO BG ST;S1;P1;BG;30.0;811.0;S1;811;30.0;;;;SIM;1.0;23/04/2026;ABR;Renato de Castro;Evelyn Ataide;Luziano Alves;VALIDADO;
LPCO;GO;101.0;11.0;SOJA;11714P1120;O790 IPRO;—;PA154000045;SEM SOJA O790 IPRO BG ST;S1;P1;BG;30.0;805.0;S1;805;30.0;;;;SIM;1.0;23/04/2026;ABR;Renato de Castro;Evelyn Ataide;Luziano Alves;VALIDADO;
LPCO;GO;101.0;11.0;SOJA;11714P1122;O790 IPRO;—;PA154000045;SEM SOJA O790 IPRO BG ST;S1;P1;BG;30.0;791.0;S1;791;30.0;;;;SIM;1.0;23/04/2026;ABR;Renato de Castro;Evelyn Ataide;Luziano Alves;VALIDADO;
LPCO;GO;101.0;11.0;SOJA;11714P1124;O790 IPRO;—;PA154000045;SEM SOJA O790 IPRO BG ST;S1;P1;BG;30.0;791.0;S1;791;30.0;;;;SIM;1.0;23/04/2026;ABR;Renato de Castro;Evelyn Ataide;Luziano Alves;VALIDADO;
LPCO;GO;101.0;11.0;SOJA;11714P1126;O790 IPRO;—;PA154000045;SEM SOJA O790 IPRO BG ST;S1;P1;BG;30.0;814.0;S1;814;30.0;;;;SIM;1.0;23/04/2026;ABR;Renato de Castro;Evelyn Ataide;Luziano Alves;VALIDADO;
LPCO;GO;101.0;11.0;SOJA;11714P1129;O790 IPRO;—;PA154000045;SEM SOJA O790 IPRO BG ST;S1;P1;BG;30.0;799.0;S1;799;30.0;;;;SIM;1.0;23/04/2026;ABR;Renato de Castro;Evelyn Ataide;Luziano Alves;VALIDADO;
LPCO;GO;101.0;11.0;SOJA;11714P1130;O790 IPRO;—;PA154000045;SEM SOJA O790 IPRO BG ST;S1;P1;BG;20.0;792.0;S1;792;20.0;;;;SIM;1.0;23/04/2026;ABR;Renato de Castro;Evelyn Ataide;Luziano Alves;VALIDADO;
LPCO;GO;101.0;11.0;SOJA;11714P2102;O790 IPRO;—;PA154000045;SEM SOJA O790 IPRO BG ST;S1;P2;BG;24.0;1028.0;S1;1028;24.0;;;;SIM;1.0;23/04/2026;ABR;Renato de Castro;Evelyn Ataide;Luziano Alves;VALIDADO;
LPCO;GO;101.0;11.0;SOJA;11714P2104;O790 IPRO;—;PA154000045;SEM SOJA O790 IPRO BG ST;S1;P2;BG;24.0;1029.0;S1;1029;24.0;;;;SIM;1.0;23/04/2026;ABR;Renato de Castro;Evelyn Ataide;Luziano Alves;VALIDADO;
LPCO;GO;101.0;11.0;SOJA;11714P2106;O790 IPRO;—;PA154000045;SEM SOJA O790 IPRO BG ST;S1;P2;BG;24.0;1033.0;S1;1033;24.0;;;;SIM;1.0;23/04/2026;ABR;Renato de Castro;Evelyn Ataide;Luziano Alves;VALIDADO;
LPCO;GO;101.0;11.0;SOJA;11714P2108;O790 IPRO;—;PA154000045;SEM SOJA O790 IPRO BG ST;S1;P2;BG;24.0;1031.0;S1;1031;24.0;;;;SIM;1.0;23/04/2026;ABR;Renato de Castro;Evelyn Ataide;Luziano Alves;VALIDADO;
LPCO;GO;101.0;11.0;SOJA;11714P2110;O790 IPRO;—;PA154000045;SEM SOJA O790 IPRO BG ST;S1;P2;BG;24.0;1030.0;S1;1030;24.0;;;;SIM;1.0;23/04/2026;ABR;Renato de Castro;Evelyn Ataide;Luziano Alves;VALIDADO;
LPCO;GO;101.0;11.0;SOJA;11714P2112;O790 IPRO;—;PA154000045;SEM SOJA O790 IPRO BG ST;S1;P2;BG;24.0;1028.0;S1;1028;24.0;;;;SIM;1.0;23/04/2026;ABR;Renato de Castro;Evelyn Ataide;Luziano Alves;VALIDADO;
LPCO;GO;101.0;11.0;SOJA;11714P2114;O790 IPRO;—;PA154000045;SEM SOJA O790 IPRO BG ST;S1;P2;BG;24.0;1022.0;S1;1022;24.0;;;;SIM;1.0;23/04/2026;ABR;Renato de Castro;Evelyn Ataide;Luziano Alves;VALIDADO;
LPCO;GO;101.0;11.0;SOJA;11714P2115;O790 IPRO;—;PA154000045;SEM SOJA O790 IPRO BG ST;S1;P2;BG;24.0;1020.0;S1;1020;24.0;;;;SIM;1.0;23/04/2026;ABR;Renato de Castro;Evelyn Ataide;Luziano Alves;VALIDADO;
LPCO;GO;101.0;11.0;SOJA;11714P2117;O790 IPRO;—;PA154000045;SEM SOJA O790 IPRO BG ST;S1;P2;BG;24.0;1038.0;S1;1038;24.0;;;;SIM;1.0;23/04/2026;ABR;Renato de Castro;Evelyn Ataide;Luziano Alves;VALIDADO;
LPCO;GO;101.0;11.0;SOJA;11714P2119;O790 IPRO;—;PA154000045;SEM SOJA O790 IPRO BG ST;S1;P2;BG;24.0;1041.0;S1;1041;24.0;;;;SIM;1.0;23/04/2026;ABR;Renato de Castro;Evelyn Ataide;Luziano Alves;VALIDADO;
LPCO;GO;101.0;11.0;SOJA;11714P2121;O790 IPRO;—;PA154000045;SEM SOJA O790 IPRO BG ST;S1;P2;BG;24.0;1053.0;S1;1053;24.0;;;;SIM;1.0;23/04/2026;ABR;Renato de Castro;Evelyn Ataide;Luziano Alves;VALIDADO;
LPCO;GO;101.0;11.0;SOJA;11714P2123;O790 IPRO;—;PA154000045;SEM SOJA O790 IPRO BG ST;S1;P2;BG;24.0;1038.0;S1;1038;24.0;;;;SIM;1.0;23/04/2026;ABR;Renato de Castro;Evelyn Ataide;Luziano Alves;VALIDADO;
LPCO;GO;101.0;11.0;SOJA;11714P2125;O790 IPRO;—;PA154000045;SEM SOJA O790 IPRO BG ST;S1;P2;BG;24.0;1015.0;S1;1015;24.0;;;;SIM;1.0;23/04/2026;ABR;Renato de Castro;Evelyn Ataide;Luziano Alves;VALIDADO;
LPCO;GO;101.0;11.0;SOJA;11714P2127;O790 IPRO;—;PA154000045;SEM SOJA O790 IPRO BG ST;S1;P2;BG;24.0;1045.0;S1;1045;24.0;;;;SIM;1.0;23/04/2026;ABR;Renato de Castro;Evelyn Ataide;Luziano Alves;VALIDADO;
LPCO;GO;101.0;11.0;SOJA;11714P2128;O790 IPRO;—;PA154000045;SEM SOJA O790 IPRO BG ST;S1;P2;BG;24.0;1015.0;S1;1015;24.0;;;;SIM;1.0;23/04/2026;ABR;Renato de Castro;Evelyn Ataide;Luziano Alves;VALIDADO;
LPCO;GO;101.0;11.0;SOJA;11714P2131;O790 IPRO;—;PA154000045;SEM SOJA O790 IPRO BG ST;S1;P2;BG;18.0;1023.0;S1;1023;18.0;;;;SIM;1.0;23/04/2026;ABR;Renato de Castro;Evelyn Ataide;Luziano Alves;VALIDADO;
LPCO;GO;101.0;11.0;SOJA;11264P1426;O820 IPRO;—;PA154001160;SOJA DEST STE O820 IPRO BG ST;S1;P1;BG;27.0;967.0;S1;967;27.0;;;;SIM;1.0;23/04/2026;ABR;Renato de Castro;Evelyn Ataide;Luziano Alves;VALIDADO;
LPCO;GO;101.0;11.0;SOJA;11264P1428;O820 IPRO;—;PA154001160;SOJA DEST STE O820 IPRO BG ST;S1;P1;BG;27.0;981.0;S1;981;27.0;;;;SIM;1.0;23/04/2026;ABR;Renato de Castro;Evelyn Ataide;Luziano Alves;VALIDADO;
LPCO;GO;101.0;11.0;SOJA;11264P1430;O820 IPRO;—;PA154001160;SOJA DEST STE O820 IPRO BG ST;S1;P1;BG;27.0;995.0;S1;995;27.0;;;;SIM;1.0;23/04/2026;ABR;Renato de Castro;Evelyn Ataide;Luziano Alves;VALIDADO;
LPCO;GO;101.0;11.0;SOJA;11264P1432;O820 IPRO;—;PA154001160;SOJA DEST STE O820 IPRO BG ST;S1;P1;BG;27.0;984.0;S1;984;27.0;;;;SIM;1.0;23/04/2026;ABR;Renato de Castro;Evelyn Ataide;Luziano Alves;VALIDADO;
LPCO;GO;101.0;11.0;SOJA;11264P1434;O820 IPRO;—;PA154001160;SOJA DEST STE O820 IPRO BG ST;S1;P1;BG;11.0;1002.0;S1;1002;11.0;;;;SIM;1.0;23/04/2026;ABR;Renato de Castro;Evelyn Ataide;Luziano Alves;VALIDADO;
LPCO;GO;101.0;11.0;SOJA;11264P2427;O820 IPRO;—;PA154001160;SOJA DEST STE O820 IPRO BG ST;S1;P2;BG;18.0;1177.0;S1;1177;18.0;;;;SIM;1.0;23/04/2026;ABR;Renato de Castro;Evelyn Ataide;Luziano Alves;VALIDADO;
LPCO;GO;101.0;11.0;SOJA;11264P2429;O820 IPRO;—;PA154001160;SOJA DEST STE O820 IPRO BG ST;S1;P2;BG;18.0;1178.0;S1;1178;18.0;;;;SIM;1.0;23/04/2026;ABR;Renato de Castro;Evelyn Ataide;Luziano Alves;VALIDADO;
LPCO;GO;101.0;11.0;SOJA;11264P2431;O820 IPRO;—;PA154001160;SOJA DEST STE O820 IPRO BG ST;S1;P2;BG;18.0;1182.0;S1;1182;18.0;;;;SIM;1.0;23/04/2026;ABR;Renato de Castro;Evelyn Ataide;Luziano Alves;VALIDADO;
LPCO;GO;101.0;11.0;SOJA;11264P2433;O820 IPRO;—;PA154001160;SOJA DEST STE O820 IPRO BG ST;S1;P2;BG;4.0;1193.0;S1;1193;4.0;;;;SIM;1.0;23/04/2026;ABR;Renato de Castro;Evelyn Ataide;Luziano Alves;VALIDADO;
UBS I;GO;101.0;10.0;SOJA;11026715P1061;761 I2X;—;;SOJA DEST STE O820 IPRO BG ST;S2;P1;BG;30.0;814.0;S2;814;30.0;;;;SIM;1.0;29/04/2026;ABR;Renato de Castro;Sergio Mench do Prado;Cláudio Mecenas;VALIDADO;
UBS I;GO;101.0;10.0;SOJA;11026715P1063;761 I2X;—;;SOJA DEST STE O820 IPRO BG ST;S2;P1;BG;30.0;824.0;S2;824;30.0;;;;SIM;1.0;29/04/2026;ABR;Renato de Castro;Sergio Mench do Prado;Cláudio Mecenas;VALIDADO;
UBS I;GO;101.0;10.0;SOJA;11026715P1067;761 I2X;—;;SOJA DEST STE O820 IPRO BG ST;S2;P1;BG;30.0;810.0;S2;810;30.0;;;;SIM;1.0;29/04/2026;ABR;Renato de Castro;Sergio Mench do Prado;Cláudio Mecenas;VALIDADO;
UBS I;GO;101.0;10.0;SOJA;11026715P1069;761 I2X;—;;SOJA DEST STE O820 IPRO BG ST;S2;P1;BG;30.0;819.0;S2;819;30.0;;;;SIM;1.0;29/04/2026;ABR;Renato de Castro;Sergio Mench do Prado;Cláudio Mecenas;VALIDADO;
UBS I;GO;101.0;10.0;SOJA;11026715P1073;761 I2X;—;;SOJA DEST STE O820 IPRO BG ST;S2;P1;BG;30.0;823.0;S2;823;30.0;;;;SIM;1.0;29/04/2026;ABR;Renato de Castro;Sergio Mench do Prado;Cláudio Mecenas;VALIDADO;
UBS I;GO;101.0;10.0;SOJA;11026715P1076;761 I2X;—;;SOJA DEST STE O820 IPRO BG ST;S2;P1;BG;30.0;804.0;S2;804;30.0;;;;SIM;1.0;29/04/2026;ABR;Renato de Castro;Sergio Mench do Prado;Cláudio Mecenas;VALIDADO;
UBS I;GO;101.0;10.0;SOJA;11026715P1079;761 I2X;—;;SOJA DEST STE O820 IPRO BG ST;S2;P1;BG;30.0;814.0;S2;814;30.0;;;;SIM;1.0;29/04/2026;ABR;Renato de Castro;Sergio Mench do Prado;Cláudio Mecenas;VALIDADO;
UBS I;GO;101.0;10.0;SOJA;11026715P1083;761 I2X;—;;SOJA DEST STE O820 IPRO BG ST;S2;P1;BG;30.0;793.0;S2;793;30.0;;;;SIM;1.0;29/04/2026;ABR;Renato de Castro;Sergio Mench do Prado;Cláudio Mecenas;VALIDADO;
UBS I;GO;101.0;10.0;SOJA;11026715P1087;761 I2X;—;;SOJA DEST STE O820 IPRO BG ST;C1;P1;BG;30.0;825.0;C1;825;30.0;;;;SIM;1.0;29/04/2026;ABR;Renato de Castro;Sergio Mench do Prado;Cláudio Mecenas;VALIDADO;
UBS I;GO;101.0;10.0;SOJA;11026715P1090;761 I2X;—;;SOJA DEST STE O820 IPRO BG ST;C1;P1;BG;12.0;804.0;C1;804;12.0;;;;SIM;1.0;29/04/2026;ABR;Renato de Castro;Sergio Mench do Prado;Cláudio Mecenas;VALIDADO;
UBS I;GO;101.0;10.0;SOJA;11026715P1153;761 I2X;—;;SOJA DEST STE O820 IPRO BG ST;C1;P1;BG;30.0;828.0;C1;828;30.0;;;;SIM;1.0;29/04/2026;ABR;Renato de Castro;Sergio Mench do Prado;Cláudio Mecenas;VALIDADO;
UBS I;GO;101.0;10.0;SOJA;11026715P1156;761 I2X;—;;SOJA DEST STE O820 IPRO BG ST;S2;P1;BG;30.0;804.0;S2;804;30.0;;;;SIM;1.0;29/04/2026;ABR;Renato de Castro;Sergio Mench do Prado;Cláudio Mecenas;VALIDADO;
UBS I;GO;101.0;10.0;SOJA;11026715P1161;761 I2X;—;;SOJA DEST STE O820 IPRO BG ST;S2;P1;BG;30.0;823.0;S2;823;30.0;;;;SIM;1.0;29/04/2026;ABR;Renato de Castro;Sergio Mench do Prado;Cláudio Mecenas;VALIDADO;
UBS I;GO;101.0;10.0;SOJA;11026715P1167;761 I2X;—;;SOJA DEST STE O820 IPRO BG ST;S2;P1;BG;20.0;817.0;S2;817;20.0;;;;SIM;1.0;29/04/2026;ABR;Renato de Castro;Sergio Mench do Prado;Cláudio Mecenas;VALIDADO;
UBS I;GO;101.0;10.0;SOJA;11026715P2060;761 I2X;—;;SOJA DEST STE O820 IPRO BG ST;S2;P2;BG;24.0;1033.0;S2;1033;24.0;;;;SIM;1.0;29/04/2026;ABR;Renato de Castro;Sergio Mench do Prado;Cláudio Mecenas;VALIDADO;
UBS I;GO;101.0;10.0;SOJA;11026715P2062;761 I2X;—;;SOJA DEST STE O820 IPRO BG ST;S2;P2;BG;24.0;1014.0;S2;1014;24.0;;;;SIM;1.0;29/04/2026;ABR;Renato de Castro;Sergio Mench do Prado;Cláudio Mecenas;VALIDADO;
UBS I;GO;101.0;10.0;SOJA;11026715P2064;761 I2X;—;;SOJA DEST STE O820 IPRO BG ST;S2;P2;BG;24.0;1015.0;S2;1015;24.0;;;;SIM;1.0;29/04/2026;ABR;Renato de Castro;Sergio Mench do Prado;Cláudio Mecenas;VALIDADO;
UBS I;GO;101.0;10.0;SOJA;11026715P2065;761 I2X;—;;SOJA DEST STE O820 IPRO BG ST;S2;P2;BG;27.0;1000.0;S2;1000;27.0;;;;SIM;1.0;29/04/2026;ABR;Renato de Castro;Sergio Mench do Prado;Cláudio Mecenas;VALIDADO;
UBS I;GO;101.0;10.0;SOJA;11026715P2066;761 I2X;—;;SOJA DEST STE O820 IPRO BG ST;S2;P2;BG;27.0;992.0;S2;992;27.0;;;;SIM;1.0;29/04/2026;ABR;Renato de Castro;Sergio Mench do Prado;Cláudio Mecenas;VALIDADO;
UBS I;GO;101.0;10.0;SOJA;11026715P2068;761 I2X;—;;SOJA DEST STE O820 IPRO BG ST;S2;P2;BG;24.0;1018.0;S2;1018;24.0;;;;SIM;1.0;29/04/2026;ABR;Renato de Castro;Sergio Mench do Prado;Cláudio Mecenas;VALIDADO;
UBS I;GO;101.0;10.0;SOJA;11026715P2070;761 I2X;—;;SOJA DEST STE O820 IPRO BG ST;S2;P2;BG;24.0;1016.0;S2;1016;24.0;;;;SIM;1.0;29/04/2026;ABR;Renato de Castro;Sergio Mench do Prado;Cláudio Mecenas;VALIDADO;
UBS I;GO;101.0;10.0;SOJA;11026715P2071;761 I2X;—;;SOJA DEST STE O820 IPRO BG ST;S2;P2;BG;27.0;1002.0;S2;1002;27.0;;;;SIM;1.0;29/04/2026;ABR;Renato de Castro;Sergio Mench do Prado;Cláudio Mecenas;VALIDADO;
UBS I;GO;101.0;10.0;SOJA;11026715P2072;761 I2X;—;;SOJA DEST STE O820 IPRO BG ST;S2;P2;BG;24.0;1028.0;S2;1028;24.0;;;;SIM;1.0;29/04/2026;ABR;Renato de Castro;Sergio Mench do Prado;Cláudio Mecenas;VALIDADO;
UBS I;GO;101.0;10.0;SOJA;11026715P2074;761 I2X;—;;SOJA DEST STE O820 IPRO BG ST;S2;P2;BG;27.0;998.0;S2;998;27.0;;;;SIM;1.0;29/04/2026;ABR;Renato de Castro;Sergio Mench do Prado;Cláudio Mecenas;VALIDADO;
UBS I;GO;101.0;10.0;SOJA;11026715P2075;761 I2X;—;;SOJA DEST STE O820 IPRO BG ST;S2;P2;BG;27.0;993.0;S2;993;27.0;;;;SIM;1.0;29/04/2026;ABR;Renato de Castro;Sergio Mench do Prado;Cláudio Mecenas;VALIDADO;
UBS I;GO;101.0;10.0;SOJA;11026715P2077;761 I2X;—;;SOJA DEST STE O820 IPRO BG ST;S2;P2;BG;27.0;999.0;S2;999;27.0;;;;SIM;1.0;29/04/2026;ABR;Renato de Castro;Sergio Mench do Prado;Cláudio Mecenas;VALIDADO;
UBS I;GO;101.0;10.0;SOJA;11026715P2078;761 I2X;—;;SOJA DEST STE O820 IPRO BG ST;S2;P2;BG;24.0;1023.0;S2;1023;24.0;;;;SIM;1.0;29/04/2026;ABR;Renato de Castro;Sergio Mench do Prado;Cláudio Mecenas;VALIDADO;
UBS I;GO;101.0;10.0;SOJA;11026715P2080;761 I2X;—;;SOJA DEST STE O820 IPRO BG ST;S2;P2;BG;24.0;1021.0;S2;1021;24.0;;;;SIM;1.0;29/04/2026;ABR;Renato de Castro;Sergio Mench do Prado;Cláudio Mecenas;VALIDADO;
UBS I;GO;101.0;10.0;SOJA;11026715P2081;761 I2X;—;;SOJA DEST STE O820 IPRO BG ST;S2;P2;BG;27.0;977.0;S2;977;27.0;;;;SIM;1.0;29/04/2026;ABR;Renato de Castro;Sergio Mench do Prado;Cláudio Mecenas;VALIDADO;
UBS I;GO;101.0;10.0;SOJA;11026715P2082;761 I2X;—;;SOJA DEST STE O820 IPRO BG ST;S2;P2;BG;27.0;981.0;S2;981;27.0;;;;SIM;1.0;29/04/2026;ABR;Renato de Castro;Sergio Mench do Prado;Cláudio Mecenas;VALIDADO;
UBS I;GO;101.0;10.0;SOJA;11026715P2084;761 I2X;—;;SOJA DEST STE O820 IPRO BG ST;S2;P2;BG;27.0;996.0;S2;996;27.0;;;;SIM;1.0;29/04/2026;ABR;Renato de Castro;Sergio Mench do Prado;Cláudio Mecenas;VALIDADO;
UBS I;GO;101.0;10.0;SOJA;11026715P2085;761 I2X;—;;SOJA DEST STE O820 IPRO BG ST;S2;P2;BG;27.0;995.0;S2;995;27.0;;;;SIM;1.0;29/04/2026;ABR;Renato de Castro;Sergio Mench do Prado;Cláudio Mecenas;VALIDADO;
UBS I;GO;101.0;10.0;SOJA;11026715P2086;761 I2X;—;;SOJA DEST STE O820 IPRO BG ST;C1;P2;BG;24.0;1037.0;C1;1037;24.0;;;;SIM;1.0;29/04/2026;ABR;Renato de Castro;Sergio Mench do Prado;Cláudio Mecenas;VALIDADO;
UBS I;GO;101.0;10.0;SOJA;11026715P2088;761 I2X;—;;SOJA DEST STE O820 IPRO BG ST;C1;P2;BG;24.0;1024.0;C1;1024;24.0;;;;SIM;1.0;29/04/2026;ABR;Renato de Castro;Sergio Mench do Prado;Cláudio Mecenas;VALIDADO;
UBS I;GO;101.0;10.0;SOJA;11026715P2089;761 I2X;—;;SOJA DEST STE O820 IPRO BG ST;C1;P2;BG;24.0;1009.0;C1;1009;24.0;;;;SIM;1.0;29/04/2026;ABR;Renato de Castro;Sergio Mench do Prado;Cláudio Mecenas;VALIDADO;
UBS I;GO;101.0;10.0;SOJA;11026715P2091;761 I2X;—;;SOJA DEST STE O820 IPRO BG ST;C1;P2;BG;12.0;1006.0;C1;1006;12.0;;;;SIM;1.0;29/04/2026;ABR;Renato de Castro;Sergio Mench do Prado;Cláudio Mecenas;VALIDADO;
UBS I;GO;101.0;10.0;SOJA;11026715P2151;761 I2X;—;;SOJA DEST STE O820 IPRO BG ST;C1;P2;BG;24.0;1045.0;C1;1045;24.0;;;;SIM;1.0;29/04/2026;ABR;Renato de Castro;Sergio Mench do Prado;Cláudio Mecenas;VALIDADO;
UBS I;GO;101.0;10.0;SOJA;11026715P2152;761 I2X;—;;SOJA DEST STE O820 IPRO BG ST;C1;P2;BG;24.0;1075.0;C1;1075;24.0;;;;SIM;1.0;29/04/2026;ABR;Renato de Castro;Sergio Mench do Prado;Cláudio Mecenas;VALIDADO;
UBS I;GO;101.0;10.0;SOJA;11026715P2154;761 I2X;—;;SOJA DEST STE O820 IPRO BG ST;S2;P2;BG;24.0;1061.0;S2;1061;24.0;;;;SIM;1.0;29/04/2026;ABR;Renato de Castro;Sergio Mench do Prado;Cláudio Mecenas;VALIDADO;
UBS I;GO;101.0;10.0;SOJA;11026715P2155;761 I2X;—;;SOJA DEST STE O820 IPRO BG ST;S2;P2;BG;27.0;995.0;S2;995;27.0;;;;SIM;1.0;29/04/2026;ABR;Renato de Castro;Sergio Mench do Prado;Cláudio Mecenas;VALIDADO;
UBS I;GO;101.0;10.0;SOJA;11026715P2157;761 I2X;—;;SOJA DEST STE O820 IPRO BG ST;S2;P2;BG;24.0;1049.0;S2;1049;24.0;;;;SIM;1.0;29/04/2026;ABR;Renato de Castro;Sergio Mench do Prado;Cláudio Mecenas;VALIDADO;
UBS I;GO;101.0;10.0;SOJA;11026715P2158;761 I2X;—;;SOJA DEST STE O820 IPRO BG ST;S2;P2;BG;24.0;1050.0;S2;1050;24.0;;;;SIM;1.0;29/04/2026;ABR;Renato de Castro;Sergio Mench do Prado;Cláudio Mecenas;VALIDADO;
UBS I;GO;101.0;10.0;SOJA;11026715P2159;761 I2X;—;;SOJA DEST STE O820 IPRO BG ST;S2;P2;BG;24.0;1062.0;S2;1062;24.0;;;;SIM;1.0;29/04/2026;ABR;Renato de Castro;Sergio Mench do Prado;Cláudio Mecenas;VALIDADO;
UBS I;GO;101.0;10.0;SOJA;11026715P2160;761 I2X;—;;SOJA DEST STE O820 IPRO BG ST;S2;P2;BG;24.0;1032.0;S2;1032;24.0;;;;SIM;1.0;29/04/2026;ABR;Renato de Castro;Sergio Mench do Prado;Cláudio Mecenas;VALIDADO;
UBS I;GO;101.0;10.0;SOJA;11026715P2162;761 I2X;—;;SOJA DEST STE O820 IPRO BG ST;S2;P2;BG;24.0;1048.0;S2;1048;24.0;;;;SIM;1.0;29/04/2026;ABR;Renato de Castro;Sergio Mench do Prado;Cláudio Mecenas;VALIDADO;
UBS I;GO;101.0;10.0;SOJA;11026715P2163;761 I2X;—;;SOJA DEST STE O820 IPRO BG ST;S2;P2;BG;24.0;1064.0;S2;1064;24.0;;;;SIM;1.0;29/04/2026;ABR;Renato de Castro;Sergio Mench do Prado;Cláudio Mecenas;VALIDADO;
UBS I;GO;101.0;10.0;SOJA;11026715P2164;761 I2X;—;;SOJA DEST STE O820 IPRO BG ST;S2;P2;BG;24.0;1078.0;S2;1078;24.0;;;;SIM;1.0;29/04/2026;ABR;Renato de Castro;Sergio Mench do Prado;Cláudio Mecenas;VALIDADO;
UBS I;GO;101.0;10.0;SOJA;11026715P2165;761 I2X;—;;SOJA DEST STE O820 IPRO BG ST;S2;P2;BG;24.0;1073.0;S2;1073;24.0;;;;SIM;1.0;29/04/2026;ABR;Renato de Castro;Sergio Mench do Prado;Cláudio Mecenas;VALIDADO;
UBS I;GO;101.0;10.0;SOJA;11026715P2166;761 I2X;—;;SOJA DEST STE O820 IPRO BG ST;S2;P2;BG;24.0;1065.0;S2;1065;24.0;;;;SIM;1.0;29/04/2026;ABR;Renato de Castro;Sergio Mench do Prado;Cláudio Mecenas;VALIDADO;
UBS I;GO;101.0;10.0;SOJA;11026715P2168;761 I2X;—;;SOJA DEST STE O820 IPRO BG ST;S2;P2;BG;23.0;1077.0;S2;1077;23.0;;;;SIM;1.0;29/04/2026;ABR;Renato de Castro;Sergio Mench do Prado;Cláudio Mecenas;VALIDADO;
UBS I;GO;101.0;10.0;SOJA;11026760P1214;BSA74483I2X;—;;SOJA DEST STE O820 IPRO BG ST;C1;P1;BG;30.0;695.0;C1;695;30.0;;;;SIM;1.0;29/04/2026;ABR;Renato de Castro;Sergio Mench do Prado;Cláudio Mecenas;VALIDADO;
UBS I;GO;101.0;10.0;SOJA;11026760P1217;BSA74483I2X;—;;SOJA DEST STE O820 IPRO BG ST;C1;P1;BG;30.0;651.0;C1;651;30.0;;;;SIM;1.0;29/04/2026;ABR;Renato de Castro;Sergio Mench do Prado;Cláudio Mecenas;VALIDADO;
UBS I;GO;101.0;10.0;SOJA;11026760P1218;BSA74483I2X;—;;SOJA DEST STE O820 IPRO BG ST;C1;P1;BG;30.0;646.0;C1;646;30.0;;;;SIM;1.0;29/04/2026;ABR;Renato de Castro;Sergio Mench do Prado;Cláudio Mecenas;VALIDADO;
UBS I;GO;101.0;10.0;SOJA;11026760P1221;BSA74483I2X;—;;SOJA DEST STE O820 IPRO BG ST;C1;P1;BG;30.0;648.0;C1;648;30.0;;;;SIM;1.0;29/04/2026;ABR;Renato de Castro;Sergio Mench do Prado;Cláudio Mecenas;VALIDADO;
UBS I;GO;101.0;10.0;SOJA;11026760P1223;BSA74483I2X;—;;SOJA DEST STE O820 IPRO BG ST;C1;P1;BG;30.0;643.0;C1;643;30.0;;;;SIM;1.0;29/04/2026;ABR;Renato de Castro;Sergio Mench do Prado;Cláudio Mecenas;VALIDADO;
UBS I;GO;101.0;10.0;SOJA;11026760P1226;BSA74483I2X;—;;SOJA DEST STE O820 IPRO BG ST;C1;P1;BG;30.0;644.0;C1;644;30.0;;;;SIM;1.0;29/04/2026;ABR;Renato de Castro;Sergio Mench do Prado;Cláudio Mecenas;VALIDADO;
UBS I;GO;101.0;10.0;SOJA;11026760P1228;BSA74483I2X;—;;SOJA DEST STE O820 IPRO BG ST;C1;P1;BG;30.0;638.0;C1;638;30.0;;;;SIM;1.0;29/04/2026;ABR;Renato de Castro;Sergio Mench do Prado;Cláudio Mecenas;VALIDADO;
UBS I;GO;101.0;10.0;SOJA;11026760P1231;BSA74483I2X;—;;SOJA DEST STE O820 IPRO BG ST;C1;P1;BG;30.0;636.0;C1;636;30.0;;;;SIM;1.0;29/04/2026;ABR;Renato de Castro;Sergio Mench do Prado;Cláudio Mecenas;VALIDADO;
UBS I;GO;101.0;10.0;SOJA;11026760P2215;BSA74483I2X;—;;SOJA DEST STE O820 IPRO BG ST;C1;P2;BG;30.0;819.0;C1;819;30.0;;;;SIM;1.0;29/04/2026;ABR;Renato de Castro;Sergio Mench do Prado;Cláudio Mecenas;VALIDADO;
UBS I;GO;101.0;10.0;SOJA;11026760P2216;BSA74483I2X;—;;SOJA DEST STE O820 IPRO BG ST;C1;P2;BG;30.0;802.0;C1;802;30.0;;;;SIM;1.0;29/04/2026;ABR;Renato de Castro;Sergio Mench do Prado;Cláudio Mecenas;VALIDADO;
UBS I;GO;101.0;10.0;SOJA;11026760P2219;BSA74483I2X;—;;SOJA DEST STE O820 IPRO BG ST;C1;P2;BG;30.0;815.0;C1;815;30.0;;;;SIM;1.0;29/04/2026;ABR;Renato de Castro;Sergio Mench do Prado;Cláudio Mecenas;VALIDADO;
UBS I;GO;101.0;10.0;SOJA;11026760P2220;BSA74483I2X;—;;SOJA DEST STE O820 IPRO BG ST;C1;P2;BG;30.0;796.0;C1;796;30.0;;;;SIM;1.0;29/04/2026;ABR;Renato de Castro;Sergio Mench do Prado;Cláudio Mecenas;VALIDADO;
UBS I;GO;101.0;10.0;SOJA;11026760P2222;BSA74483I2X;—;;SOJA DEST STE O820 IPRO BG ST;C1;P2;BG;30.0;794.0;C1;794;30.0;;;;SIM;1.0;29/04/2026;ABR;Renato de Castro;Sergio Mench do Prado;Cláudio Mecenas;VALIDADO;
UBS I;GO;101.0;10.0;SOJA;11026760P2224;BSA74483I2X;—;;SOJA DEST STE O820 IPRO BG ST;C1;P2;BG;30.0;793.0;C1;793;30.0;;;;SIM;1.0;29/04/2026;ABR;Renato de Castro;Sergio Mench do Prado;Cláudio Mecenas;VALIDADO;
UBS I;GO;101.0;10.0;SOJA;11026760P2225;BSA74483I2X;—;;SOJA DEST STE O820 IPRO BG ST;C1;P2;BG;30.0;791.0;C1;791;30.0;;;;SIM;1.0;29/04/2026;ABR;Renato de Castro;Sergio Mench do Prado;Cláudio Mecenas;VALIDADO;
UBS I;GO;101.0;10.0;SOJA;11026760P2227;BSA74483I2X;—;;SOJA DEST STE O820 IPRO BG ST;C1;P2;BG;30.0;804.0;C1;804;30.0;;;;SIM;1.0;29/04/2026;ABR;Renato de Castro;Sergio Mench do Prado;Cláudio Mecenas;VALIDADO;
UBS I;GO;101.0;10.0;SOJA;11026760P2229;BSA74483I2X;—;;SOJA DEST STE O820 IPRO BG ST;C1;P2;BG;30.0;787.0;C1;787;30.0;;;;SIM;1.0;29/04/2026;ABR;Renato de Castro;Sergio Mench do Prado;Cláudio Mecenas;VALIDADO;
UBS I;GO;101.0;10.0;SOJA;11026760P2230;BSA74483I2X;—;;SOJA DEST STE O820 IPRO BG ST;C1;P2;BG;30.0;792.0;C1;792;30.0;;;;SIM;1.0;29/04/2026;ABR;Renato de Castro;Sergio Mench do Prado;Cláudio Mecenas;VALIDADO;
UBS I;GO;101.0;10.0;SOJA;11026760P2232;BSA74483I2X;—;;SOJA DEST STE O820 IPRO BG ST;C1;P2;BG;17.0;808.0;C1;808;17.0;;;;SIM;1.0;29/04/2026;ABR;Renato de Castro;Sergio Mench do Prado;Cláudio Mecenas;VALIDADO;
UBS I;GO;101.0;10.0;SOJA;11026756P1233;C2810CE;—;;SOJA DEST STE O820 IPRO BG ST;C1;P1;BG;30.0;730.0;C1;730;30.0;;;;SIM;1.0;29/04/2026;ABR;Renato de Castro;Sergio Mench do Prado;Cláudio Mecenas;VALIDADO;
UBS I;GO;101.0;10.0;SOJA;11026756P1235;C2810CE;—;;SOJA DEST STE O820 IPRO BG ST;C1;P1;BG;30.0;734.0;C1;734;30.0;;;;SIM;1.0;29/04/2026;ABR;Renato de Castro;Sergio Mench do Prado;Cláudio Mecenas;VALIDADO;
UBS I;GO;101.0;10.0;SOJA;11026756P2234;C2810CE;—;;SOJA DEST STE O820 IPRO BG ST;C1;P2;BG;30.0;871.0;C1;871;30.0;;;;SIM;1.0;29/04/2026;ABR;Renato de Castro;Sergio Mench do Prado;Cláudio Mecenas;VALIDADO;
UBS I;GO;101.0;10.0;SOJA;11026756P2236;C2810CE;—;;SOJA DEST STE O820 IPRO BG ST;C1;P2;BG;12.0;852.0;C1;852;12.0;;;;SIM;1.0;29/04/2026;ABR;Renato de Castro;Sergio Mench do Prado;Cláudio Mecenas;VALIDADO;
UBS I;GO;101.0;10.0;MILHO;242504306;CRV2874 PRO4;—;;SOJA DEST STE O820 IPRO BG ST;S1;;SC;1.0;;S1;;1.0;;;;SIM;1.0;29/04/2026;ABR;Renato de Castro;Sergio Mench do Prado;Cláudio Mecenas;VALIDADO;
UBS I;GO;101.0;10.0;MILHO;CRV2I04002;CRV2874 PRO4;—;;SOJA DEST STE O820 IPRO BG ST;S1;R3L;SC;61.0;;S1;;61.0;;;;SIM;1.0;29/04/2026;ABR;Renato de Castro;Sergio Mench do Prado;Cláudio Mecenas;VALIDADO;
UBS I;GO;101.0;10.0;MILHO;CRV2I04016;CRV2874 PRO4;—;;SOJA DEST STE O820 IPRO BG ST;S1;C3C;SC;8.0;;S1;;8.0;;;;SIM;1.0;29/04/2026;ABR;Renato de Castro;Sergio Mench do Prado;Cláudio Mecenas;VALIDADO;
UBS I;GO;101.0;10.0;MILHO;CRV2I04018;CRV2874 PRO4;—;;SOJA DEST STE O820 IPRO BG ST;S1;R4C;SC;16.0;;S1;;16.0;;;;SIM;1.0;29/04/2026;ABR;Renato de Castro;Sergio Mench do Prado;Cláudio Mecenas;VALIDADO;
UBS I;GO;101.0;10.0;MILHO;CRV2I04020;CRV2874 PRO4;—;;SOJA DEST STE O820 IPRO BG ST;S1;C4C;SC;36.0;;S1;;36.0;;;;SIM;1.0;29/04/2026;ABR;Renato de Castro;Sergio Mench do Prado;Cláudio Mecenas;VALIDADO;
UBS I;GO;101.0;10.0;MILHO;CRV2I04021;CRV2874 PRO4;—;;SOJA DEST STE O820 IPRO BG ST;S1;R5C;SC;11.0;;S1;;11.0;;;;SIM;1.0;29/04/2026;ABR;Renato de Castro;Sergio Mench do Prado;Cláudio Mecenas;VALIDADO;
UBS I;GO;101.0;10.0;MILHO;CRV2I04022;CRV2874 PRO4;—;;SOJA DEST STE O820 IPRO BG ST;S1;C5L;SC;23.0;;S1;;23.0;;;;SIM;1.0;29/04/2026;ABR;Renato de Castro;Sergio Mench do Prado;Cláudio Mecenas;VALIDADO;
UBS I;GO;101.0;10.0;MILHO;CRV2I04025;CRV2874 PRO4;—;;SOJA DEST STE O820 IPRO BG ST;S1;C5C;SC;3.0;;S1;;3.0;;;;SIM;1.0;29/04/2026;ABR;Renato de Castro;Sergio Mench do Prado;Cláudio Mecenas;VALIDADO;
UBS I;GO;101.0;10.0;MILHO;CRV2I05007;CRV2874 PRO4;—;;SOJA DEST STE O820 IPRO BG ST;S1;R4C;SC;87.0;;S1;;87.0;;;;SIM;1.0;29/04/2026;ABR;Renato de Castro;Sergio Mench do Prado;Cláudio Mecenas;VALIDADO;
UBS I;GO;101.0;10.0;MILHO;CRV2I05010;CRV2874 PRO4;—;;SOJA DEST STE O820 IPRO BG ST;S1;;SC;305.0;;S1;;305.0;;;;SIM;1.0;29/04/2026;ABR;Renato de Castro;Sergio Mench do Prado;Cláudio Mecenas;VALIDADO;
UBS I;GO;101.0;10.0;MILHO;CRV2I05012;CRV2874 PRO4;—;;SOJA DEST STE O820 IPRO BG ST;S1;C5L;SC;204.0;;S1;;204.0;;;;SIM;1.0;29/04/2026;ABR;Renato de Castro;Sergio Mench do Prado;Cláudio Mecenas;VALIDADO;
UBS I;GO;101.0;10.0;MILHO;CRV2I05014;CRV2874 PRO4;—;;SOJA DEST STE O820 IPRO BG ST;S1;C3L;SC;12.0;;S1;;12.0;;;;SIM;1.0;29/04/2026;ABR;Renato de Castro;Sergio Mench do Prado;Cláudio Mecenas;VALIDADO;
UBS I;GO;101.0;10.0;MILHO;CRV2I05016;CRV2874 PRO4;—;;SOJA DEST STE O820 IPRO BG ST;S1;C4L;SC;162.0;;S1;;162.0;;;;SIM;1.0;29/04/2026;ABR;Renato de Castro;Sergio Mench do Prado;Cláudio Mecenas;VALIDADO;
UBS I;GO;101.0;10.0;MILHO;CRV2I410TC;CRV2874 PRO4;—;;SOJA DEST STE O820 IPRO BG ST;S1;R5L;SC;1.0;;S1;;1.0;;;;SIM;1.0;29/04/2026;ABR;Renato de Castro;Sergio Mench do Prado;Cláudio Mecenas;VALIDADO;
UBS I;GO;101.0;10.0;SOJA;11026739P1001;NEO700 I2X;—;;SOJA DEST STE O820 IPRO BG ST;C2;P1;BG;27.0;923.0;C2;923;27.0;;;;SIM;1.0;29/04/2026;ABR;Renato de Castro;Sergio Mench do Prado;Cláudio Mecenas;VALIDADO;
UBS I;GO;101.0;10.0;SOJA;11026739P1003;NEO700 I2X;—;;SOJA DEST STE O820 IPRO BG ST;C2;P1;BG;30.0;868.0;C2;868;30.0;;;;SIM;1.0;29/04/2026;ABR;Renato de Castro;Sergio Mench do Prado;Cláudio Mecenas;VALIDADO;
UBS I;GO;101.0;10.0;SOJA;11026739P1004;NEO700 I2X;—;;SOJA DEST STE O820 IPRO BG ST;C2;P1;BG;30.0;782.0;C2;782;30.0;;;;SIM;1.0;29/04/2026;ABR;Renato de Castro;Sergio Mench do Prado;Cláudio Mecenas;VALIDADO;
UBS I;GO;101.0;10.0;SOJA;11026739P1006;NEO700 I2X;—;;SOJA DEST STE O820 IPRO BG ST;C2;P1;BG;30.0;795.0;C2;795;30.0;;;;SIM;1.0;29/04/2026;ABR;Renato de Castro;Sergio Mench do Prado;Cláudio Mecenas;VALIDADO;
UBS I;GO;101.0;10.0;SOJA;11026739P1007;NEO700 I2X;—;;SOJA DEST STE O820 IPRO BG ST;C2;P1;BG;30.0;790.0;C2;790;30.0;;;;SIM;1.0;29/04/2026;ABR;Renato de Castro;Sergio Mench do Prado;Cláudio Mecenas;VALIDADO;
UBS I;GO;101.0;10.0;SOJA;11026739P1009;NEO700 I2X;—;;SOJA DEST STE O820 IPRO BG ST;C2;P1;BG;30.0;791.0;C2;791;30.0;;;;SIM;1.0;29/04/2026;ABR;Renato de Castro;Sergio Mench do Prado;Cláudio Mecenas;VALIDADO;
UBS I;GO;101.0;10.0;SOJA;11026739P1010;NEO700 I2X;—;;SOJA DEST STE O820 IPRO BG ST;C2;P1;BG;30.0;790.0;C2;790;30.0;;;;SIM;1.0;29/04/2026;ABR;Renato de Castro;Sergio Mench do Prado;Cláudio Mecenas;VALIDADO;
UBS I;GO;101.0;10.0;SOJA;11026739P1012;NEO700 I2X;—;;SOJA DEST STE O820 IPRO BG ST;C2;P1;BG;30.0;775.0;C2;775;30.0;;;;SIM;1.0;29/04/2026;ABR;Renato de Castro;Sergio Mench do Prado;Cláudio Mecenas;VALIDADO;
UBS I;GO;101.0;10.0;SOJA;11026739P1014;NEO700 I2X;—;;SOJA DEST STE O820 IPRO BG ST;C2;P1;BG;30.0;800.0;C2;800;30.0;;;;SIM;1.0;29/04/2026;ABR;Renato de Castro;Sergio Mench do Prado;Cláudio Mecenas;VALIDADO;
UBS I;GO;101.0;10.0;SOJA;11026739P1015;NEO700 I2X;—;;SOJA DEST STE O820 IPRO BG ST;C2;P1;BG;30.0;787.0;C2;787;30.0;;;;SIM;1.0;29/04/2026;ABR;Renato de Castro;Sergio Mench do Prado;Cláudio Mecenas;VALIDADO;
UBS I;GO;101.0;10.0;SOJA;11026739P1017;NEO700 I2X;—;;SOJA DEST STE O820 IPRO BG ST;C2;P1;BG;30.0;798.0;C2;798;30.0;;;;SIM;1.0;29/04/2026;ABR;Renato de Castro;Sergio Mench do Prado;Cláudio Mecenas;VALIDADO;
UBS I;GO;101.0;10.0;SOJA;11026739P1018;NEO700 I2X;—;;SOJA DEST STE O820 IPRO BG ST;C2;P1;BG;30.0;804.0;C2;804;30.0;;;;SIM;1.0;29/04/2026;ABR;Renato de Castro;Sergio Mench do Prado;Cláudio Mecenas;VALIDADO;
UBS I;GO;101.0;10.0;SOJA;11026739P1021;NEO700 I2X;—;;SOJA DEST STE O820 IPRO BG ST;C2;P1;BG;24.0;825.0;C2;825;24.0;;;;SIM;1.0;29/04/2026;ABR;Renato de Castro;Sergio Mench do Prado;Cláudio Mecenas;VALIDADO;
UBS I;GO;101.0;10.0;SOJA;11026739P1023;NEO700 I2X;—;;SOJA DEST STE O820 IPRO BG ST;C2;P1;BG;30.0;813.0;C2;813;30.0;;;;SIM;1.0;29/04/2026;ABR;Renato de Castro;Sergio Mench do Prado;Cláudio Mecenas;VALIDADO;
UBS I;GO;101.0;10.0;SOJA;11026739P1025;NEO700 I2X;—;;SOJA DEST STE O820 IPRO BG ST;C2;P1;BG;30.0;806.0;C2;806;30.0;;;;SIM;1.0;29/04/2026;ABR;Renato de Castro;Sergio Mench do Prado;Cláudio Mecenas;VALIDADO;
UBS I;GO;101.0;10.0;SOJA;11026739P1028;NEO700 I2X;—;;SOJA DEST STE O820 IPRO BG ST;C2;P1;BG;30.0;805.0;C2;805;30.0;;;;SIM;1.0;29/04/2026;ABR;Renato de Castro;Sergio Mench do Prado;Cláudio Mecenas;VALIDADO;
UBS I;GO;101.0;10.0;SOJA;11026739P1030;NEO700 I2X;—;;SOJA DEST STE O820 IPRO BG ST;C2;P1;BG;30.0;803.0;C2;803;30.0;;;;SIM;1.0;29/04/2026;ABR;Renato de Castro;Sergio Mench do Prado;Cláudio Mecenas;VALIDADO;
UBS I;GO;101.0;10.0;SOJA;11026739P1033;NEO700 I2X;—;;SOJA DEST STE O820 IPRO BG ST;C2;P1;BG;30.0;829.0;C2;829;30.0;;;;SIM;1.0;29/04/2026;ABR;Renato de Castro;Sergio Mench do Prado;Cláudio Mecenas;VALIDADO;
UBS I;GO;101.0;10.0;SOJA;11026739P1035;NEO700 I2X;—;;SOJA DEST STE O820 IPRO BG ST;C2;P1;BG;30.0;782.0;C2;782;30.0;;;;SIM;1.0;29/04/2026;ABR;Renato de Castro;Sergio Mench do Prado;Cláudio Mecenas;VALIDADO;
UBS I;GO;101.0;10.0;SOJA;11026739P1036;NEO700 I2X;—;;SOJA DEST STE O820 IPRO BG ST;C2;P1;BG;30.0;782.0;C2;782;30.0;;;;SIM;1.0;29/04/2026;ABR;Renato de Castro;Sergio Mench do Prado;Cláudio Mecenas;VALIDADO;
UBS I;GO;101.0;10.0;SOJA;11026739P1038;NEO700 I2X;—;;SOJA DEST STE O820 IPRO BG ST;C2;P1;BG;30.0;793.0;C2;793;30.0;;;;SIM;1.0;29/04/2026;ABR;Renato de Castro;Sergio Mench do Prado;Cláudio Mecenas;VALIDADO;
UBS I;GO;101.0;10.0;SOJA;11026739P1041;NEO700 I2X;—;;SOJA DEST STE O820 IPRO BG ST;C2;P1;BG;30.0;814.0;C2;814;30.0;;;;SIM;1.0;29/04/2026;ABR;Renato de Castro;Sergio Mench do Prado;Cláudio Mecenas;VALIDADO;
UBS I;GO;101.0;10.0;SOJA;11026739P1043;NEO700 I2X;—;;SOJA DEST STE O820 IPRO BG ST;C2;P1;BG;30.0;820.0;C2;820;30.0;;;;SIM;1.0;29/04/2026;ABR;Renato de Castro;Sergio Mench do Prado;Cláudio Mecenas;VALIDADO;
UBS I;GO;101.0;10.0;SOJA;11026739P2002;NEO700 I2X;—;;SOJA DEST STE O820 IPRO BG ST;C2;P2;BG;9.0;1127.0;C2;1127;9.0;;;;SIM;1.0;29/04/2026;ABR;Renato de Castro;Sergio Mench do Prado;Cláudio Mecenas;VALIDADO;
UBS I;GO;101.0;10.0;SOJA;11026739P2005;NEO700 I2X;—;;SOJA DEST STE O820 IPRO BG ST;C2;P2;BG;27.0;964.0;C2;964;27.0;;;;SIM;1.0;29/04/2026;ABR;Renato de Castro;Sergio Mench do Prado;Cláudio Mecenas;VALIDADO;
UBS I;GO;101.0;10.0;SOJA;11026739P2008;NEO700 I2X;—;;SOJA DEST STE O820 IPRO BG ST;C2;P2;BG;27.0;946.0;C2;946;27.0;;;;SIM;1.0;29/04/2026;ABR;Renato de Castro;Sergio Mench do Prado;Cláudio Mecenas;VALIDADO;
UBS I;GO;101.0;10.0;SOJA;11026739P2011;NEO700 I2X;—;;SOJA DEST STE O820 IPRO BG ST;C2;P2;BG;27.0;955.0;C2;955;27.0;;;;SIM;1.0;29/04/2026;ABR;Renato de Castro;Sergio Mench do Prado;Cláudio Mecenas;VALIDADO;
UBS I;GO;101.0;10.0;SOJA;11026739P2013;NEO700 I2X;—;;SOJA DEST STE O820 IPRO BG ST;C2;P2;BG;27.0;964.0;C2;964;27.0;;;;SIM;1.0;29/04/2026;ABR;Renato de Castro;Sergio Mench do Prado;Cláudio Mecenas;VALIDADO;
UBS I;GO;101.0;10.0;SOJA;11026739P2016;NEO700 I2X;—;;SOJA DEST STE O820 IPRO BG ST;C2;P2;BG;27.0;949.0;C2;949;27.0;;;;SIM;1.0;29/04/2026;ABR;Renato de Castro;Sergio Mench do Prado;Cláudio Mecenas;VALIDADO;
UBS I;GO;101.0;10.0;SOJA;11026739P2019;NEO700 I2X;—;;SOJA DEST STE O820 IPRO BG ST;C2;P2;BG;27.0;973.0;C2;973;27.0;;;;SIM;1.0;29/04/2026;ABR;Renato de Castro;Sergio Mench do Prado;Cláudio Mecenas;VALIDADO;
UBS I;GO;101.0;10.0;SOJA;11026739P2020;NEO700 I2X;—;;SOJA DEST STE O820 IPRO BG ST;C2;P2;BG;27.0;998.0;C2;998;27.0;;;;SIM;1.0;29/04/2026;ABR;Renato de Castro;Sergio Mench do Prado;Cláudio Mecenas;VALIDADO;
UBS I;GO;101.0;10.0;SOJA;11026739P2022;NEO700 I2X;—;;SOJA DEST STE O820 IPRO BG ST;C2;P2;BG;27.0;969.0;C2;969;27.0;;;;SIM;1.0;29/04/2026;ABR;Renato de Castro;Sergio Mench do Prado;Cláudio Mecenas;VALIDADO;
UBS I;GO;101.0;10.0;SOJA;11026739P2024;NEO700 I2X;—;;SOJA DEST STE O820 IPRO BG ST;C2;P2;BG;27.0;964.0;C2;964;27.0;;;;SIM;1.0;29/04/2026;ABR;Renato de Castro;Sergio Mench do Prado;Cláudio Mecenas;VALIDADO;
UBS I;GO;101.0;10.0;SOJA;11026739P2026;NEO700 I2X;—;;SOJA DEST STE O820 IPRO BG ST;C2;P2;BG;27.0;956.0;C2;956;27.0;;;;SIM;1.0;29/04/2026;ABR;Renato de Castro;Sergio Mench do Prado;Cláudio Mecenas;VALIDADO;
UBS I;GO;101.0;10.0;SOJA;11026739P2027;NEO700 I2X;—;;SOJA DEST STE O820 IPRO BG ST;C2;P2;BG;27.0;963.0;C2;963;27.0;;;;SIM;1.0;29/04/2026;ABR;Renato de Castro;Sergio Mench do Prado;Cláudio Mecenas;VALIDADO;
UBS I;GO;101.0;10.0;SOJA;11026739P2029;NEO700 I2X;—;;SOJA DEST STE O820 IPRO BG ST;C2;P2;BG;27.0;958.0;C2;958;27.0;;;;SIM;1.0;29/04/2026;ABR;Renato de Castro;Sergio Mench do Prado;Cláudio Mecenas;VALIDADO;
UBS I;GO;101.0;10.0;SOJA;11026739P2031;NEO700 I2X;—;;SOJA DEST STE O820 IPRO BG ST;C2;P2;BG;27.0;940.0;C2;940;27.0;;;;SIM;1.0;29/04/2026;ABR;Renato de Castro;Sergio Mench do Prado;Cláudio Mecenas;VALIDADO;
UBS I;GO;101.0;10.0;SOJA;11026739P2032;NEO700 I2X;—;;SOJA DEST STE O820 IPRO BG ST;C2;P2;BG;27.0;956.0;C2;956;27.0;;;;SIM;1.0;29/04/2026;ABR;Renato de Castro;Sergio Mench do Prado;Cláudio Mecenas;VALIDADO;
UBS I;GO;101.0;10.0;SOJA;11026739P2034;NEO700 I2X;—;;SOJA DEST STE O820 IPRO BG ST;C2;P2;BG;27.0;937.0;C2;937;27.0;;;;SIM;1.0;29/04/2026;ABR;Renato de Castro;Sergio Mench do Prado;Cláudio Mecenas;VALIDADO;
UBS I;GO;101.0;10.0;SOJA;11026739P2037;NEO700 I2X;—;;SOJA DEST STE O820 IPRO BG ST;C2;P2;BG;27.0;931.0;C2;931;27.0;;;;SIM;1.0;29/04/2026;ABR;Renato de Castro;Sergio Mench do Prado;Cláudio Mecenas;VALIDADO;
UBS I;GO;101.0;10.0;SOJA;11026739P2039;NEO700 I2X;—;;SOJA DEST STE O820 IPRO BG ST;C2;P2;BG;27.0;948.0;C2;948;27.0;;;;SIM;1.0;29/04/2026;ABR;Renato de Castro;Sergio Mench do Prado;Cláudio Mecenas;VALIDADO;
UBS I;GO;101.0;10.0;SOJA;11026739P2040;NEO700 I2X;—;;SOJA DEST STE O820 IPRO BG ST;C2;P2;BG;27.0;950.0;C2;950;27.0;;;;SIM;1.0;29/04/2026;ABR;Renato de Castro;Sergio Mench do Prado;Cláudio Mecenas;VALIDADO;
UBS I;GO;101.0;10.0;SOJA;11026739P2042;NEO700 I2X;—;;SOJA DEST STE O820 IPRO BG ST;C2;P2;BG;27.0;981.0;C2;981;27.0;;;;SIM;1.0;29/04/2026;ABR;Renato de Castro;Sergio Mench do Prado;Cláudio Mecenas;VALIDADO;
UBS I;GO;101.0;10.0;SOJA;11026739P2044;NEO700 I2X;—;;SOJA DEST STE O820 IPRO BG ST;C2;P2;BG;17.0;977.0;C2;977;17.0;;;;SIM;1.0;29/04/2026;ABR;Renato de Castro;Sergio Mench do Prado;Cláudio Mecenas;VALIDADO;
UBS I;GO;101.0;10.0;SOJA;11026740P1046;NEO771 I2X;—;;SOJA DEST STE O820 IPRO BG ST;C2;P1;BG;30.0;684.0;C2;684;30.0;;;;SIM;1.0;29/04/2026;ABR;Renato de Castro;Sergio Mench do Prado;Cláudio Mecenas;VALIDADO;
UBS I;GO;101.0;10.0;SOJA;11026740P1048;NEO771 I2X;—;;SOJA DEST STE O820 IPRO BG ST;C2;P1;BG;30.0;693.0;C2;693;30.0;;;;SIM;1.0;29/04/2026;ABR;Renato de Castro;Sergio Mench do Prado;Cláudio Mecenas;VALIDADO;
UBS I;GO;101.0;10.0;SOJA;11026740P1050;NEO771 I2X;—;;SOJA DEST STE O820 IPRO BG ST;C2;P1;BG;30.0;697.0;C2;697;30.0;;;;SIM;1.0;29/04/2026;ABR;Renato de Castro;Sergio Mench do Prado;Cláudio Mecenas;VALIDADO;
UBS I;GO;101.0;10.0;SOJA;11026740P1052;NEO771 I2X;—;;SOJA DEST STE O820 IPRO BG ST;C2;P1;BG;30.0;696.0;C2;696;30.0;;;;SIM;1.0;29/04/2026;ABR;Renato de Castro;Sergio Mench do Prado;Cláudio Mecenas;VALIDADO;
UBS I;GO;101.0;10.0;SOJA;11026740P1054;NEO771 I2X;—;;SOJA DEST STE O820 IPRO BG ST;C2;P1;BG;30.0;698.0;C2;698;30.0;;;;SIM;1.0;29/04/2026;ABR;Renato de Castro;Sergio Mench do Prado;Cláudio Mecenas;VALIDADO;
UBS I;GO;101.0;10.0;SOJA;11026740P1056;NEO771 I2X;—;;SOJA DEST STE O820 IPRO BG ST;C2;P1;BG;30.0;699.0;C2;699;30.0;;;;SIM;1.0;29/04/2026;ABR;Renato de Castro;Sergio Mench do Prado;Cláudio Mecenas;VALIDADO;
UBS I;GO;101.0;10.0;SOJA;11026740P1058;NEO771 I2X;—;;SOJA DEST STE O820 IPRO BG ST;C2;P1;BG;30.0;696.0;C2;696;30.0;;;;SIM;1.0;29/04/2026;ABR;Renato de Castro;Sergio Mench do Prado;Cláudio Mecenas;VALIDADO;
UBS I;GO;101.0;10.0;SOJA;11026740P1093;NEO771 I2X;—;;SOJA DEST STE O820 IPRO BG ST;C2;P1;BG;30.0;708.0;C2;708;30.0;;;;SIM;1.0;29/04/2026;ABR;Renato de Castro;Sergio Mench do Prado;Cláudio Mecenas;VALIDADO;
UBS I;GO;101.0;10.0;SOJA;11026740P1094;NEO771 I2X;—;;SOJA DEST STE O820 IPRO BG ST;C2;P1;BG;30.0;715.0;C2;715;30.0;;;;SIM;1.0;29/04/2026;ABR;Renato de Castro;Sergio Mench do Prado;Cláudio Mecenas;VALIDADO;
UBS I;GO;101.0;10.0;SOJA;11026740P1096;NEO771 I2X;—;;SOJA DEST STE O820 IPRO BG ST;C2;P1;BG;30.0;699.0;C2;699;30.0;;;;SIM;1.0;29/04/2026;ABR;Renato de Castro;Sergio Mench do Prado;Cláudio Mecenas;VALIDADO;
UBS I;GO;101.0;10.0;SOJA;11026740P1098;NEO771 I2X;—;;SOJA DEST STE O820 IPRO BG ST;C2;P1;BG;30.0;712.0;C2;712;30.0;;;;SIM;1.0;29/04/2026;ABR;Renato de Castro;Sergio Mench do Prado;Cláudio Mecenas;VALIDADO;
UBS I;GO;101.0;10.0;SOJA;11026740P1100;NEO771 I2X;—;;SOJA DEST STE O820 IPRO BG ST;C2;P1;BG;30.0;712.0;C2;712;30.0;;;;SIM;1.0;29/04/2026;ABR;Renato de Castro;Sergio Mench do Prado;Cláudio Mecenas;VALIDADO;
UBS I;GO;101.0;10.0;SOJA;11026740P1101;NEO771 I2X;—;;SOJA DEST STE O820 IPRO BG ST;C2;P1;BG;30.0;714.0;C2;714;30.0;;;;SIM;1.0;29/04/2026;ABR;Renato de Castro;Sergio Mench do Prado;Cláudio Mecenas;VALIDADO;
UBS I;GO;101.0;10.0;SOJA;11026740P1103;NEO771 I2X;—;;SOJA DEST STE O820 IPRO BG ST;C2;P1;BG;30.0;718.0;C2;718;30.0;;;;SIM;1.0;29/04/2026;ABR;Renato de Castro;Sergio Mench do Prado;Cláudio Mecenas;VALIDADO;
UBS I;GO;101.0;10.0;SOJA;11026740P1105;NEO771 I2X;—;;SOJA DEST STE O820 IPRO BG ST;C2;P1;BG;30.0;721.0;C2;721;30.0;;;;SIM;1.0;29/04/2026;ABR;Renato de Castro;Sergio Mench do Prado;Cláudio Mecenas;VALIDADO;
UBS I;GO;101.0;10.0;SOJA;11026740P1107;NEO771 I2X;—;;SOJA DEST STE O820 IPRO BG ST;C2;P1;BG;30.0;718.0;C2;718;30.0;;;;SIM;1.0;29/04/2026;ABR;Renato de Castro;Sergio Mench do Prado;Cláudio Mecenas;VALIDADO;
UBS I;GO;101.0;10.0;SOJA;11026740P1109;NEO771 I2X;—;;SOJA DEST STE O820 IPRO BG ST;C2;P1;BG;30.0;721.0;C2;721;30.0;;;;SIM;1.0;29/04/2026;ABR;Renato de Castro;Sergio Mench do Prado;Cláudio Mecenas;VALIDADO;
UBS I;GO;101.0;10.0;SOJA;11026740P1111;NEO771 I2X;—;;SOJA DEST STE O820 IPRO BG ST;C2;P1;BG;30.0;728.0;C2;728;30.0;;;;SIM;1.0;29/04/2026;ABR;Renato de Castro;Sergio Mench do Prado;Cláudio Mecenas;VALIDADO;
UBS I;GO;101.0;10.0;SOJA;11026740P1113;NEO771 I2X;—;;SOJA DEST STE O820 IPRO BG ST;C2;P1;BG;30.0;710.0;C2;710;30.0;;;;SIM;1.0;29/04/2026;ABR;Renato de Castro;Sergio Mench do Prado;Cláudio Mecenas;VALIDADO;
UBS I;GO;101.0;10.0;SOJA;11026740P1114;NEO771 I2X;—;;SOJA DEST STE O820 IPRO BG ST;C2;P1;BG;30.0;715.0;C2;715;30.0;;;;SIM;1.0;29/04/2026;ABR;Renato de Castro;Sergio Mench do Prado;Cláudio Mecenas;VALIDADO;
UBS I;GO;101.0;10.0;SOJA;11026740P1116;NEO771 I2X;—;;SOJA DEST STE O820 IPRO BG ST;C2;P1;BG;30.0;709.0;C2;709;30.0;;;;SIM;1.0;29/04/2026;ABR;Renato de Castro;Sergio Mench do Prado;Cláudio Mecenas;VALIDADO;
UBS I;GO;101.0;10.0;SOJA;11026740P1118;NEO771 I2X;—;;SOJA DEST STE O820 IPRO BG ST;C2;P1;BG;30.0;705.0;C2;705;30.0;;;;SIM;1.0;29/04/2026;ABR;Renato de Castro;Sergio Mench do Prado;Cláudio Mecenas;VALIDADO;
UBS I;GO;101.0;10.0;SOJA;11026740P1119;NEO771 I2X;—;;SOJA DEST STE O820 IPRO BG ST;C2;P1;BG;30.0;702.0;C2;702;30.0;;;;SIM;1.0;29/04/2026;ABR;Renato de Castro;Sergio Mench do Prado;Cláudio Mecenas;VALIDADO;
UBS I;GO;101.0;10.0;SOJA;11026740P1121;NEO771 I2X;—;;SOJA DEST STE O820 IPRO BG ST;C2;P1;BG;30.0;694.0;C2;694;30.0;;;;SIM;1.0;29/04/2026;ABR;Renato de Castro;Sergio Mench do Prado;Cláudio Mecenas;VALIDADO;
UBS I;GO;101.0;10.0;SOJA;11026740P1123;NEO771 I2X;—;;SOJA DEST STE O820 IPRO BG ST;C2;P1;BG;30.0;705.0;C2;705;30.0;;;;SIM;1.0;29/04/2026;ABR;Renato de Castro;Sergio Mench do Prado;Cláudio Mecenas;VALIDADO;
UBS I;GO;101.0;10.0;SOJA;11026740P1124;NEO771 I2X;—;;SOJA DEST STE O820 IPRO BG ST;C2;P1;BG;30.0;708.0;C2;708;30.0;;;;SIM;1.0;29/04/2026;ABR;Renato de Castro;Sergio Mench do Prado;Cláudio Mecenas;VALIDADO;
UBS I;GO;101.0;10.0;SOJA;11026740P1126;NEO771 I2X;—;;SOJA DEST STE O820 IPRO BG ST;C2;P1;BG;30.0;713.0;C2;713;30.0;;;;SIM;1.0;29/04/2026;ABR;Renato de Castro;Sergio Mench do Prado;Cláudio Mecenas;VALIDADO;
UBS I;GO;101.0;10.0;SOJA;11026740P1128;NEO771 I2X;—;;SOJA DEST STE O820 IPRO BG ST;C2;P1;BG;30.0;718.0;C2;718;30.0;;;;SIM;1.0;29/04/2026;ABR;Renato de Castro;Sergio Mench do Prado;Cláudio Mecenas;VALIDADO;
UBS I;GO;101.0;10.0;SOJA;11026740P1130;NEO771 I2X;—;;SOJA DEST STE O820 IPRO BG ST;C2;P1;BG;30.0;710.0;C2;710;30.0;;;;SIM;1.0;29/04/2026;ABR;Renato de Castro;Sergio Mench do Prado;Cláudio Mecenas;VALIDADO;
UBS I;GO;101.0;10.0;SOJA;11026740P1131;NEO771 I2X;—;;SOJA DEST STE O820 IPRO BG ST;C2;P1;BG;30.0;712.0;C2;712;30.0;;;;SIM;1.0;29/04/2026;ABR;Renato de Castro;Sergio Mench do Prado;Cláudio Mecenas;VALIDADO;
UBS I;GO;101.0;10.0;SOJA;11026740P1133;NEO771 I2X;—;;SOJA DEST STE O820 IPRO BG ST;C2;P1;BG;30.0;713.0;C2;713;30.0;;;;SIM;1.0;29/04/2026;ABR;Renato de Castro;Sergio Mench do Prado;Cláudio Mecenas;VALIDADO;
UBS I;GO;101.0;10.0;SOJA;11026740P1135;NEO771 I2X;—;;SOJA DEST STE O820 IPRO BG ST;C2;P1;BG;30.0;712.0;C2;712;30.0;;;;SIM;1.0;29/04/2026;ABR;Renato de Castro;Sergio Mench do Prado;Cláudio Mecenas;VALIDADO;
UBS I;GO;101.0;10.0;SOJA;11026740P1137;NEO771 I2X;—;;SOJA DEST STE O820 IPRO BG ST;C2;P1;BG;30.0;710.0;C2;710;30.0;;;;SIM;1.0;29/04/2026;ABR;Renato de Castro;Sergio Mench do Prado;Cláudio Mecenas;VALIDADO;
UBS I;GO;101.0;10.0;SOJA;11026740P1138;NEO771 I2X;—;;SOJA DEST STE O820 IPRO BG ST;C2;P1;BG;30.0;713.0;C2;713;30.0;;;;SIM;1.0;29/04/2026;ABR;Renato de Castro;Sergio Mench do Prado;Cláudio Mecenas;VALIDADO;
UBS I;GO;101.0;10.0;SOJA;11026740P1140;NEO771 I2X;—;;SOJA DEST STE O820 IPRO BG ST;C2;P1;BG;30.0;723.0;C2;723;30.0;;;;SIM;1.0;29/04/2026;ABR;Renato de Castro;Sergio Mench do Prado;Cláudio Mecenas;VALIDADO;
UBS I;GO;101.0;10.0;SOJA;11026740P1142;NEO771 I2X;—;;SOJA DEST STE O820 IPRO BG ST;C2;P1;BG;30.0;705.0;C2;705;30.0;;;;SIM;1.0;29/04/2026;ABR;Renato de Castro;Sergio Mench do Prado;Cláudio Mecenas;VALIDADO;
UBS I;GO;101.0;10.0;SOJA;11026740P1144;NEO771 I2X;—;;SOJA DEST STE O820 IPRO BG ST;C2;P1;BG;30.0;697.0;C2;697;30.0;;;;SIM;1.0;29/04/2026;ABR;Renato de Castro;Sergio Mench do Prado;Cláudio Mecenas;VALIDADO;
UBS I;GO;101.0;10.0;SOJA;11026740P1145;NEO771 I2X;—;;SOJA DEST STE O820 IPRO BG ST;C2;P1;BG;30.0;708.0;C2;708;30.0;;;;SIM;1.0;29/04/2026;ABR;Renato de Castro;Sergio Mench do Prado;Cláudio Mecenas;VALIDADO;
UBS I;GO;101.0;10.0;SOJA;11026740P1146;NEO771 I2X;—;;SOJA DEST STE O820 IPRO BG ST;C2;P1;BG;30.0;683.0;C2;683;30.0;;;;SIM;1.0;29/04/2026;ABR;Renato de Castro;Sergio Mench do Prado;Cláudio Mecenas;VALIDADO;
UBS I;GO;101.0;10.0;SOJA;11026740P1147;NEO771 I2X;—;;SOJA DEST STE O820 IPRO BG ST;C2;P1;BG;30.0;690.0;C2;690;30.0;;;;SIM;1.0;29/04/2026;ABR;Renato de Castro;Sergio Mench do Prado;Cláudio Mecenas;VALIDADO;
UBS I;GO;101.0;10.0;SOJA;11026740P1149;NEO771 I2X;—;;SOJA DEST STE O820 IPRO BG ST;C2;P1;BG;30.0;704.0;C2;704;30.0;;;;SIM;1.0;29/04/2026;ABR;Renato de Castro;Sergio Mench do Prado;Cláudio Mecenas;VALIDADO;
UBS I;GO;101.0;10.0;SOJA;11026740P1150;NEO771 I2X;—;;SOJA DEST STE O820 IPRO BG ST;C2;P1;BG;22.0;705.0;C2;705;22.0;;;;SIM;1.0;29/04/2026;ABR;Renato de Castro;Sergio Mench do Prado;Cláudio Mecenas;VALIDADO;
UBS I;GO;101.0;10.0;SOJA;11026740P1169;NEO771 I2X;—;;SOJA DEST STE O820 IPRO BG ST;C2;P1;BG;30.0;735.0;C2;735;30.0;;;;SIM;1.0;29/04/2026;ABR;Renato de Castro;Sergio Mench do Prado;Cláudio Mecenas;VALIDADO;
UBS I;GO;101.0;10.0;SOJA;11026740P1171;NEO771 I2X;—;;SOJA DEST STE O820 IPRO BG ST;C2;P1;BG;30.0;732.0;C2;732;30.0;;;;SIM;1.0;29/04/2026;ABR;Renato de Castro;Sergio Mench do Prado;Cláudio Mecenas;VALIDADO;
UBS I;GO;101.0;10.0;SOJA;11026740P1173;NEO771 I2X;—;;SOJA DEST STE O820 IPRO BG ST;C2;P1;BG;30.0;716.0;C2;716;30.0;;;;SIM;1.0;29/04/2026;ABR;Renato de Castro;Sergio Mench do Prado;Cláudio Mecenas;VALIDADO;
UBS I;GO;101.0;10.0;SOJA;11026740P1175;NEO771 I2X;—;;SOJA DEST STE O820 IPRO BG ST;C2;P1;BG;30.0;741.0;C2;741;30.0;;;;SIM;1.0;29/04/2026;ABR;Renato de Castro;Sergio Mench do Prado;Cláudio Mecenas;VALIDADO;
UBS I;GO;101.0;10.0;SOJA;11026740P1176;NEO771 I2X;—;;SOJA DEST STE O820 IPRO BG ST;C2;P1;BG;30.0;732.0;C2;732;30.0;;;;SIM;1.0;29/04/2026;ABR;Renato de Castro;Sergio Mench do Prado;Cláudio Mecenas;VALIDADO;
UBS I;GO;101.0;10.0;SOJA;11026740P1178;NEO771 I2X;—;;SOJA DEST STE O820 IPRO BG ST;C2;P1;BG;30.0;742.0;C2;742;30.0;;;;SIM;1.0;29/04/2026;ABR;Renato de Castro;Sergio Mench do Prado;Cláudio Mecenas;VALIDADO;
UBS I;GO;101.0;10.0;SOJA;11026740P1181;NEO771 I2X;—;;SOJA DEST STE O820 IPRO BG ST;C2;P1;BG;30.0;734.0;C2;734;30.0;;;;SIM;1.0;29/04/2026;ABR;Renato de Castro;Sergio Mench do Prado;Cláudio Mecenas;VALIDADO;
UBS I;GO;101.0;10.0;SOJA;11026740P1183;NEO771 I2X;—;;SOJA DEST STE O820 IPRO BG ST;C2;P1;BG;30.0;738.0;C2;738;30.0;;;;SIM;1.0;29/04/2026;ABR;Renato de Castro;Sergio Mench do Prado;Cláudio Mecenas;VALIDADO;
UBS I;GO;101.0;10.0;SOJA;11026740P1185;NEO771 I2X;—;;SOJA DEST STE O820 IPRO BG ST;C2;P1;BG;24.0;743.0;C2;743;24.0;;;;SIM;1.0;29/04/2026;ABR;Renato de Castro;Sergio Mench do Prado;Cláudio Mecenas;VALIDADO;
UBS I;GO;101.0;10.0;SOJA;11026740P2045;NEO771 I2X;—;;SOJA DEST STE O820 IPRO BG ST;C2;P2;BG;30.0;834.0;C2;834;30.0;;;;SIM;1.0;29/04/2026;ABR;Renato de Castro;Sergio Mench do Prado;Cláudio Mecenas;VALIDADO;
UBS I;GO;101.0;10.0;SOJA;11026740P2047;NEO771 I2X;—;;SOJA DEST STE O820 IPRO BG ST;C2;P2;BG;30.0;856.0;C2;856;30.0;;;;SIM;1.0;29/04/2026;ABR;Renato de Castro;Sergio Mench do Prado;Cláudio Mecenas;VALIDADO;
UBS I;GO;101.0;10.0;SOJA;11026740P2049;NEO771 I2X;—;;SOJA DEST STE O820 IPRO BG ST;C2;P2;BG;30.0;872.0;C2;872;30.0;;;;SIM;1.0;29/04/2026;ABR;Renato de Castro;Sergio Mench do Prado;Cláudio Mecenas;VALIDADO;
UBS I;GO;101.0;10.0;SOJA;11026740P2051;NEO771 I2X;—;;SOJA DEST STE O820 IPRO BG ST;C2;P2;BG;30.0;876.0;C2;876;30.0;;;;SIM;1.0;29/04/2026;ABR;Renato de Castro;Sergio Mench do Prado;Cláudio Mecenas;VALIDADO;
UBS I;GO;101.0;10.0;SOJA;11026740P2053;NEO771 I2X;—;;SOJA DEST STE O820 IPRO BG ST;C2;P2;BG;30.0;852.0;C2;852;30.0;;;;SIM;1.0;29/04/2026;ABR;Renato de Castro;Sergio Mench do Prado;Cláudio Mecenas;VALIDADO;
UBS I;GO;101.0;10.0;SOJA;11026740P2055;NEO771 I2X;—;;SOJA DEST STE O820 IPRO BG ST;C2;P2;BG;30.0;854.0;C2;854;30.0;;;;SIM;1.0;29/04/2026;ABR;Renato de Castro;Sergio Mench do Prado;Cláudio Mecenas;VALIDADO;
UBS I;GO;101.0;10.0;SOJA;11026740P2057;NEO771 I2X;—;;SOJA DEST STE O820 IPRO BG ST;C2;P2;BG;30.0;883.0;C2;883;30.0;;;;SIM;1.0;29/04/2026;ABR;Renato de Castro;Sergio Mench do Prado;Cláudio Mecenas;VALIDADO;
UBS I;GO;101.0;10.0;SOJA;11026740P2059;NEO771 I2X;—;;SOJA DEST STE O820 IPRO BG ST;C2;P2;BG;30.0;868.0;C2;868;30.0;;;;SIM;1.0;29/04/2026;ABR;Renato de Castro;Sergio Mench do Prado;Cláudio Mecenas;VALIDADO;
UBS I;GO;101.0;10.0;SOJA;11026740P2092;NEO771 I2X;—;;SOJA DEST STE O820 IPRO BG ST;C2;P2;BG;30.0;881.0;C2;881;30.0;;;;SIM;1.0;29/04/2026;ABR;Renato de Castro;Sergio Mench do Prado;Cláudio Mecenas;VALIDADO;
UBS I;GO;101.0;10.0;SOJA;11026740P2095;NEO771 I2X;—;;SOJA DEST STE O820 IPRO BG ST;C2;P2;BG;30.0;862.0;C2;862;30.0;;;;SIM;1.0;29/04/2026;ABR;Renato de Castro;Sergio Mench do Prado;Cláudio Mecenas;VALIDADO;
UBS I;GO;101.0;10.0;SOJA;11026740P2097;NEO771 I2X;—;;SOJA DEST STE O820 IPRO BG ST;C2;P2;BG;30.0;896.0;C2;896;30.0;;;;SIM;1.0;29/04/2026;ABR;Renato de Castro;Sergio Mench do Prado;Cláudio Mecenas;VALIDADO;
UBS I;GO;101.0;10.0;SOJA;11026740P2099;NEO771 I2X;—;;SOJA DEST STE O820 IPRO BG ST;C2;P2;BG;30.0;904.0;C2;904;30.0;;;;SIM;1.0;29/04/2026;ABR;Renato de Castro;Sergio Mench do Prado;Cláudio Mecenas;VALIDADO;
UBS I;GO;101.0;10.0;SOJA;11026740P2102;NEO771 I2X;—;;SOJA DEST STE O820 IPRO BG ST;C2;P2;BG;30.0;882.0;C2;882;30.0;;;;SIM;1.0;29/04/2026;ABR;Renato de Castro;Sergio Mench do Prado;Cláudio Mecenas;VALIDADO;
UBS I;GO;101.0;10.0;SOJA;11026740P2104;NEO771 I2X;—;;SOJA DEST STE O820 IPRO BG ST;C2;P2;BG;30.0;882.0;C2;882;30.0;;;;SIM;1.0;29/04/2026;ABR;Renato de Castro;Sergio Mench do Prado;Cláudio Mecenas;VALIDADO;
UBS I;GO;101.0;10.0;SOJA;11026740P2106;NEO771 I2X;—;;SOJA DEST STE O820 IPRO BG ST;C2;P2;BG;30.0;904.0;C2;904;30.0;;;;SIM;1.0;29/04/2026;ABR;Renato de Castro;Sergio Mench do Prado;Cláudio Mecenas;VALIDADO;
UBS I;GO;101.0;10.0;SOJA;11026740P2108;NEO771 I2X;—;;SOJA DEST STE O820 IPRO BG ST;C2;P2;BG;30.0;897.0;C2;897;30.0;;;;SIM;1.0;29/04/2026;ABR;Renato de Castro;Sergio Mench do Prado;Cláudio Mecenas;VALIDADO;
UBS I;GO;101.0;10.0;SOJA;11026740P2110;NEO771 I2X;—;;SOJA DEST STE O820 IPRO BG ST;C2;P2;BG;30.0;876.0;C2;876;30.0;;;;SIM;1.0;29/04/2026;ABR;Renato de Castro;Sergio Mench do Prado;Cláudio Mecenas;VALIDADO;
UBS I;GO;101.0;10.0;SOJA;11026740P2112;NEO771 I2X;—;;SOJA DEST STE O820 IPRO BG ST;C2;P2;BG;30.0;866.0;C2;866;30.0;;;;SIM;1.0;29/04/2026;ABR;Renato de Castro;Sergio Mench do Prado;Cláudio Mecenas;VALIDADO;
UBS I;GO;101.0;10.0;SOJA;11026740P2115;NEO771 I2X;—;;SOJA DEST STE O820 IPRO BG ST;C2;P2;BG;30.0;876.0;C2;876;30.0;;;;SIM;1.0;29/04/2026;ABR;Renato de Castro;Sergio Mench do Prado;Cláudio Mecenas;VALIDADO;
UBS I;GO;101.0;10.0;SOJA;11026740P2117;NEO771 I2X;—;;SOJA DEST STE O820 IPRO BG ST;C2;P2;BG;30.0;884.0;C2;884;30.0;;;;SIM;1.0;29/04/2026;ABR;Renato de Castro;Sergio Mench do Prado;Cláudio Mecenas;VALIDADO;
UBS I;GO;101.0;10.0;SOJA;11026740P2120;NEO771 I2X;—;;SOJA DEST STE O820 IPRO BG ST;C2;P2;BG;30.0;832.0;C2;832;30.0;;;;SIM;1.0;29/04/2026;ABR;Renato de Castro;Sergio Mench do Prado;Cláudio Mecenas;VALIDADO;
UBS I;GO;101.0;10.0;SOJA;11026740P2122;NEO771 I2X;—;;SOJA DEST STE O820 IPRO BG ST;C2;P2;BG;30.0;848.0;C2;848;30.0;;;;SIM;1.0;29/04/2026;ABR;Renato de Castro;Sergio Mench do Prado;Cláudio Mecenas;VALIDADO;
UBS I;GO;101.0;10.0;SOJA;11026740P2125;NEO771 I2X;—;;SOJA DEST STE O820 IPRO BG ST;C2;P2;BG;30.0;877.0;C2;877;30.0;;;;SIM;1.0;29/04/2026;ABR;Renato de Castro;Sergio Mench do Prado;Cláudio Mecenas;VALIDADO;
UBS I;GO;101.0;10.0;SOJA;11026740P2127;NEO771 I2X;—;;SOJA DEST STE O820 IPRO BG ST;C2;P2;BG;30.0;892.0;C2;892;30.0;;;;SIM;1.0;29/04/2026;ABR;Renato de Castro;Sergio Mench do Prado;Cláudio Mecenas;VALIDADO;
UBS I;GO;101.0;10.0;SOJA;11026740P2129;NEO771 I2X;—;;SOJA DEST STE O820 IPRO BG ST;C2;P2;BG;30.0;883.0;C2;883;30.0;;;;SIM;1.0;29/04/2026;ABR;Renato de Castro;Sergio Mench do Prado;Cláudio Mecenas;VALIDADO;
UBS I;GO;101.0;10.0;SOJA;11026740P2132;NEO771 I2X;—;;SOJA DEST STE O820 IPRO BG ST;C2;P2;BG;30.0;883.0;C2;883;30.0;;;;SIM;1.0;29/04/2026;ABR;Renato de Castro;Sergio Mench do Prado;Cláudio Mecenas;VALIDADO;
UBS I;GO;101.0;10.0;SOJA;11026740P2134;NEO771 I2X;—;;SOJA DEST STE O820 IPRO BG ST;C2;P2;BG;30.0;867.0;C2;867;30.0;;;;SIM;1.0;29/04/2026;ABR;Renato de Castro;Sergio Mench do Prado;Cláudio Mecenas;VALIDADO;
UBS I;GO;101.0;10.0;SOJA;11026740P2136;NEO771 I2X;—;;SOJA DEST STE O820 IPRO BG ST;C2;P2;BG;30.0;852.0;C2;852;30.0;;;;SIM;1.0;29/04/2026;ABR;Renato de Castro;Sergio Mench do Prado;Cláudio Mecenas;VALIDADO;
UBS I;GO;101.0;10.0;SOJA;11026740P2139;NEO771 I2X;—;;SOJA DEST STE O820 IPRO BG ST;C2;P2;BG;30.0;879.0;C2;879;30.0;;;;SIM;1.0;29/04/2026;ABR;Renato de Castro;Sergio Mench do Prado;Cláudio Mecenas;VALIDADO;
UBS I;GO;101.0;10.0;SOJA;11026740P2141;NEO771 I2X;—;;SOJA DEST STE O820 IPRO BG ST;C2;P2;BG;30.0;861.0;C2;861;30.0;;;;SIM;1.0;29/04/2026;ABR;Renato de Castro;Sergio Mench do Prado;Cláudio Mecenas;VALIDADO;
UBS I;GO;101.0;10.0;SOJA;11026740P2143;NEO771 I2X;—;;SOJA DEST STE O820 IPRO BG ST;C2;P2;BG;30.0;853.0;C2;853;30.0;;;;SIM;1.0;29/04/2026;ABR;Renato de Castro;Sergio Mench do Prado;Cláudio Mecenas;VALIDADO;
UBS I;GO;101.0;10.0;SOJA;11026740P2148;NEO771 I2X;—;;SOJA DEST STE O820 IPRO BG ST;C2;P2;BG;26.0;820.0;C2;820;26.0;;;;SIM;1.0;29/04/2026;ABR;Renato de Castro;Sergio Mench do Prado;Cláudio Mecenas;VALIDADO;
UBS I;GO;101.0;10.0;SOJA;11026740P2170;NEO771 I2X;—;;SOJA DEST STE O820 IPRO BG ST;C2;P2;BG;30.0;878.0;C2;878;30.0;;;;SIM;1.0;29/04/2026;ABR;Renato de Castro;Sergio Mench do Prado;Cláudio Mecenas;VALIDADO;
UBS I;GO;101.0;10.0;SOJA;11026740P2172;NEO771 I2X;—;;SOJA DEST STE O820 IPRO BG ST;C2;P2;BG;30.0;859.0;C2;859;30.0;;;;SIM;1.0;29/04/2026;ABR;Renato de Castro;Sergio Mench do Prado;Cláudio Mecenas;VALIDADO;
UBS I;GO;101.0;10.0;SOJA;11026740P2174;NEO771 I2X;—;;SOJA DEST STE O820 IPRO BG ST;C2;P2;BG;30.0;879.0;C2;879;30.0;;;;SIM;1.0;29/04/2026;ABR;Renato de Castro;Sergio Mench do Prado;Cláudio Mecenas;VALIDADO;
UBS I;GO;101.0;10.0;SOJA;11026740P2177;NEO771 I2X;—;;SOJA DEST STE O820 IPRO BG ST;C2;P2;BG;30.0;872.0;C2;872;30.0;;;;SIM;1.0;29/04/2026;ABR;Renato de Castro;Sergio Mench do Prado;Cláudio Mecenas;VALIDADO;
UBS I;GO;101.0;10.0;SOJA;11026740P2179;NEO771 I2X;—;;SOJA DEST STE O820 IPRO BG ST;C2;P2;BG;30.0;876.0;C2;876;30.0;;;;SIM;1.0;29/04/2026;ABR;Renato de Castro;Sergio Mench do Prado;Cláudio Mecenas;VALIDADO;
UBS I;GO;101.0;10.0;SOJA;11026740P2180;NEO771 I2X;—;;SOJA DEST STE O820 IPRO BG ST;C2;P2;BG;30.0;872.0;C2;872;30.0;;;;SIM;1.0;29/04/2026;ABR;Renato de Castro;Sergio Mench do Prado;Cláudio Mecenas;VALIDADO;
UBS I;GO;101.0;10.0;SOJA;11026740P2182;NEO771 I2X;—;;SOJA DEST STE O820 IPRO BG ST;C2;P2;BG;30.0;871.0;C2;871;30.0;;;;SIM;1.0;29/04/2026;ABR;Renato de Castro;Sergio Mench do Prado;Cláudio Mecenas;VALIDADO;
UBS I;GO;101.0;10.0;SOJA;11026740P2184;NEO771 I2X;—;;SOJA DEST STE O820 IPRO BG ST;C2;P2;BG;23.0;870.0;C2;870;23.0;;;;SIM;1.0;29/04/2026;ABR;Renato de Castro;Sergio Mench do Prado;Cláudio Mecenas;VALIDADO;
UBS I;GO;101.0;10.0;SOJA;11026757P1282;NEO780 CE;—;;SOJA DEST STE O820 IPRO BG ST;C1;P1;BG;30.0;729.0;C1;729;30.0;;;;SIM;1.0;29/04/2026;ABR;Renato de Castro;Sergio Mench do Prado;Cláudio Mecenas;VALIDADO;
UBS I;GO;101.0;10.0;SOJA;11026757P1285;NEO780 CE;—;;SOJA DEST STE O820 IPRO BG ST;C1;P1;BG;30.0;760.0;C1;760;30.0;;;;SIM;1.0;29/04/2026;ABR;Renato de Castro;Sergio Mench do Prado;Cláudio Mecenas;VALIDADO;
UBS I;GO;101.0;10.0;SOJA;11026757P1286;NEO780 CE;—;;SOJA DEST STE O820 IPRO BG ST;C1;P1;BG;30.0;740.0;C1;740;30.0;;;;SIM;1.0;29/04/2026;ABR;Renato de Castro;Sergio Mench do Prado;Cláudio Mecenas;VALIDADO;
UBS I;GO;101.0;10.0;SOJA;11026757P1288;NEO780 CE;—;;SOJA DEST STE O820 IPRO BG ST;C1;P1;BG;6.0;733.0;C1;733;6.0;;;;SIM;1.0;29/04/2026;ABR;Renato de Castro;Sergio Mench do Prado;Cláudio Mecenas;VALIDADO;
UBS I;GO;101.0;10.0;SOJA;11026757P2283;NEO780 CE;—;;SOJA DEST STE O820 IPRO BG ST;C1;P2;BG;30.0;929.0;C1;929;30.0;;;;SIM;1.0;29/04/2026;ABR;Renato de Castro;Sergio Mench do Prado;Cláudio Mecenas;VALIDADO;
UBS I;GO;101.0;10.0;SOJA;11026757P2284;NEO780 CE;—;;SOJA DEST STE O820 IPRO BG ST;C1;P2;BG;30.0;913.0;C1;913;30.0;;;;SIM;1.0;29/04/2026;ABR;Renato de Castro;Sergio Mench do Prado;Cláudio Mecenas;VALIDADO;
UBS I;GO;101.0;10.0;SOJA;11026757P2287;NEO780 CE;—;;SOJA DEST STE O820 IPRO BG ST;C1;P2;BG;30.0;900.0;C1;900;30.0;;;;SIM;1.0;29/04/2026;ABR;Renato de Castro;Sergio Mench do Prado;Cláudio Mecenas;VALIDADO;
UBS I;GO;101.0;10.0;SOJA;11026764P1290;NEO791 CE;—;;SOJA DEST STE O820 IPRO BG ST;C1;P1;BG;30.0;583.0;C1;583;30.0;;;;SIM;1.0;29/04/2026;ABR;Renato de Castro;Sergio Mench do Prado;Cláudio Mecenas;VALIDADO;
UBS I;GO;101.0;10.0;SOJA;11026764P1294;NEO791 CE;—;;SOJA DEST STE O820 IPRO BG ST;C1;P1;BG;30.0;544.0;C1;544;30.0;;;;SIM;1.0;29/04/2026;ABR;Renato de Castro;Sergio Mench do Prado;Cláudio Mecenas;VALIDADO;
UBS I;GO;101.0;10.0;SOJA;11026764P1299;NEO791 CE;—;;SOJA DEST STE O820 IPRO BG ST;C1;P1;BG;9.0;553.0;C1;553;9.0;;;;SIM;1.0;29/04/2026;ABR;Renato de Castro;Sergio Mench do Prado;Cláudio Mecenas;VALIDADO;
UBS I;GO;101.0;10.0;SOJA;11026764P2289;NEO791 CE;—;;SOJA DEST STE O820 IPRO BG ST;C1;P2;BG;30.0;712.0;C1;712;30.0;;;;SIM;1.0;29/04/2026;ABR;Renato de Castro;Sergio Mench do Prado;Cláudio Mecenas;VALIDADO;
UBS I;GO;101.0;10.0;SOJA;11026764P2291;NEO791 CE;—;;SOJA DEST STE O820 IPRO BG ST;C1;P2;BG;30.0;720.0;C1;720;30.0;;;;SIM;1.0;29/04/2026;ABR;Renato de Castro;Sergio Mench do Prado;Cláudio Mecenas;VALIDADO;
UBS I;GO;101.0;10.0;SOJA;11026764P2292;NEO791 CE;—;;SOJA DEST STE O820 IPRO BG ST;C1;P2;BG;30.0;770.0;C1;770;30.0;;;;SIM;1.0;29/04/2026;ABR;Renato de Castro;Sergio Mench do Prado;Cláudio Mecenas;VALIDADO;
UBS I;GO;101.0;10.0;SOJA;11026764P2293;NEO791 CE;—;;SOJA DEST STE O820 IPRO BG ST;C1;P2;BG;30.0;718.0;C1;718;30.0;;;;SIM;1.0;29/04/2026;ABR;Renato de Castro;Sergio Mench do Prado;Cláudio Mecenas;VALIDADO;
UBS I;GO;101.0;10.0;SOJA;11026764P2295;NEO791 CE;—;;SOJA DEST STE O820 IPRO BG ST;C1;P2;BG;30.0;720.0;C1;720;30.0;;;;SIM;1.0;29/04/2026;ABR;Renato de Castro;Sergio Mench do Prado;Cláudio Mecenas;VALIDADO;
UBS I;GO;101.0;10.0;SOJA;11026764P2296;NEO791 CE;—;;SOJA DEST STE O820 IPRO BG ST;C1;P2;BG;30.0;717.0;C1;717;30.0;;;;SIM;1.0;29/04/2026;ABR;Renato de Castro;Sergio Mench do Prado;Cláudio Mecenas;VALIDADO;
UBS I;GO;101.0;10.0;SOJA;11026764P2297;NEO791 CE;—;;SOJA DEST STE O820 IPRO BG ST;C1;P2;BG;30.0;725.0;C1;725;30.0;;;;SIM;1.0;29/04/2026;ABR;Renato de Castro;Sergio Mench do Prado;Cláudio Mecenas;VALIDADO;
UBS I;GO;101.0;10.0;SOJA;11026764P2298;NEO791 CE;—;;SOJA DEST STE O820 IPRO BG ST;C1;P2;BG;18.0;723.0;C1;723;18.0;;;;SIM;1.0;29/04/2026;ABR;Renato de Castro;Sergio Mench do Prado;Cláudio Mecenas;VALIDADO;
UBS I;GO;101.0;10.0;SOJA;11026714P1187;O790 IPRO;—;;SOJA DEST STE O820 IPRO BG ST;S1;P1;BG;30.0;765.0;S1;765;30.0;;;;SIM;1.0;29/04/2026;ABR;Renato de Castro;Sergio Mench do Prado;Cláudio Mecenas;VALIDADO;
UBS I;GO;101.0;10.0;SOJA;11026714P1188;O790 IPRO;—;;SOJA DEST STE O820 IPRO BG ST;S1;P1;BG;30.0;771.0;S1;771;30.0;;;;SIM;1.0;29/04/2026;ABR;Renato de Castro;Sergio Mench do Prado;Cláudio Mecenas;VALIDADO;
UBS I;GO;101.0;10.0;SOJA;11026714P1190;O790 IPRO;—;;SOJA DEST STE O820 IPRO BG ST;S1;P1;BG;30.0;780.0;S1;780;30.0;;;;SIM;1.0;29/04/2026;ABR;Renato de Castro;Sergio Mench do Prado;Cláudio Mecenas;VALIDADO;
UBS I;GO;101.0;10.0;SOJA;11026714P1191;O790 IPRO;—;;SOJA DEST STE O820 IPRO BG ST;S1;P1;BG;10.0;767.0;S1;767;10.0;;;;SIM;1.0;29/04/2026;ABR;Renato de Castro;Sergio Mench do Prado;Cláudio Mecenas;VALIDADO;
UBS I;GO;101.0;10.0;SOJA;11026714P1194;O790 IPRO;—;;SOJA DEST STE O820 IPRO BG ST;S1;P1;BG;30.0;695.0;S1;695;30.0;;;;SIM;1.0;29/04/2026;ABR;Renato de Castro;Sergio Mench do Prado;Cláudio Mecenas;VALIDADO;
UBS I;GO;101.0;10.0;SOJA;11026714P1196;O790 IPRO;—;;SOJA DEST STE O820 IPRO BG ST;S1;P1;BG;30.0;694.0;S1;694;30.0;;;;SIM;1.0;29/04/2026;ABR;Renato de Castro;Sergio Mench do Prado;Cláudio Mecenas;VALIDADO;
UBS I;GO;101.0;10.0;SOJA;11026714P1200;O790 IPRO;—;;SOJA DEST STE O820 IPRO BG ST;S1;P1;BG;30.0;696.0;S1;696;30.0;;;;SIM;1.0;29/04/2026;ABR;Renato de Castro;Sergio Mench do Prado;Cláudio Mecenas;VALIDADO;
UBS I;GO;101.0;10.0;SOJA;11026714P1203;O790 IPRO;—;;SOJA DEST STE O820 IPRO BG ST;S1;P1;BG;30.0;711.0;S1;711;30.0;;;;SIM;1.0;29/04/2026;ABR;Renato de Castro;Sergio Mench do Prado;Cláudio Mecenas;VALIDADO;
UBS I;GO;101.0;10.0;SOJA;11026714P1238;O790 IPRO;—;;SOJA DEST STE O820 IPRO BG ST;S1;P1;BG;30.0;706.0;S1;706;30.0;;;;SIM;1.0;29/04/2026;ABR;Renato de Castro;Sergio Mench do Prado;Cláudio Mecenas;VALIDADO;
UBS I;GO;101.0;10.0;SOJA;11026714P1240;O790 IPRO;—;;SOJA DEST STE O820 IPRO BG ST;S1;P1;BG;30.0;705.0;S1;705;30.0;;;;SIM;1.0;29/04/2026;ABR;Renato de Castro;Sergio Mench do Prado;Cláudio Mecenas;VALIDADO;
UBS I;GO;101.0;10.0;SOJA;11026714P1242;O790 IPRO;—;;SOJA DEST STE O820 IPRO BG ST;S1;P1;BG;30.0;705.0;S1;705;30.0;;;;SIM;1.0;29/04/2026;ABR;Renato de Castro;Sergio Mench do Prado;Cláudio Mecenas;VALIDADO;
UBS I;GO;101.0;10.0;SOJA;11026714P1245;O790 IPRO;—;;SOJA DEST STE O820 IPRO BG ST;S1;P1;BG;30.0;711.0;S1;711;30.0;;;;SIM;1.0;29/04/2026;ABR;Renato de Castro;Sergio Mench do Prado;Cláudio Mecenas;VALIDADO;
UBS I;GO;101.0;10.0;SOJA;11026714P1248;O790 IPRO;—;;SOJA DEST STE O820 IPRO BG ST;S1;P1;BG;30.0;707.0;S1;707;30.0;;;;SIM;1.0;29/04/2026;ABR;Renato de Castro;Sergio Mench do Prado;Cláudio Mecenas;VALIDADO;
UBS I;GO;101.0;10.0;SOJA;11026714P1251;O790 IPRO;—;;SOJA DEST STE O820 IPRO BG ST;S1;P1;BG;30.0;701.0;S1;701;30.0;;;;SIM;1.0;29/04/2026;ABR;Renato de Castro;Sergio Mench do Prado;Cláudio Mecenas;VALIDADO;
UBS I;GO;101.0;10.0;SOJA;11026714P1253;O790 IPRO;—;;SOJA DEST STE O820 IPRO BG ST;S1;P1;BG;30.0;700.0;S1;700;30.0;;;;SIM;1.0;29/04/2026;ABR;Renato de Castro;Sergio Mench do Prado;Cláudio Mecenas;VALIDADO;
UBS I;GO;101.0;10.0;SOJA;11026714P1256;O790 IPRO;—;;SOJA DEST STE O820 IPRO BG ST;S1;P1;BG;30.0;708.0;S1;708;30.0;;;;SIM;1.0;29/04/2026;ABR;Renato de Castro;Sergio Mench do Prado;Cláudio Mecenas;VALIDADO;
UBS I;GO;101.0;10.0;SOJA;11026714P1259;O790 IPRO;—;;SOJA DEST STE O820 IPRO BG ST;S1;P1;BG;30.0;702.0;S1;702;30.0;;;;SIM;1.0;29/04/2026;ABR;Renato de Castro;Sergio Mench do Prado;Cláudio Mecenas;VALIDADO;
UBS I;GO;101.0;10.0;SOJA;11026714P1261;O790 IPRO;—;;SOJA DEST STE O820 IPRO BG ST;S1;P1;BG;30.0;692.0;S1;692;30.0;;;;SIM;1.0;29/04/2026;ABR;Renato de Castro;Sergio Mench do Prado;Cláudio Mecenas;VALIDADO;
UBS I;GO;101.0;10.0;SOJA;11026714P1263;O790 IPRO;—;;SOJA DEST STE O820 IPRO BG ST;S1;P1;BG;30.0;705.0;S1;705;30.0;;;;SIM;1.0;29/04/2026;ABR;Renato de Castro;Sergio Mench do Prado;Cláudio Mecenas;VALIDADO;
UBS I;GO;101.0;10.0;SOJA;11026714P1266;O790 IPRO;—;;SOJA DEST STE O820 IPRO BG ST;S1;P1;BG;29.0;710.0;S1;710;29.0;;;;SIM;1.0;29/04/2026;ABR;Renato de Castro;Sergio Mench do Prado;Cláudio Mecenas;VALIDADO;
UBS I;GO;101.0;10.0;SOJA;11026714P1301;O790 IPRO;—;;SOJA DEST STE O820 IPRO BG ST;S1;P1;BG;30.0;702.0;S1;702;30.0;;;;SIM;1.0;29/04/2026;ABR;Renato de Castro;Sergio Mench do Prado;Cláudio Mecenas;VALIDADO;
UBS I;GO;101.0;10.0;SOJA;11026714P1304;O790 IPRO;—;;SOJA DEST STE O820 IPRO BG ST;S1;P1;BG;8.0;715.0;S1;715;8.0;;;;SIM;1.0;29/04/2026;ABR;Renato de Castro;Sergio Mench do Prado;Cláudio Mecenas;VALIDADO;
UBS I;GO;101.0;10.0;SOJA;11026714P2186;O790 IPRO;—;;SOJA DEST STE O820 IPRO BG ST;S1;P2;BG;27.0;954.0;S1;954;27.0;;;;SIM;1.0;29/04/2026;ABR;Renato de Castro;Sergio Mench do Prado;Cláudio Mecenas;VALIDADO;
UBS I;GO;101.0;10.0;SOJA;11026714P2189;O790 IPRO;—;;SOJA DEST STE O820 IPRO BG ST;S1;P2;BG;27.0;972.0;S1;972;27.0;;;;SIM;1.0;29/04/2026;ABR;Renato de Castro;Sergio Mench do Prado;Cláudio Mecenas;VALIDADO;
UBS I;GO;101.0;10.0;SOJA;11026714P2192;O790 IPRO;—;;SOJA DEST STE O820 IPRO BG ST;S1;P2;BG;6.0;941.0;S1;941;6.0;;;;SIM;1.0;29/04/2026;ABR;Renato de Castro;Sergio Mench do Prado;Cláudio Mecenas;VALIDADO;
UBS I;GO;101.0;10.0;SOJA;11026714P2193;O790 IPRO;—;;SOJA DEST STE O820 IPRO BG ST;S1;P2;BG;30.0;895.0;S1;895;30.0;;;;SIM;1.0;29/04/2026;ABR;Renato de Castro;Sergio Mench do Prado;Cláudio Mecenas;VALIDADO;
UBS I;GO;101.0;10.0;SOJA;11026714P2195;O790 IPRO;—;;SOJA DEST STE O820 IPRO BG ST;S1;P2;BG;30.0;879.0;S1;879;30.0;;;;SIM;1.0;29/04/2026;ABR;Renato de Castro;Sergio Mench do Prado;Cláudio Mecenas;VALIDADO;
UBS I;GO;101.0;10.0;SOJA;11026714P2197;O790 IPRO;—;;SOJA DEST STE O820 IPRO BG ST;S1;P2;BG;30.0;882.0;S1;882;30.0;;;;SIM;1.0;29/04/2026;ABR;Renato de Castro;Sergio Mench do Prado;Cláudio Mecenas;VALIDADO;
UBS I;GO;101.0;10.0;SOJA;11026714P2198;O790 IPRO;—;;SOJA DEST STE O820 IPRO BG ST;S1;P2;BG;27.0;921.0;S1;921;27.0;;;;SIM;1.0;29/04/2026;ABR;Renato de Castro;Sergio Mench do Prado;Cláudio Mecenas;VALIDADO;
UBS I;GO;101.0;10.0;SOJA;11026714P2199;O790 IPRO;—;;SOJA DEST STE O820 IPRO BG ST;S1;P2;BG;30.0;898.0;S1;898;30.0;;;;SIM;1.0;29/04/2026;ABR;Renato de Castro;Sergio Mench do Prado;Cláudio Mecenas;VALIDADO;
UBS I;GO;101.0;10.0;SOJA;11026714P2201;O790 IPRO;—;;SOJA DEST STE O820 IPRO BG ST;S1;P2;BG;30.0;904.0;S1;904;30.0;;;;SIM;1.0;29/04/2026;ABR;Renato de Castro;Sergio Mench do Prado;Cláudio Mecenas;VALIDADO;
UBS I;GO;101.0;10.0;SOJA;11026714P2202;O790 IPRO;—;;SOJA DEST STE O820 IPRO BG ST;S1;P2;BG;30.0;909.0;S1;909;30.0;;;;SIM;1.0;29/04/2026;ABR;Renato de Castro;Sergio Mench do Prado;Cláudio Mecenas;VALIDADO;
UBS I;GO;101.0;10.0;SOJA;11026714P2237;O790 IPRO;—;;SOJA DEST STE O820 IPRO BG ST;S1;P2;BG;30.0;900.0;S1;900;30.0;;;;SIM;1.0;29/04/2026;ABR;Renato de Castro;Sergio Mench do Prado;Cláudio Mecenas;VALIDADO;
UBS I;GO;101.0;10.0;SOJA;11026714P2239;O790 IPRO;—;;SOJA DEST STE O820 IPRO BG ST;S1;P2;BG;30.0;898.0;S1;898;30.0;;;;SIM;1.0;29/04/2026;ABR;Renato de Castro;Sergio Mench do Prado;Cláudio Mecenas;VALIDADO;
UBS I;GO;101.0;10.0;SOJA;11026714P2241;O790 IPRO;—;;SOJA DEST STE O820 IPRO BG ST;S1;P2;BG;27.0;927.0;S1;927;27.0;;;;SIM;1.0;29/04/2026;ABR;Renato de Castro;Sergio Mench do Prado;Cláudio Mecenas;VALIDADO;
UBS I;GO;101.0;10.0;SOJA;11026714P2243;O790 IPRO;—;;SOJA DEST STE O820 IPRO BG ST;S1;P2;BG;30.0;904.0;S1;904;30.0;;;;SIM;1.0;29/04/2026;ABR;Renato de Castro;Sergio Mench do Prado;Cláudio Mecenas;VALIDADO;
UBS I;GO;101.0;10.0;SOJA;11026714P2244;O790 IPRO;—;;SOJA DEST STE O820 IPRO BG ST;S1;P2;BG;27.0;910.0;S1;910;27.0;;;;SIM;1.0;29/04/2026;ABR;Renato de Castro;Sergio Mench do Prado;Cláudio Mecenas;VALIDADO;
UBS I;GO;101.0;10.0;SOJA;11026714P2246;O790 IPRO;—;;SOJA DEST STE O820 IPRO BG ST;S1;P2;BG;30.0;902.0;S1;902;30.0;;;;SIM;1.0;29/04/2026;ABR;Renato de Castro;Sergio Mench do Prado;Cláudio Mecenas;VALIDADO;
UBS I;GO;101.0;10.0;SOJA;11026714P2247;O790 IPRO;—;;SOJA DEST STE O820 IPRO BG ST;S1;P2;BG;30.0;899.0;S1;899;30.0;;;;SIM;1.0;29/04/2026;ABR;Renato de Castro;Sergio Mench do Prado;Cláudio Mecenas;VALIDADO;
UBS I;GO;101.0;10.0;SOJA;11026714P2249;O790 IPRO;—;;SOJA DEST STE O820 IPRO BG ST;S1;P2;BG;27.0;917.0;S1;917;27.0;;;;SIM;1.0;29/04/2026;ABR;Renato de Castro;Sergio Mench do Prado;Cláudio Mecenas;VALIDADO;
UBS I;GO;101.0;10.0;SOJA;11026714P2250;O790 IPRO;—;;SOJA DEST STE O820 IPRO BG ST;S1;P2;BG;30.0;909.0;S1;909;30.0;;;;SIM;1.0;29/04/2026;ABR;Renato de Castro;Sergio Mench do Prado;Cláudio Mecenas;VALIDADO;
UBS I;GO;101.0;10.0;SOJA;11026714P2252;O790 IPRO;—;;SOJA DEST STE O820 IPRO BG ST;S1;P2;BG;30.0;887.0;S1;887;30.0;;;;SIM;1.0;29/04/2026;ABR;Renato de Castro;Sergio Mench do Prado;Cláudio Mecenas;VALIDADO;
UBS I;GO;101.0;10.0;SOJA;11026714P2254;O790 IPRO;—;;SOJA DEST STE O820 IPRO BG ST;S1;P2;BG;30.0;904.0;S1;904;30.0;;;;SIM;1.0;29/04/2026;ABR;Renato de Castro;Sergio Mench do Prado;Cláudio Mecenas;VALIDADO;
UBS I;GO;101.0;10.0;SOJA;11026714P2255;O790 IPRO;—;;SOJA DEST STE O820 IPRO BG ST;S1;P2;BG;27.0;920.0;S1;920;27.0;;;;SIM;1.0;29/04/2026;ABR;Renato de Castro;Sergio Mench do Prado;Cláudio Mecenas;VALIDADO;
UBS I;GO;101.0;10.0;SOJA;11026714P2257;O790 IPRO;—;;SOJA DEST STE O820 IPRO BG ST;S1;P2;BG;30.0;894.0;S1;894;30.0;;;;SIM;1.0;29/04/2026;ABR;Renato de Castro;Sergio Mench do Prado;Cláudio Mecenas;VALIDADO;
UBS I;GO;101.0;10.0;SOJA;11026714P2258;O790 IPRO;—;;SOJA DEST STE O820 IPRO BG ST;S1;P2;BG;30.0;903.0;S1;903;30.0;;;;SIM;1.0;29/04/2026;ABR;Renato de Castro;Sergio Mench do Prado;Cláudio Mecenas;VALIDADO;
UBS I;GO;101.0;10.0;SOJA;11026714P2260;O790 IPRO;—;;SOJA DEST STE O820 IPRO BG ST;S1;P2;BG;27.0;918.0;S1;918;27.0;;;;SIM;1.0;29/04/2026;ABR;Renato de Castro;Sergio Mench do Prado;Cláudio Mecenas;VALIDADO;
UBS I;GO;101.0;10.0;SOJA;11026714P2262;O790 IPRO;—;;SOJA DEST STE O820 IPRO BG ST;S1;P2;BG;30.0;884.0;S1;884;30.0;;;;SIM;1.0;29/04/2026;ABR;Renato de Castro;Sergio Mench do Prado;Cláudio Mecenas;VALIDADO;
UBS I;GO;101.0;10.0;SOJA;11026714P2264;O790 IPRO;—;;SOJA DEST STE O820 IPRO BG ST;S1;P2;BG;30.0;901.0;S1;901;30.0;;;;SIM;1.0;29/04/2026;ABR;Renato de Castro;Sergio Mench do Prado;Cláudio Mecenas;VALIDADO;
UBS I;GO;101.0;10.0;SOJA;11026714P2265;O790 IPRO;—;;SOJA DEST STE O820 IPRO BG ST;S1;P2;BG;30.0;896.0;S1;896;30.0;;;;SIM;1.0;29/04/2026;ABR;Renato de Castro;Sergio Mench do Prado;Cláudio Mecenas;VALIDADO;
UBS I;GO;101.0;10.0;SOJA;11026714P2267;O790 IPRO;—;;SOJA DEST STE O820 IPRO BG ST;S1;P2;BG;24.0;925.0;S1;925;24.0;;;;SIM;1.0;29/04/2026;ABR;Renato de Castro;Sergio Mench do Prado;Cláudio Mecenas;VALIDADO;
UBS I;GO;101.0;10.0;SOJA;11026714P2300;O790 IPRO;—;;SOJA DEST STE O820 IPRO BG ST;S1;P2;BG;30.0;906.0;S1;906;30.0;;;;SIM;1.0;29/04/2026;ABR;Renato de Castro;Sergio Mench do Prado;Cláudio Mecenas;VALIDADO;
UBS I;GO;101.0;10.0;SOJA;11026714P2302;O790 IPRO;—;;SOJA DEST STE O820 IPRO BG ST;S1;P2;BG;27.0;936.0;S1;936;27.0;;;;SIM;1.0;29/04/2026;ABR;Renato de Castro;Sergio Mench do Prado;Cláudio Mecenas;VALIDADO;
UBS I;GO;101.0;10.0;SOJA;11026714P2303;O790 IPRO;—;;SOJA DEST STE O820 IPRO BG ST;S1;P2;BG;14.0;920.0;S1;920;14.0;;;;SIM;1.0;29/04/2026;ABR;Renato de Castro;Sergio Mench do Prado;Cláudio Mecenas;VALIDADO;
UBS I;GO;101.0;10.0;SOJA;11026273P1204;O800 I2X;—;;SOJA DEST STE O820 IPRO BG ST;S1;P1;BG;30.0;697.0;S1;697;30.0;;;;SIM;1.0;29/04/2026;ABR;Renato de Castro;Sergio Mench do Prado;Cláudio Mecenas;VALIDADO;
UBS I;GO;101.0;10.0;SOJA;11026273P1206;O800 I2X;—;;SOJA DEST STE O820 IPRO BG ST;S1;P1;BG;30.0;680.0;S1;680;30.0;;;;SIM;1.0;29/04/2026;ABR;Renato de Castro;Sergio Mench do Prado;Cláudio Mecenas;VALIDADO;
UBS I;GO;101.0;10.0;SOJA;11026273P1208;O800 I2X;—;;SOJA DEST STE O820 IPRO BG ST;S1;P1;BG;30.0;677.0;S1;677;30.0;;;;SIM;1.0;29/04/2026;ABR;Renato de Castro;Sergio Mench do Prado;Cláudio Mecenas;VALIDADO;
UBS I;GO;101.0;10.0;SOJA;11026273P1209;O800 I2X;—;;SOJA DEST STE O820 IPRO BG ST;S1;P1;BG;30.0;690.0;S1;690;30.0;;;;SIM;1.0;29/04/2026;ABR;Renato de Castro;Sergio Mench do Prado;Cláudio Mecenas;VALIDADO;
UBS I;GO;101.0;10.0;SOJA;11026273P1211;O800 I2X;—;;SOJA DEST STE O820 IPRO BG ST;S1;P1;BG;30.0;674.0;S1;674;30.0;;;;SIM;1.0;29/04/2026;ABR;Renato de Castro;Sergio Mench do Prado;Cláudio Mecenas;VALIDADO;
UBS I;GO;101.0;10.0;SOJA;11026273P1212;O800 I2X;—;;SOJA DEST STE O820 IPRO BG ST;S1;P1;BG;30.0;639.0;S1;639;30.0;;;;SIM;1.0;29/04/2026;ABR;Renato de Castro;Sergio Mench do Prado;Cláudio Mecenas;VALIDADO;
UBS I;GO;101.0;10.0;SOJA;11026273P1268;O800 I2X;—;;SOJA DEST STE O820 IPRO BG ST;S1;P1;BG;30.0;629.0;S1;629;30.0;;;;SIM;1.0;29/04/2026;ABR;Renato de Castro;Sergio Mench do Prado;Cláudio Mecenas;VALIDADO;
UBS I;GO;101.0;10.0;SOJA;11026273P1270;O800 I2X;—;;SOJA DEST STE O820 IPRO BG ST;S1;P1;BG;30.0;651.0;S1;651;30.0;;;;SIM;1.0;29/04/2026;ABR;Renato de Castro;Sergio Mench do Prado;Cláudio Mecenas;VALIDADO;
UBS I;GO;101.0;10.0;SOJA;11026273P1272;O800 I2X;—;;SOJA DEST STE O820 IPRO BG ST;S1;P1;BG;30.0;628.0;S1;628;30.0;;;;SIM;1.0;29/04/2026;ABR;Renato de Castro;Sergio Mench do Prado;Cláudio Mecenas;VALIDADO;
UBS I;GO;101.0;10.0;SOJA;11026273P1274;O800 I2X;—;;SOJA DEST STE O820 IPRO BG ST;S1;P1;BG;30.0;649.0;S1;649;30.0;;;;SIM;1.0;29/04/2026;ABR;Renato de Castro;Sergio Mench do Prado;Cláudio Mecenas;VALIDADO;
UBS I;GO;101.0;10.0;SOJA;11026273P1276;O800 I2X;—;;SOJA DEST STE O820 IPRO BG ST;S1;P1;BG;30.0;664.0;S1;664;30.0;;;;SIM;1.0;29/04/2026;ABR;Renato de Castro;Sergio Mench do Prado;Cláudio Mecenas;VALIDADO;
UBS I;GO;101.0;10.0;SOJA;11026273P1278;O800 I2X;—;;SOJA DEST STE O820 IPRO BG ST;S1;P1;BG;30.0;645.0;S1;645;30.0;;;;SIM;1.0;29/04/2026;ABR;Renato de Castro;Sergio Mench do Prado;Cláudio Mecenas;VALIDADO;
UBS I;GO;101.0;10.0;SOJA;11026273P1281;O800 I2X;—;;SOJA DEST STE O820 IPRO BG ST;S1;P1;BG;30.0;652.0;S1;652;30.0;;;;SIM;1.0;29/04/2026;ABR;Renato de Castro;Sergio Mench do Prado;Cláudio Mecenas;VALIDADO;
UBS I;GO;101.0;10.0;SOJA;11026273P1306;O800 I2X;—;;SOJA DEST STE O820 IPRO BG ST;S1;P1;BG;30.0;660.0;S1;660;30.0;;;;SIM;1.0;29/04/2026;ABR;Renato de Castro;Sergio Mench do Prado;Cláudio Mecenas;VALIDADO;
UBS I;GO;101.0;10.0;SOJA;11026273P1308;O800 I2X;—;;SOJA DEST STE O820 IPRO BG ST;S1;P1;BG;30.0;645.0;S1;645;30.0;;;;SIM;1.0;29/04/2026;ABR;Renato de Castro;Sergio Mench do Prado;Cláudio Mecenas;VALIDADO;
UBS I;GO;101.0;10.0;SOJA;11026273P1311;O800 I2X;—;;SOJA DEST STE O820 IPRO BG ST;S1;P1;BG;30.0;628.0;S1;628;30.0;;;;SIM;1.0;29/04/2026;ABR;Renato de Castro;Sergio Mench do Prado;Cláudio Mecenas;VALIDADO;
UBS I;GO;101.0;10.0;SOJA;11026273P1312;O800 I2X;—;;SOJA DEST STE O820 IPRO BG ST;S1;P1;BG;30.0;635.0;S1;635;30.0;;;;SIM;1.0;29/04/2026;ABR;Renato de Castro;Sergio Mench do Prado;Cláudio Mecenas;VALIDADO;
UBS I;GO;101.0;10.0;SOJA;11026273P1315;O800 I2X;—;;SOJA DEST STE O820 IPRO BG ST;S1;P1;BG;30.0;648.0;S1;648;30.0;;;;SIM;1.0;29/04/2026;ABR;Renato de Castro;Sergio Mench do Prado;Cláudio Mecenas;VALIDADO;
UBS I;GO;101.0;10.0;SOJA;11026273P2205;O800 I2X;—;;SOJA DEST STE O820 IPRO BG ST;S1;P2;BG;30.0;854.0;S1;854;30.0;;;;SIM;1.0;29/04/2026;ABR;Renato de Castro;Sergio Mench do Prado;Cláudio Mecenas;VALIDADO;
UBS I;GO;101.0;10.0;SOJA;11026273P2207;O800 I2X;—;;SOJA DEST STE O820 IPRO BG ST;S1;P2;BG;30.0;838.0;S1;838;30.0;;;;SIM;1.0;29/04/2026;ABR;Renato de Castro;Sergio Mench do Prado;Cláudio Mecenas;VALIDADO;
UBS I;GO;101.0;10.0;SOJA;11026273P2210;O800 I2X;—;;SOJA DEST STE O820 IPRO BG ST;S1;P2;BG;30.0;822.0;S1;822;30.0;;;;SIM;1.0;29/04/2026;ABR;Renato de Castro;Sergio Mench do Prado;Cláudio Mecenas;VALIDADO;
UBS I;GO;101.0;10.0;SOJA;11026273P2213;O800 I2X;—;;SOJA DEST STE O820 IPRO BG ST;S1;P2;BG;10.0;832.0;S1;832;10.0;;;;SIM;1.0;29/04/2026;ABR;Renato de Castro;Sergio Mench do Prado;Cláudio Mecenas;VALIDADO;
UBS I;GO;101.0;10.0;SOJA;11026273P2269;O800 I2X;—;;SOJA DEST STE O820 IPRO BG ST;S1;P2;BG;30.0;814.0;S1;814;30.0;;;;SIM;1.0;29/04/2026;ABR;Renato de Castro;Sergio Mench do Prado;Cláudio Mecenas;VALIDADO;
UBS I;GO;101.0;10.0;SOJA;11026273P2271;O800 I2X;—;;SOJA DEST STE O820 IPRO BG ST;S1;P2;BG;30.0;834.0;S1;834;30.0;;;;SIM;1.0;29/04/2026;ABR;Renato de Castro;Sergio Mench do Prado;Cláudio Mecenas;VALIDADO;
UBS I;GO;101.0;10.0;SOJA;11026273P2273;O800 I2X;—;;SOJA DEST STE O820 IPRO BG ST;S1;P2;BG;30.0;828.0;S1;828;30.0;;;;SIM;1.0;29/04/2026;ABR;Renato de Castro;Sergio Mench do Prado;Cláudio Mecenas;VALIDADO;
UBS I;GO;101.0;10.0;SOJA;11026273P2275;O800 I2X;—;;SOJA DEST STE O820 IPRO BG ST;S1;P2;BG;30.0;862.0;S1;862;30.0;;;;SIM;1.0;29/04/2026;ABR;Renato de Castro;Sergio Mench do Prado;Cláudio Mecenas;VALIDADO;
UBS I;GO;101.0;10.0;SOJA;11026273P2277;O800 I2X;—;;SOJA DEST STE O820 IPRO BG ST;S1;P2;BG;30.0;852.0;S1;852;30.0;;;;SIM;1.0;29/04/2026;ABR;Renato de Castro;Sergio Mench do Prado;Cláudio Mecenas;VALIDADO;
UBS I;GO;101.0;10.0;SOJA;11026273P2279;O800 I2X;—;;SOJA DEST STE O820 IPRO BG ST;S1;P2;BG;30.0;835.0;S1;835;30.0;;;;SIM;1.0;29/04/2026;ABR;Renato de Castro;Sergio Mench do Prado;Cláudio Mecenas;VALIDADO;
UBS I;GO;101.0;10.0;SOJA;11026273P2280;O800 I2X;—;;SOJA DEST STE O820 IPRO BG ST;S1;P2;BG;30.0;826.0;S1;826;30.0;;;;SIM;1.0;29/04/2026;ABR;Renato de Castro;Sergio Mench do Prado;Cláudio Mecenas;VALIDADO;
UBS I;GO;101.0;10.0;SOJA;11026273P2305;O800 I2X;—;;SOJA DEST STE O820 IPRO BG ST;S1;P2;BG;30.0;837.0;S1;837;30.0;;;;SIM;1.0;29/04/2026;ABR;Renato de Castro;Sergio Mench do Prado;Cláudio Mecenas;VALIDADO;
UBS I;GO;101.0;10.0;SOJA;11026273P2307;O800 I2X;—;;SOJA DEST STE O820 IPRO BG ST;S1;P2;BG;30.0;833.0;S1;833;30.0;;;;SIM;1.0;29/04/2026;ABR;Renato de Castro;Sergio Mench do Prado;Cláudio Mecenas;VALIDADO;
UBS I;GO;101.0;10.0;SOJA;11026273P2309;O800 I2X;—;;SOJA DEST STE O820 IPRO BG ST;S1;P2;BG;30.0;833.0;S1;833;30.0;;;;SIM;1.0;29/04/2026;ABR;Renato de Castro;Sergio Mench do Prado;Cláudio Mecenas;VALIDADO;
UBS I;GO;101.0;10.0;SOJA;11026273P2313;O800 I2X;—;;SOJA DEST STE O820 IPRO BG ST;S1;P2;BG;30.0;827.0;S1;827;30.0;;;;SIM;1.0;29/04/2026;ABR;Renato de Castro;Sergio Mench do Prado;Cláudio Mecenas;VALIDADO;
UBS I;GO;101.0;10.0;SOJA;11026273P2314;O800 I2X;—;;SOJA DEST STE O820 IPRO BG ST;S1;P2;BG;30.0;835.0;S1;835;30.0;;;;SIM;1.0;29/04/2026;ABR;Renato de Castro;Sergio Mench do Prado;Cláudio Mecenas;VALIDADO;
UBS I;GO;101.0;10.0;SOJA;11026273P2316;O800 I2X;—;;SOJA DEST STE O820 IPRO BG ST;S1;P2;BG;30.0;828.0;S1;828;30.0;;;;SIM;1.0;29/04/2026;ABR;Renato de Castro;Sergio Mench do Prado;Cláudio Mecenas;VALIDADO;
UBS I;GO;101.0;10.0;MILHO;34Z35501PB;SS183E VIP3;—;;SOJA DEST STE O820 IPRO BG ST;S1;R4C;BG;3.0;;S1;;3.0;;;;SIM;1.0;29/04/2026;ABR;Renato de Castro;Sergio Mench do Prado;Cláudio Mecenas;VALIDADO;
UBS I;GO;101.0;10.0;MILHO;44X35501ON;SS183E VIP3;—;;SOJA DEST STE O820 IPRO BG ST;S1;C4C;BG;14.0;;S1;;14.0;;;;SIM;1.0;29/04/2026;ABR;Renato de Castro;Sergio Mench do Prado;Cláudio Mecenas;VALIDADO;
UBS I;GO;101.0;10.0;MILHO;44X35505ON;SS183E VIP3;—;;SOJA DEST STE O820 IPRO BG ST;S1;C4C;BG;14.0;;S1;;14.0;;;;SIM;1.0;29/04/2026;ABR;Renato de Castro;Sergio Mench do Prado;Cláudio Mecenas;VALIDADO;
UBS I;GO;101.0;10.0;MILHO;44X35506ON;SS183E VIP3;—;;SOJA DEST STE O820 IPRO BG ST;S1;C4C;BG;9.0;;S1;;9.0;;;;SIM;1.0;29/04/2026;ABR;Renato de Castro;Sergio Mench do Prado;Cláudio Mecenas;VALIDADO;
UBS I;GO;101.0;10.0;MILHO;44X35518ON;SS183E VIP3;—;;SOJA DEST STE O820 IPRO BG ST;S1;R4M;BG;1.0;;S1;;1.0;;;;SIM;1.0;29/04/2026;ABR;Renato de Castro;Sergio Mench do Prado;Cláudio Mecenas;VALIDADO;
UBS I;GO;101.0;10.0;MILHO;46W35006ON;SS183E VIP3;—;;SOJA DEST STE O820 IPRO BG ST;S1;C3M;BG;9.0;;S1;;9.0;;;;SIM;1.0;29/04/2026;ABR;Renato de Castro;Sergio Mench do Prado;Cláudio Mecenas;VALIDADO;
UBS I;GO;101.0;10.0;MILHO;46W35008ON;SS183E VIP3;—;;SOJA DEST STE O820 IPRO BG ST;S1;R4M;BG;10.0;;S1;;10.0;;;;SIM;1.0;29/04/2026;ABR;Renato de Castro;Sergio Mench do Prado;Cláudio Mecenas;VALIDADO;
UBS I;GO;101.0;10.0;MILHO;46W35015ON;SS183E VIP3;—;;SOJA DEST STE O820 IPRO BG ST;S1;R4C;SC;881.0;;S1;;881.0;;;;SIM;1.0;29/04/2026;ABR;Renato de Castro;Sergio Mench do Prado;Cláudio Mecenas;VALIDADO;
UBS I;GO;101.0;10.0;MILHO;46W35016ON;SS183E VIP3;—;;SOJA DEST STE O820 IPRO BG ST;S1;R4M;SC;466.0;;S1;;466.0;;;;SIM;1.0;29/04/2026;ABR;Renato de Castro;Sergio Mench do Prado;Cláudio Mecenas;VALIDADO;
UBS I;GO;101.0;10.0;MILHO;46W35022ON;SS183E VIP3;—;;SOJA DEST STE O820 IPRO BG ST;S1;R5C;SC;322.0;;S1;;322.0;;;;SIM;1.0;29/04/2026;ABR;Renato de Castro;Sergio Mench do Prado;Cláudio Mecenas;VALIDADO;
UBS I;GO;101.0;10.0;MILHO;14260067SN;SX7331 TG;—;;SOJA DEST STE O820 IPRO BG ST;S1;C4C;SC;95.0;;S1;;95.0;;;;SIM;1.0;29/04/2026;ABR;Renato de Castro;Sergio Mench do Prado;Cláudio Mecenas;VALIDADO;
UBS I;GO;101.0;10.0;MILHO;14260083SN;SX7331 TG;—;;SOJA DEST STE O820 IPRO BG ST;S1;C3C;SC;73.0;;S1;;73.0;;;;SIM;1.0;29/04/2026;ABR;Renato de Castro;Sergio Mench do Prado;Cláudio Mecenas;VALIDADO;
UBS I;GO;101.0;10.0;MILHO;14260090SN;SX7331 TG;—;;SOJA DEST STE O820 IPRO BG ST;S1;C4C;SC;125.0;;S1;;125.0;;;;SIM;1.0;29/04/2026;ABR;Renato de Castro;Sergio Mench do Prado;Cláudio Mecenas;VALIDADO;
UBS I;GO;101.0;10.0;MILHO;24260037SN;SX7331 TG;—;;SOJA DEST STE O820 IPRO BG ST;S1;C4M;SC;417.0;;S1;;417.0;;;;SIM;1.0;29/04/2026;ABR;Renato de Castro;Sergio Mench do Prado;Cláudio Mecenas;VALIDADO;
UBS I;GO;101.0;10.0;MILHO;24260038SN;SX7331 TG;—;;SOJA DEST STE O820 IPRO BG ST;S1;C4C;SC;130.0;;S1;;130.0;;;;SIM;1.0;29/04/2026;ABR;Renato de Castro;Sergio Mench do Prado;Cláudio Mecenas;VALIDADO;
UBS I;GO;101.0;10.0;MILHO;24260046SN;SX7331 TG;—;;SOJA DEST STE O820 IPRO BG ST;S1;C3M;SC;97.0;;S1;;97.0;;;;SIM;1.0;29/04/2026;ABR;Renato de Castro;Sergio Mench do Prado;Cláudio Mecenas;VALIDADO;
UBS I;GO;101.0;10.0;MILHO;44160002SN;SX7331 TG;—;;SOJA DEST STE O820 IPRO BG ST;S1;R5C;SC;254.0;;S1;;254.0;;;;SIM;1.0;29/04/2026;ABR;Renato de Castro;Sergio Mench do Prado;Cláudio Mecenas;VALIDADO;
UBS I;GO;101.0;10.0;MILHO;44160004SN;SX7331 TG;—;;SOJA DEST STE O820 IPRO BG ST;S1;C3M;SC;456.0;;S1;;456.0;;;;SIM;1.0;29/04/2026;ABR;Renato de Castro;Sergio Mench do Prado;Cláudio Mecenas;VALIDADO;
UBS I;GO;101.0;10.0;SOJA;11026755P1336;7535I2X;—;;SOJA DEST STE O820 IPRO BG ST;C1;P1;BG;30.0;752.0;C1;752;30.0;Cam.C;QD.16;F1;SIM;1.0;21/05/2026;MAI;Renato de Castro;Erivanilson de Oliveira;Rodrigo de Almeida;VALIDADO;
UBS I;GO;101.0;10.0;SOJA;11026755P1339;7535I2X;—;;SOJA DEST STE O820 IPRO BG ST;C1;P1;BG;8.0;746.0;C1;746;8.0;Cam.C;QD.04;F1;SIM;1.0;21/05/2026;MAI;Renato de Castro;Erivanilson de Oliveira;Rodrigo de Almeida;VALIDADO;
UBS I;GO;101.0;10.0;SOJA;11026755P2337;7535I2X;—;;SOJA DEST STE O820 IPRO BG ST;C1;P2;BG;30.0;888.0;C1;888;30.0;Cam.C;QD.16;F3;SIM;1.0;21/05/2026;MAI;Renato de Castro;Erivanilson de Oliveira;Rodrigo de Almeida;VALIDADO;
UBS I;GO;101.0;10.0;SOJA;11026755P2338;7535I2X;—;;SOJA DEST STE O820 IPRO BG ST;C1;P2;BG;30.0;889.0;C1;889;30.0;Cam.C;QD.16;F2;SIM;1.0;21/05/2026;MAI;Renato de Castro;Erivanilson de Oliveira;Rodrigo de Almeida;VALIDADO;
UBS I;GO;101.0;10.0;SOJA;11026755P2340;7535I2X;—;;SOJA DEST STE O820 IPRO BG ST;C1;P2;BG;10.0;878.0;C1;878;10.0;Cam.C;QD.04;F2;SIM;1.0;21/05/2026;MAI;Renato de Castro;Erivanilson de Oliveira;Rodrigo de Almeida;VALIDADO;
UBS I;GO;101.0;10.0;SOJA;11026715P1061;761 I2X;—;;SOJA DEST STE O820 IPRO BG ST;S2;P1;BG;30.0;814.0;S2;814;30.0;Cam.C;QD.23;F1;SIM;1.0;21/05/2026;MAI;Renato de Castro;Erivanilson de Oliveira;Rodrigo de Almeida;VALIDADO;
UBS I;GO;101.0;10.0;SOJA;11026715P1063;761 I2X;—;;SOJA DEST STE O820 IPRO BG ST;S2;P1;BG;30.0;824.0;S2;824;30.0;Cam.C;QD.23;F2;SIM;1.0;21/05/2026;MAI;Renato de Castro;Erivanilson de Oliveira;Rodrigo de Almeida;VALIDADO;
UBS I;GO;101.0;10.0;SOJA;11026715P1067;761 I2X;—;;SOJA DEST STE O820 IPRO BG ST;S2;P1;BG;30.0;810.0;S2;810;30.0;Cam.C;QD.23;F3;SIM;1.0;21/05/2026;MAI;Renato de Castro;Erivanilson de Oliveira;Rodrigo de Almeida;VALIDADO;
UBS I;GO;101.0;10.0;SOJA;11026715P1069;761 I2X;—;;SOJA DEST STE O820 IPRO BG ST;S2;P1;BG;30.0;819.0;S2;819;30.0;Cam.C;QD.23;F4;SIM;1.0;21/05/2026;MAI;Renato de Castro;Erivanilson de Oliveira;Rodrigo de Almeida;VALIDADO;
UBS I;GO;101.0;10.0;SOJA;11026715P1073;761 I2X;—;;SOJA DEST STE O820 IPRO BG ST;S2;P1;BG;30.0;823.0;S2;823;30.0;Cam.C;QD.19;F1;SIM;1.0;21/05/2026;MAI;Renato de Castro;Erivanilson de Oliveira;Rodrigo de Almeida;VALIDADO;
UBS I;GO;101.0;10.0;SOJA;11026715P1076;761 I2X;—;;SOJA DEST STE O820 IPRO BG ST;S2;P1;BG;30.0;804.0;S2;804;30.0;Cam.C;QD.19;F2;SIM;1.0;21/05/2026;MAI;Renato de Castro;Erivanilson de Oliveira;Rodrigo de Almeida;VALIDADO;
UBS I;GO;101.0;10.0;SOJA;11026715P1079;761 I2X;—;;SOJA DEST STE O820 IPRO BG ST;S2;P1;BG;30.0;814.0;S2;814;30.0;Cam.C;QD.19;F3;SIM;1.0;21/05/2026;MAI;Renato de Castro;Erivanilson de Oliveira;Rodrigo de Almeida;VALIDADO;
UBS I;GO;101.0;10.0;SOJA;11026715P1083;761 I2X;—;;SOJA DEST STE O820 IPRO BG ST;S2;P1;BG;30.0;793.0;S2;793;30.0;Cam.C;QD.19;F4;SIM;1.0;21/05/2026;MAI;Renato de Castro;Erivanilson de Oliveira;Rodrigo de Almeida;VALIDADO;
UBS I;GO;101.0;10.0;SOJA;11026715P1087;761 I2X;—;;SOJA DEST STE O820 IPRO BG ST;C1;P1;BG;30.0;825.0;C1;825;30.0;Cam.C;QD.06;F1;SIM;1.0;21/05/2026;MAI;Renato de Castro;Erivanilson de Oliveira;Rodrigo de Almeida;VALIDADO;
UBS I;GO;101.0;10.0;SOJA;11026715P1090;761 I2X;—;;SOJA DEST STE O820 IPRO BG ST;C1;P1;BG;12.0;804.0;C1;804;12.0;Cam.C;QD.06;F2;SIM;1.0;21/05/2026;MAI;Renato de Castro;Erivanilson de Oliveira;Rodrigo de Almeida;VALIDADO;
UBS I;GO;101.0;10.0;SOJA;11026715P1153;761 I2X;—;;SOJA DEST STE O820 IPRO BG ST;C1;P1;BG;30.0;828.0;C1;828;30.0;Cam.C;QD.18;F2;SIM;1.0;21/05/2026;MAI;Renato de Castro;Erivanilson de Oliveira;Rodrigo de Almeida;VALIDADO;
UBS I;GO;101.0;10.0;SOJA;11026715P1156;761 I2X;—;;SOJA DEST STE O820 IPRO BG ST;S2;P1;BG;30.0;804.0;S2;804;30.0;Cam.C;QD.18;F1;SIM;1.0;21/05/2026;MAI;Renato de Castro;Erivanilson de Oliveira;Rodrigo de Almeida;VALIDADO;
UBS I;GO;101.0;10.0;SOJA;11026715P1161;761 I2X;—;;SOJA DEST STE O820 IPRO BG ST;S2;P1;BG;30.0;823.0;S2;823;30.0;Cam.C;QD.18;F3;SIM;1.0;21/05/2026;MAI;Renato de Castro;Erivanilson de Oliveira;Rodrigo de Almeida;VALIDADO;
UBS I;GO;101.0;10.0;SOJA;11026715P1167;761 I2X;—;;SOJA DEST STE O820 IPRO BG ST;S2;P1;BG;20.0;817.0;S2;817;20.0;Cam.C;QD.17;F1;SIM;1.0;21/05/2026;MAI;Renato de Castro;Erivanilson de Oliveira;Rodrigo de Almeida;VALIDADO;
UBS I;GO;101.0;10.0;SOJA;11026715P2060;761 I2X;—;;SOJA DEST STE O820 IPRO BG ST;S2;P2;BG;24.0;1033.0;S2;1033;24.0;Cam.C;QD.24;F1;SIM;1.0;21/05/2026;MAI;Renato de Castro;Erivanilson de Oliveira;Rodrigo de Almeida;VALIDADO;
UBS I;GO;101.0;10.0;SOJA;11026715P2062;761 I2X;—;;SOJA DEST STE O820 IPRO BG ST;S2;P2;BG;24.0;1014.0;S2;1014;24.0;Cam.C;QD.24;F3;SIM;1.0;21/05/2026;MAI;Renato de Castro;Erivanilson de Oliveira;Rodrigo de Almeida;VALIDADO;
UBS I;GO;101.0;10.0;SOJA;11026715P2064;761 I2X;—;;SOJA DEST STE O820 IPRO BG ST;S2;P2;BG;24.0;1015.0;S2;1015;24.0;Cam.C;QD.24;F2;SIM;1.0;21/05/2026;MAI;Renato de Castro;Erivanilson de Oliveira;Rodrigo de Almeida;VALIDADO;
UBS I;GO;101.0;10.0;SOJA;11026715P2065;761 I2X;—;;SOJA DEST STE O820 IPRO BG ST;S2;P2;BG;27.0;1000.0;S2;1000;27.0;Cam.C;QD.24;F4;SIM;1.0;21/05/2026;MAI;Renato de Castro;Erivanilson de Oliveira;Rodrigo de Almeida;VALIDADO;
UBS I;GO;101.0;10.0;SOJA;11026715P2066;761 I2X;—;;SOJA DEST STE O820 IPRO BG ST;S2;P2;BG;27.0;992.0;S2;992;27.0;Cam.C;QD.22;F1;SIM;1.0;21/05/2026;MAI;Renato de Castro;Erivanilson de Oliveira;Rodrigo de Almeida;VALIDADO;
UBS I;GO;101.0;10.0;SOJA;11026715P2068;761 I2X;—;;SOJA DEST STE O820 IPRO BG ST;S2;P2;BG;24.0;1018.0;S2;1018;24.0;Cam.C;QD.22;F3;SIM;1.0;21/05/2026;MAI;Renato de Castro;Erivanilson de Oliveira;Rodrigo de Almeida;VALIDADO;
UBS I;GO;101.0;10.0;SOJA;11026715P2070;761 I2X;—;;SOJA DEST STE O820 IPRO BG ST;S2;P2;BG;24.0;1016.0;S2;1016;24.0;Cam.C;QD.22;F2;SIM;1.0;21/05/2026;MAI;Renato de Castro;Erivanilson de Oliveira;Rodrigo de Almeida;VALIDADO;
UBS I;GO;101.0;10.0;SOJA;11026715P2071;761 I2X;—;;SOJA DEST STE O820 IPRO BG ST;S2;P2;BG;27.0;1002.0;S2;1002;27.0;Cam.C;QD.22;F4;SIM;1.0;21/05/2026;MAI;Renato de Castro;Erivanilson de Oliveira;Rodrigo de Almeida;VALIDADO;
UBS I;GO;101.0;10.0;SOJA;11026715P2072;761 I2X;—;;SOJA DEST STE O820 IPRO BG ST;S2;P2;BG;24.0;1028.0;S2;1028;24.0;Cam.C;QD.20;F1;SIM;1.0;21/05/2026;MAI;Renato de Castro;Erivanilson de Oliveira;Rodrigo de Almeida;VALIDADO;
UBS I;GO;101.0;10.0;SOJA;11026715P2074;761 I2X;—;;SOJA DEST STE O820 IPRO BG ST;S2;P2;BG;27.0;998.0;S2;998;27.0;Cam.C;QD.20;F3;SIM;1.0;21/05/2026;MAI;Renato de Castro;Erivanilson de Oliveira;Rodrigo de Almeida;VALIDADO;
UBS I;GO;101.0;10.0;SOJA;11026715P2075;761 I2X;—;;SOJA DEST STE O820 IPRO BG ST;S2;P2;BG;27.0;993.0;S2;993;27.0;Cam.C;QD.20;F2;SIM;1.0;21/05/2026;MAI;Renato de Castro;Erivanilson de Oliveira;Rodrigo de Almeida;VALIDADO;
UBS I;GO;101.0;10.0;SOJA;11026715P2077;761 I2X;—;;SOJA DEST STE O820 IPRO BG ST;S2;P2;BG;27.0;999.0;S2;999;27.0;Cam.C;QD.20;F4;SIM;1.0;21/05/2026;MAI;Renato de Castro;Erivanilson de Oliveira;Rodrigo de Almeida;VALIDADO;
UBS I;GO;101.0;10.0;SOJA;11026715P2078;761 I2X;—;;SOJA DEST STE O820 IPRO BG ST;S2;P2;BG;24.0;1023.0;S2;1023;24.0;Cam.C;QD.08;F1;SIM;1.0;21/05/2026;MAI;Renato de Castro;Erivanilson de Oliveira;Rodrigo de Almeida;VALIDADO;
UBS I;GO;101.0;10.0;SOJA;11026715P2080;761 I2X;—;;SOJA DEST STE O820 IPRO BG ST;S2;P2;BG;24.0;1021.0;S2;1021;24.0;Cam.C;QD.09;F1;SIM;1.0;21/05/2026;MAI;Renato de Castro;Erivanilson de Oliveira;Rodrigo de Almeida;VALIDADO;
UBS I;GO;101.0;10.0;SOJA;11026715P2081;761 I2X;—;;SOJA DEST STE O820 IPRO BG ST;S2;P2;BG;27.0;977.0;S2;977;27.0;Cam.C;QD.09;F2;SIM;1.0;21/05/2026;MAI;Renato de Castro;Erivanilson de Oliveira;Rodrigo de Almeida;VALIDADO;
UBS I;GO;101.0;10.0;SOJA;11026715P2082;761 I2X;—;;SOJA DEST STE O820 IPRO BG ST;S2;P2;BG;27.0;981.0;S2;981;27.0;Cam.C;QD.09;F3;SIM;1.0;21/05/2026;MAI;Renato de Castro;Erivanilson de Oliveira;Rodrigo de Almeida;VALIDADO;
UBS I;GO;101.0;10.0;SOJA;11026715P2084;761 I2X;—;;SOJA DEST STE O820 IPRO BG ST;S2;P2;BG;27.0;996.0;S2;996;27.0;Cam.C;QD.08;F2;SIM;1.0;21/05/2026;MAI;Renato de Castro;Erivanilson de Oliveira;Rodrigo de Almeida;VALIDADO;
UBS I;GO;101.0;10.0;SOJA;11026715P2085;761 I2X;—;;SOJA DEST STE O820 IPRO BG ST;S2;P2;BG;27.0;995.0;S2;995;27.0;Cam.C;QD.08;F3;SIM;1.0;21/05/2026;MAI;Renato de Castro;Erivanilson de Oliveira;Rodrigo de Almeida;VALIDADO;
UBS I;GO;101.0;10.0;SOJA;11026715P2086;761 I2X;—;;SOJA DEST STE O820 IPRO BG ST;C1;P2;BG;24.0;1037.0;C1;1037;24.0;Cam.C;QD.07;F1;SIM;1.0;21/05/2026;MAI;Renato de Castro;Erivanilson de Oliveira;Rodrigo de Almeida;VALIDADO;
UBS I;GO;101.0;10.0;SOJA;11026715P2088;761 I2X;—;;SOJA DEST STE O820 IPRO BG ST;C1;P2;BG;24.0;1024.0;C1;1024;24.0;Cam.C;QD.07;F2;SIM;1.0;21/05/2026;MAI;Renato de Castro;Erivanilson de Oliveira;Rodrigo de Almeida;VALIDADO;
UBS I;GO;101.0;10.0;SOJA;11026715P2089;761 I2X;—;;SOJA DEST STE O820 IPRO BG ST;C1;P2;BG;24.0;1009.0;C1;1009;24.0;Cam.C;QD.07;F3;SIM;1.0;21/05/2026;MAI;Renato de Castro;Erivanilson de Oliveira;Rodrigo de Almeida;VALIDADO;
UBS I;GO;101.0;10.0;SOJA;11026715P2091;761 I2X;—;;SOJA DEST STE O820 IPRO BG ST;C1;P2;BG;12.0;1006.0;C1;1006;12.0;Cam.C;QD.06;F3;SIM;1.0;21/05/2026;MAI;Renato de Castro;Erivanilson de Oliveira;Rodrigo de Almeida;VALIDADO;
UBS I;GO;101.0;10.0;SOJA;11026715P2151;761 I2X;—;;SOJA DEST STE O820 IPRO BG ST;C1;P2;BG;24.0;1045.0;C1;1045;24.0;Cam.A;QD.23;F1;SIM;1.0;21/05/2026;MAI;Renato de Castro;Erivanilson de Oliveira;Rodrigo de Almeida;VALIDADO;
UBS I;GO;101.0;10.0;SOJA;11026715P2152;761 I2X;—;;SOJA DEST STE O820 IPRO BG ST;C1;P2;BG;24.0;1075.0;C1;1075;24.0;Cam.A;QD.22;F2;SIM;1.0;21/05/2026;MAI;Renato de Castro;Erivanilson de Oliveira;Rodrigo de Almeida;VALIDADO;
UBS I;GO;101.0;10.0;SOJA;11026715P2154;761 I2X;—;;SOJA DEST STE O820 IPRO BG ST;S2;P2;BG;24.0;1061.0;S2;1061;24.0;Cam.A;QD.22;F1;SIM;1.0;21/05/2026;MAI;Renato de Castro;Erivanilson de Oliveira;Rodrigo de Almeida;VALIDADO;
UBS I;GO;101.0;10.0;SOJA;11026715P2155;761 I2X;—;;SOJA DEST STE O820 IPRO BG ST;S2;P2;BG;27.0;995.0;S2;995;27.0;Cam.A;QD.23;F2;SIM;1.0;21/05/2026;MAI;Renato de Castro;Erivanilson de Oliveira;Rodrigo de Almeida;VALIDADO;
UBS I;GO;101.0;10.0;SOJA;11026715P2157;761 I2X;—;;SOJA DEST STE O820 IPRO BG ST;S2;P2;BG;24.0;1049.0;S2;1049;24.0;Cam.A;QD.23;F3;SIM;1.0;21/05/2026;MAI;Renato de Castro;Erivanilson de Oliveira;Rodrigo de Almeida;VALIDADO;
UBS I;GO;101.0;10.0;SOJA;11026715P2158;761 I2X;—;;SOJA DEST STE O820 IPRO BG ST;S2;P2;BG;24.0;1050.0;S2;1050;24.0;Cam.A;QD.22;F3;SIM;1.0;21/05/2026;MAI;Renato de Castro;Erivanilson de Oliveira;Rodrigo de Almeida;VALIDADO;
UBS I;GO;101.0;10.0;SOJA;11026715P2159;761 I2X;—;;SOJA DEST STE O820 IPRO BG ST;S2;P2;BG;24.0;1062.0;S2;1062;24.0;Cam.A;QD.24;F1;SIM;1.0;21/05/2026;MAI;Renato de Castro;Erivanilson de Oliveira;Rodrigo de Almeida;VALIDADO;
UBS I;GO;101.0;10.0;SOJA;11026715P2160;761 I2X;—;;SOJA DEST STE O820 IPRO BG ST;S2;P2;BG;24.0;1032.0;S2;1032;24.0;Cam.A;QD.24;F2;SIM;1.0;21/05/2026;MAI;Renato de Castro;Erivanilson de Oliveira;Rodrigo de Almeida;VALIDADO;
UBS I;GO;101.0;10.0;SOJA;11026715P2162;761 I2X;—;;SOJA DEST STE O820 IPRO BG ST;S2;P2;BG;24.0;1048.0;S2;1048;24.0;Cam.A;QD.24;F3;SIM;1.0;21/05/2026;MAI;Renato de Castro;Erivanilson de Oliveira;Rodrigo de Almeida;VALIDADO;
UBS I;GO;101.0;10.0;SOJA;11026715P2163;761 I2X;—;;SOJA DEST STE O820 IPRO BG ST;S2;P2;BG;24.0;1064.0;S2;1064;24.0;Cam.A;QD.25;F1;SIM;1.0;21/05/2026;MAI;Renato de Castro;Erivanilson de Oliveira;Rodrigo de Almeida;VALIDADO;
UBS I;GO;101.0;10.0;SOJA;11026715P2164;761 I2X;—;;SOJA DEST STE O820 IPRO BG ST;S2;P2;BG;24.0;1078.0;S2;1078;24.0;Cam.A;QD.25;F2;SIM;1.0;21/05/2026;MAI;Renato de Castro;Erivanilson de Oliveira;Rodrigo de Almeida;VALIDADO;
UBS I;GO;101.0;10.0;SOJA;11026715P2165;761 I2X;—;;SOJA DEST STE O820 IPRO BG ST;S2;P2;BG;24.0;1073.0;S2;1073;24.0;Cam.A;QD.25;F3;SIM;1.0;21/05/2026;MAI;Renato de Castro;Erivanilson de Oliveira;Rodrigo de Almeida;VALIDADO;
UBS I;GO;101.0;10.0;SOJA;11026715P2166;761 I2X;—;;SOJA DEST STE O820 IPRO BG ST;S2;P2;BG;24.0;1065.0;S2;1065;24.0;Cam.A;QD.30;F2;SIM;1.0;21/05/2026;MAI;Renato de Castro;Erivanilson de Oliveira;Rodrigo de Almeida;VALIDADO;
UBS I;GO;101.0;10.0;SOJA;11026715P2168;761 I2X;—;;SOJA DEST STE O820 IPRO BG ST;S2;P2;BG;23.0;1077.0;S2;1077;23.0;Cam.A;QD.30;F1;SIM;1.0;21/05/2026;MAI;Renato de Castro;Erivanilson de Oliveira;Rodrigo de Almeida;VALIDADO;
UBS I;GO;101.0;10.0;SOJA;11026760P1214;BSA74483I2X;—;;SOJA DEST STE O820 IPRO BG ST;C1;P1;BG;30.0;695.0;C1;695;30.0;Cam.B;QD.38;F1;SIM;1.0;21/05/2026;MAI;Renato de Castro;Erivanilson de Oliveira;Rodrigo de Almeida;VALIDADO;
UBS I;GO;101.0;10.0;SOJA;11026760P1217;BSA74483I2X;—;;SOJA DEST STE O820 IPRO BG ST;C1;P1;BG;30.0;651.0;C1;651;30.0;Cam.B;QD.24;F2;SIM;1.0;21/05/2026;MAI;Renato de Castro;Erivanilson de Oliveira;Rodrigo de Almeida;VALIDADO;
UBS I;GO;101.0;10.0;SOJA;11026760P1218;BSA74483I2X;—;;SOJA DEST STE O820 IPRO BG ST;C1;P1;BG;30.0;646.0;C1;646;30.0;Cam.B;QD.24;F1;SIM;1.0;21/05/2026;MAI;Renato de Castro;Erivanilson de Oliveira;Rodrigo de Almeida;VALIDADO;
UBS I;GO;101.0;10.0;SOJA;11026760P1221;BSA74483I2X;—;;SOJA DEST STE O820 IPRO BG ST;C1;P1;BG;30.0;648.0;C1;648;30.0;Cam.B;QD.24;F3;SIM;1.0;21/05/2026;MAI;Renato de Castro;Erivanilson de Oliveira;Rodrigo de Almeida;VALIDADO;
UBS I;GO;101.0;10.0;SOJA;11026760P1223;BSA74483I2X;—;;SOJA DEST STE O820 IPRO BG ST;C1;P1;BG;30.0;643.0;C1;643;30.0;Cam.B;QD.38;F2;SIM;1.0;21/05/2026;MAI;Renato de Castro;Erivanilson de Oliveira;Rodrigo de Almeida;VALIDADO;
UBS I;GO;101.0;10.0;SOJA;11026760P1226;BSA74483I2X;—;;SOJA DEST STE O820 IPRO BG ST;C1;P1;BG;30.0;644.0;C1;644;30.0;Cam.B;QD.13;F3;SIM;1.0;21/05/2026;MAI;Renato de Castro;Erivanilson de Oliveira;Rodrigo de Almeida;VALIDADO;
UBS I;GO;101.0;10.0;SOJA;11026760P1228;BSA74483I2X;—;;SOJA DEST STE O820 IPRO BG ST;C1;P1;BG;30.0;638.0;C1;638;30.0;Cam.B;QD.38;F3;SIM;1.0;21/05/2026;MAI;Renato de Castro;Erivanilson de Oliveira;Rodrigo de Almeida;VALIDADO;
UBS I;GO;101.0;10.0;SOJA;11026760P1231;BSA74483I2X;—;;SOJA DEST STE O820 IPRO BG ST;C1;P1;BG;30.0;636.0;C1;636;30.0;Cam.B;QD.38;F4;SIM;1.0;21/05/2026;MAI;Renato de Castro;Erivanilson de Oliveira;Rodrigo de Almeida;VALIDADO;
UBS I;GO;101.0;10.0;SOJA;11026760P2215;BSA74483I2X;—;;SOJA DEST STE O820 IPRO BG ST;C1;P2;BG;30.0;819.0;C1;819;30.0;Cam.B;QD.39;F3;SIM;1.0;21/05/2026;MAI;Renato de Castro;Erivanilson de Oliveira;Rodrigo de Almeida;VALIDADO;
UBS I;GO;101.0;10.0;SOJA;11026760P2216;BSA74483I2X;—;;SOJA DEST STE O820 IPRO BG ST;C1;P2;BG;30.0;802.0;C1;802;30.0;Cam.B;QD.26;F2;SIM;1.0;21/05/2026;MAI;Renato de Castro;Erivanilson de Oliveira;Rodrigo de Almeida;VALIDADO;
UBS I;GO;101.0;10.0;SOJA;11026760P2219;BSA74483I2X;—;;SOJA DEST STE O820 IPRO BG ST;C1;P2;BG;30.0;815.0;C1;815;30.0;Cam.B;QD.26;F1;SIM;1.0;21/05/2026;MAI;Renato de Castro;Erivanilson de Oliveira;Rodrigo de Almeida;VALIDADO;
UBS I;GO;101.0;10.0;SOJA;11026760P2220;BSA74483I2X;—;;SOJA DEST STE O820 IPRO BG ST;C1;P2;BG;30.0;796.0;C1;796;30.0;Cam.B;QD.23;F1;SIM;1.0;21/05/2026;MAI;Renato de Castro;Erivanilson de Oliveira;Rodrigo de Almeida;VALIDADO;
UBS I;GO;101.0;10.0;SOJA;11026760P2222;BSA74483I2X;—;;SOJA DEST STE O820 IPRO BG ST;C1;P2;BG;30.0;794.0;C1;794;30.0;Cam.B;QD.23;F2;SIM;1.0;21/05/2026;MAI;Renato de Castro;Erivanilson de Oliveira;Rodrigo de Almeida;VALIDADO;
UBS I;GO;101.0;10.0;SOJA;11026760P2224;BSA74483I2X;—;;SOJA DEST STE O820 IPRO BG ST;C1;P2;BG;30.0;793.0;C1;793;30.0;Cam.B;QD.26;F3;SIM;1.0;21/05/2026;MAI;Renato de Castro;Erivanilson de Oliveira;Rodrigo de Almeida;VALIDADO;
UBS I;GO;101.0;10.0;SOJA;11026760P2225;BSA74483I2X;—;;SOJA DEST STE O820 IPRO BG ST;C1;P2;BG;30.0;791.0;C1;791;30.0;Cam.B;QD.23;F3;SIM;1.0;21/05/2026;MAI;Renato de Castro;Erivanilson de Oliveira;Rodrigo de Almeida;VALIDADO;
UBS I;GO;101.0;10.0;SOJA;11026760P2227;BSA74483I2X;—;;SOJA DEST STE O820 IPRO BG ST;C1;P2;BG;30.0;804.0;C1;804;30.0;Cam.B;QD.39;F2;SIM;1.0;21/05/2026;MAI;Renato de Castro;Erivanilson de Oliveira;Rodrigo de Almeida;VALIDADO;
UBS I;GO;101.0;10.0;SOJA;11026760P2229;BSA74483I2X;—;;SOJA DEST STE O820 IPRO BG ST;C1;P2;BG;30.0;787.0;C1;787;30.0;Cam.B;QD.39;F4;SIM;1.0;21/05/2026;MAI;Renato de Castro;Erivanilson de Oliveira;Rodrigo de Almeida;VALIDADO;
UBS I;GO;101.0;10.0;SOJA;11026760P2230;BSA74483I2X;—;;SOJA DEST STE O820 IPRO BG ST;C1;P2;BG;30.0;792.0;C1;792;30.0;Cam.B;QD.39;F1;SIM;1.0;21/05/2026;MAI;Renato de Castro;Erivanilson de Oliveira;Rodrigo de Almeida;VALIDADO;
UBS I;GO;101.0;10.0;SOJA;11026760P2232;BSA74483I2X;—;;SOJA DEST STE O820 IPRO BG ST;C1;P2;BG;17.0;808.0;C1;808;17.0;Cam.B;CORREDOR;(vazio);SIM;1.0;21/05/2026;MAI;Renato de Castro;Erivanilson de Oliveira;Rodrigo de Almeida;VALIDADO;
UBS I;GO;101.0;10.0;SOJA;11026756P1233;C2810CE;—;;SOJA DEST STE O820 IPRO BG ST;C1;P1;BG;30.0;730.0;C1;730;30.0;Cam.B;QD.40;F1;SIM;1.0;21/05/2026;MAI;Renato de Castro;Erivanilson de Oliveira;Rodrigo de Almeida;VALIDADO;
UBS I;GO;101.0;10.0;SOJA;11026756P1235;C2810CE;—;;SOJA DEST STE O820 IPRO BG ST;C1;P1;BG;30.0;734.0;C1;734;30.0;Cam.B;QD.40;F2;SIM;1.0;21/05/2026;MAI;Renato de Castro;Erivanilson de Oliveira;Rodrigo de Almeida;VALIDADO;
UBS I;GO;101.0;10.0;SOJA;11026756P2234;C2810CE;—;;SOJA DEST STE O820 IPRO BG ST;C1;P2;BG;30.0;871.0;C1;871;30.0;Cam.B;QD.40;F3;SIM;1.0;21/05/2026;MAI;Renato de Castro;Erivanilson de Oliveira;Rodrigo de Almeida;VALIDADO;
UBS I;GO;101.0;10.0;SOJA;11026756P2236;C2810CE;—;;SOJA DEST STE O820 IPRO BG ST;C1;P2;BG;12.0;852.0;C1;852;12.0;Cam.B;CORREDOR;(vazio);SIM;1.0;21/05/2026;MAI;Renato de Castro;Erivanilson de Oliveira;Rodrigo de Almeida;VALIDADO;
UBS I;GO;101.0;10.0;SOJA;11026739P1001;NEO700 I2X;—;;SOJA DEST STE O820 IPRO BG ST;C2;P1;BG;27.0;923.0;C2;923;27.0;Cam.C;QD.37;F1;SIM;1.0;21/05/2026;MAI;Renato de Castro;Erivanilson de Oliveira;Rodrigo de Almeida;VALIDADO;
UBS I;GO;101.0;10.0;SOJA;11026739P1003;NEO700 I2X;—;;SOJA DEST STE O820 IPRO BG ST;C2;P1;BG;30.0;868.0;C2;868;30.0;Cam.C;QD.37;F2;SIM;1.0;21/05/2026;MAI;Renato de Castro;Erivanilson de Oliveira;Rodrigo de Almeida;VALIDADO;
UBS I;GO;101.0;10.0;SOJA;11026739P1004;NEO700 I2X;—;;SOJA DEST STE O820 IPRO BG ST;C2;P1;BG;30.0;782.0;C2;782;30.0;Cam.C;QD.37;F3;SIM;1.0;21/05/2026;MAI;Renato de Castro;Erivanilson de Oliveira;Rodrigo de Almeida;VALIDADO;
UBS I;GO;101.0;10.0;SOJA;11026739P1006;NEO700 I2X;—;;SOJA DEST STE O820 IPRO BG ST;C2;P1;BG;30.0;795.0;C2;795;30.0;Cam.C;QD.35;F1;SIM;1.0;21/05/2026;MAI;Renato de Castro;Erivanilson de Oliveira;Rodrigo de Almeida;VALIDADO;
UBS I;GO;101.0;10.0;SOJA;11026739P1007;NEO700 I2X;—;;SOJA DEST STE O820 IPRO BG ST;C2;P1;BG;30.0;790.0;C2;790;30.0;Cam.C;QD.35;F2;SIM;1.0;21/05/2026;MAI;Renato de Castro;Erivanilson de Oliveira;Rodrigo de Almeida;VALIDADO;
UBS I;GO;101.0;10.0;SOJA;11026739P1009;NEO700 I2X;—;;SOJA DEST STE O820 IPRO BG ST;C2;P1;BG;30.0;791.0;C2;791;30.0;Cam.C;QD.35;F3;SIM;1.0;21/05/2026;MAI;Renato de Castro;Erivanilson de Oliveira;Rodrigo de Almeida;VALIDADO;
UBS I;GO;101.0;10.0;SOJA;11026739P1010;NEO700 I2X;—;;SOJA DEST STE O820 IPRO BG ST;C2;P1;BG;30.0;790.0;C2;790;30.0;Cam.C;QD.35;F4;SIM;1.0;21/05/2026;MAI;Renato de Castro;Erivanilson de Oliveira;Rodrigo de Almeida;VALIDADO;
UBS I;GO;101.0;10.0;SOJA;11026739P1012;NEO700 I2X;—;;SOJA DEST STE O820 IPRO BG ST;C2;P1;BG;30.0;775.0;C2;775;30.0;Cam.C;QD.33;F1;SIM;1.0;21/05/2026;MAI;Renato de Castro;Erivanilson de Oliveira;Rodrigo de Almeida;VALIDADO;
UBS I;GO;101.0;10.0;SOJA;11026739P1014;NEO700 I2X;—;;SOJA DEST STE O820 IPRO BG ST;C2;P1;BG;30.0;800.0;C2;800;30.0;Cam.C;QD.37;F4;SIM;1.0;21/05/2026;MAI;Renato de Castro;Erivanilson de Oliveira;Rodrigo de Almeida;VALIDADO;
UBS I;GO;101.0;10.0;SOJA;11026739P1015;NEO700 I2X;—;;SOJA DEST STE O820 IPRO BG ST;C2;P1;BG;30.0;787.0;C2;787;30.0;Cam.C;QD.33;F2;SIM;1.0;21/05/2026;MAI;Renato de Castro;Erivanilson de Oliveira;Rodrigo de Almeida;VALIDADO;
UBS I;GO;101.0;10.0;SOJA;11026739P1017;NEO700 I2X;—;;SOJA DEST STE O820 IPRO BG ST;C2;P1;BG;30.0;798.0;C2;798;30.0;Cam.C;QD.33;F3;SIM;1.0;21/05/2026;MAI;Renato de Castro;Erivanilson de Oliveira;Rodrigo de Almeida;VALIDADO;
UBS I;GO;101.0;10.0;SOJA;11026739P1018;NEO700 I2X;—;;SOJA DEST STE O820 IPRO BG ST;C2;P1;BG;30.0;804.0;C2;804;30.0;Cam.C;QD.31;F1;SIM;1.0;21/05/2026;MAI;Renato de Castro;Erivanilson de Oliveira;Rodrigo de Almeida;VALIDADO;
UBS I;GO;101.0;10.0;SOJA;11026739P1021;NEO700 I2X;—;;SOJA DEST STE O820 IPRO BG ST;C2;P1;BG;24.0;825.0;C2;825;24.0;Cam.C;QD.33;F4;SIM;1.0;21/05/2026;MAI;Renato de Castro;Erivanilson de Oliveira;Rodrigo de Almeida;VALIDADO;
UBS I;GO;101.0;10.0;SOJA;11026739P1023;NEO700 I2X;—;;SOJA DEST STE O820 IPRO BG ST;C2;P1;BG;30.0;813.0;C2;813;30.0;Cam.C;QD.31;F2;SIM;1.0;21/05/2026;MAI;Renato de Castro;Erivanilson de Oliveira;Rodrigo de Almeida;VALIDADO;
UBS I;GO;101.0;10.0;SOJA;11026739P1025;NEO700 I2X;—;;SOJA DEST STE O820 IPRO BG ST;C2;P1;BG;30.0;806.0;C2;806;30.0;Cam.C;QD.31;F3;SIM;1.0;21/05/2026;MAI;Renato de Castro;Erivanilson de Oliveira;Rodrigo de Almeida;VALIDADO;
UBS I;GO;101.0;10.0;SOJA;11026739P1028;NEO700 I2X;—;;SOJA DEST STE O820 IPRO BG ST;C2;P1;BG;30.0;805.0;C2;805;30.0;Cam.C;QD.31;F4;SIM;1.0;21/05/2026;MAI;Renato de Castro;Erivanilson de Oliveira;Rodrigo de Almeida;VALIDADO;
UBS I;GO;101.0;10.0;SOJA;11026739P1030;NEO700 I2X;—;;SOJA DEST STE O820 IPRO BG ST;C2;P1;BG;30.0;803.0;C2;803;30.0;Cam.C;QD.29;F1;SIM;1.0;21/05/2026;MAI;Renato de Castro;Erivanilson de Oliveira;Rodrigo de Almeida;VALIDADO;
UBS I;GO;101.0;10.0;SOJA;11026739P1033;NEO700 I2X;—;;SOJA DEST STE O820 IPRO BG ST;C2;P1;BG;30.0;829.0;C2;829;30.0;Cam.C;QD.29;F2;SIM;1.0;21/05/2026;MAI;Renato de Castro;Erivanilson de Oliveira;Rodrigo de Almeida;VALIDADO;
UBS I;GO;101.0;10.0;SOJA;11026739P1035;NEO700 I2X;—;;SOJA DEST STE O820 IPRO BG ST;C2;P1;BG;30.0;782.0;C2;782;30.0;Cam.C;QD.29;F3;SIM;1.0;21/05/2026;MAI;Renato de Castro;Erivanilson de Oliveira;Rodrigo de Almeida;VALIDADO;
UBS I;GO;101.0;10.0;SOJA;11026739P1036;NEO700 I2X;—;;SOJA DEST STE O820 IPRO BG ST;C2;P1;BG;30.0;782.0;C2;782;30.0;Cam.C;QD.29;F4;SIM;1.0;21/05/2026;MAI;Renato de Castro;Erivanilson de Oliveira;Rodrigo de Almeida;VALIDADO;
UBS I;GO;101.0;10.0;SOJA;11026739P1038;NEO700 I2X;—;;SOJA DEST STE O820 IPRO BG ST;C2;P1;BG;30.0;793.0;C2;793;30.0;Cam.C;QD.26;F1;SIM;1.0;21/05/2026;MAI;Renato de Castro;Erivanilson de Oliveira;Rodrigo de Almeida;VALIDADO;
UBS I;GO;101.0;10.0;SOJA;11026739P1041;NEO700 I2X;—;;SOJA DEST STE O820 IPRO BG ST;C2;P1;BG;30.0;814.0;C2;814;30.0;Cam.C;QD.26;F2;SIM;1.0;21/05/2026;MAI;Renato de Castro;Erivanilson de Oliveira;Rodrigo de Almeida;VALIDADO;
UBS I;GO;101.0;10.0;SOJA;11026739P1043;NEO700 I2X;—;;SOJA DEST STE O820 IPRO BG ST;C2;P1;BG;30.0;820.0;C2;820;30.0;Cam.C;QD.26;F3;SIM;1.0;21/05/2026;MAI;Renato de Castro;Erivanilson de Oliveira;Rodrigo de Almeida;VALIDADO;
UBS I;GO;101.0;10.0;SOJA;11026739P1322;NEO700 I2X;—;;SOJA DEST STE O820 IPRO BG ST;C2;P1;BG;30.0;824.0;C2;824;30.0;Cam.C;QD.11;F1;SIM;1.0;21/05/2026;MAI;Renato de Castro;Erivanilson de Oliveira;Rodrigo de Almeida;VALIDADO;
UBS I;GO;101.0;10.0;SOJA;11026739P1324;NEO700 I2X;—;;SOJA DEST STE O820 IPRO BG ST;C2;P1;BG;30.0;818.0;C2;818;30.0;Cam.C;QD.10;F1;SIM;1.0;21/05/2026;MAI;Renato de Castro;Erivanilson de Oliveira;Rodrigo de Almeida;VALIDADO;
UBS I;GO;101.0;10.0;SOJA;11026739P1328;NEO700 I2X;—;;SOJA DEST STE O820 IPRO BG ST;C2;P1;BG;30.0;827.0;C2;827;30.0;Cam.C;QD.13;F1;SIM;1.0;21/05/2026;MAI;Renato de Castro;Erivanilson de Oliveira;Rodrigo de Almeida;VALIDADO;
UBS I;GO;101.0;10.0;SOJA;11026739P1329;NEO700 I2X;—;;SOJA DEST STE O820 IPRO BG ST;C2;P1;BG;30.0;822.0;C2;822;30.0;Cam.C;QD.13;F2;SIM;1.0;21/05/2026;MAI;Renato de Castro;Erivanilson de Oliveira;Rodrigo de Almeida;VALIDADO;
UBS I;GO;101.0;10.0;SOJA;11026739P1332;NEO700 I2X;—;;SOJA DEST STE O820 IPRO BG ST;S2 ;P1;BG;20.0;828.0;S2 ;828;20.0;Cam.C;QD.14;F1;SIM;1.0;21/05/2026;MAI;Renato de Castro;Erivanilson de Oliveira;Rodrigo de Almeida;VALIDADO;
UBS I;GO;101.0;10.0;SOJA;11026739P2002;NEO700 I2X;—;;SOJA DEST STE O820 IPRO BG ST;C2;P2;BG;9.0;1127.0;C2;1127;9.0;Cam.C;QD.38;F1;SIM;1.0;21/05/2026;MAI;Renato de Castro;Erivanilson de Oliveira;Rodrigo de Almeida;VALIDADO;
UBS I;GO;101.0;10.0;SOJA;11026739P2005;NEO700 I2X;—;;SOJA DEST STE O820 IPRO BG ST;C2;P2;BG;27.0;964.0;C2;964;27.0;Cam.C;QD.34;F1;SIM;1.0;21/05/2026;MAI;Renato de Castro;Erivanilson de Oliveira;Rodrigo de Almeida;VALIDADO;
UBS I;GO;101.0;10.0;SOJA;11026739P2008;NEO700 I2X;—;;SOJA DEST STE O820 IPRO BG ST;C2;P2;BG;27.0;946.0;C2;946;27.0;Cam.C;QD.34;F2;SIM;1.0;21/05/2026;MAI;Renato de Castro;Erivanilson de Oliveira;Rodrigo de Almeida;VALIDADO;
UBS I;GO;101.0;10.0;SOJA;11026739P2011;NEO700 I2X;—;;SOJA DEST STE O820 IPRO BG ST;C2;P2;BG;27.0;955.0;C2;955;27.0;Cam.C;QD.34;F3;SIM;1.0;21/05/2026;MAI;Renato de Castro;Erivanilson de Oliveira;Rodrigo de Almeida;VALIDADO;
UBS I;GO;101.0;10.0;SOJA;11026739P2013;NEO700 I2X;—;;SOJA DEST STE O820 IPRO BG ST;C2;P2;BG;27.0;964.0;C2;964;27.0;Cam.C;QD.34;F4;SIM;1.0;21/05/2026;MAI;Renato de Castro;Erivanilson de Oliveira;Rodrigo de Almeida;VALIDADO;
UBS I;GO;101.0;10.0;SOJA;11026739P2016;NEO700 I2X;—;;SOJA DEST STE O820 IPRO BG ST;C2;P2;BG;27.0;949.0;C2;949;27.0;Cam.C;QD.32;F1;SIM;1.0;21/05/2026;MAI;Renato de Castro;Erivanilson de Oliveira;Rodrigo de Almeida;VALIDADO;
UBS I;GO;101.0;10.0;SOJA;11026739P2019;NEO700 I2X;—;;SOJA DEST STE O820 IPRO BG ST;C2;P2;BG;27.0;973.0;C2;973;27.0;Cam.C;QD.32;F2;SIM;1.0;21/05/2026;MAI;Renato de Castro;Erivanilson de Oliveira;Rodrigo de Almeida;VALIDADO;
UBS I;GO;101.0;10.0;SOJA;11026739P2020;NEO700 I2X;—;;SOJA DEST STE O820 IPRO BG ST;C2;P2;BG;27.0;998.0;C2;998;27.0;Cam.C;QD.32;F4;SIM;1.0;21/05/2026;MAI;Renato de Castro;Erivanilson de Oliveira;Rodrigo de Almeida;VALIDADO;
UBS I;GO;101.0;10.0;SOJA;11026739P2022;NEO700 I2X;—;;SOJA DEST STE O820 IPRO BG ST;C2;P2;BG;27.0;969.0;C2;969;27.0;Cam.C;QD.32;F3;SIM;1.0;21/05/2026;MAI;Renato de Castro;Erivanilson de Oliveira;Rodrigo de Almeida;VALIDADO;
UBS I;GO;101.0;10.0;SOJA;11026739P2024;NEO700 I2X;—;;SOJA DEST STE O820 IPRO BG ST;C2;P2;BG;27.0;964.0;C2;964;27.0;Cam.C;QD.30;F3;SIM;1.0;21/05/2026;MAI;Renato de Castro;Erivanilson de Oliveira;Rodrigo de Almeida;VALIDADO;
UBS I;GO;101.0;10.0;SOJA;11026739P2026;NEO700 I2X;—;;SOJA DEST STE O820 IPRO BG ST;C2;P2;BG;27.0;956.0;C2;956;27.0;Cam.C;QD.30;F1;SIM;1.0;21/05/2026;MAI;Renato de Castro;Erivanilson de Oliveira;Rodrigo de Almeida;VALIDADO;
UBS I;GO;101.0;10.0;SOJA;11026739P2027;NEO700 I2X;—;;SOJA DEST STE O820 IPRO BG ST;C2;P2;BG;27.0;963.0;C2;963;27.0;Cam.C;QD.30;F2;SIM;1.0;21/05/2026;MAI;Renato de Castro;Erivanilson de Oliveira;Rodrigo de Almeida;VALIDADO;
UBS I;GO;101.0;10.0;SOJA;11026739P2029;NEO700 I2X;—;;SOJA DEST STE O820 IPRO BG ST;C2;P2;BG;27.0;958.0;C2;958;27.0;Cam.C;QD.30;F4;SIM;1.0;21/05/2026;MAI;Renato de Castro;Erivanilson de Oliveira;Rodrigo de Almeida;VALIDADO;
UBS I;GO;101.0;10.0;SOJA;11026739P2031;NEO700 I2X;—;;SOJA DEST STE O820 IPRO BG ST;C2;P2;BG;27.0;940.0;C2;940;27.0;Cam.C;QD.27;F1;SIM;1.0;21/05/2026;MAI;Renato de Castro;Erivanilson de Oliveira;Rodrigo de Almeida;VALIDADO;
UBS I;GO;101.0;10.0;SOJA;11026739P2032;NEO700 I2X;—;;SOJA DEST STE O820 IPRO BG ST;C2;P2;BG;27.0;956.0;C2;956;27.0;Cam.C;QD.27;F2;SIM;1.0;21/05/2026;MAI;Renato de Castro;Erivanilson de Oliveira;Rodrigo de Almeida;VALIDADO;
UBS I;GO;101.0;10.0;SOJA;11026739P2034;NEO700 I2X;—;;SOJA DEST STE O820 IPRO BG ST;C2;P2;BG;27.0;937.0;C2;937;27.0;Cam.C;QD.27;F3;SIM;1.0;21/05/2026;MAI;Renato de Castro;Erivanilson de Oliveira;Rodrigo de Almeida;VALIDADO;
UBS I;GO;101.0;10.0;SOJA;11026739P2037;NEO700 I2X;—;;SOJA DEST STE O820 IPRO BG ST;C2;P2;BG;27.0;931.0;C2;931;27.0;Cam.C;QD.27;F4;SIM;1.0;21/05/2026;MAI;Renato de Castro;Erivanilson de Oliveira;Rodrigo de Almeida;VALIDADO;
UBS I;GO;101.0;10.0;SOJA;11026739P2039;NEO700 I2X;—;;SOJA DEST STE O820 IPRO BG ST;C2;P2;BG;27.0;948.0;C2;948;27.0;Cam.C;QD.25;F1;SIM;1.0;21/05/2026;MAI;Renato de Castro;Erivanilson de Oliveira;Rodrigo de Almeida;VALIDADO;
UBS I;GO;101.0;10.0;SOJA;11026739P2040;NEO700 I2X;—;;SOJA DEST STE O820 IPRO BG ST;C2;P2;BG;27.0;950.0;C2;950;27.0;Cam.C;QD.25;F2;SIM;1.0;21/05/2026;MAI;Renato de Castro;Erivanilson de Oliveira;Rodrigo de Almeida;VALIDADO;
UBS I;GO;101.0;10.0;SOJA;11026739P2042;NEO700 I2X;—;;SOJA DEST STE O820 IPRO BG ST;C2;P2;BG;27.0;981.0;C2;981;27.0;Cam.C;QD.25;F3;SIM;1.0;21/05/2026;MAI;Renato de Castro;Erivanilson de Oliveira;Rodrigo de Almeida;VALIDADO;
UBS I;GO;101.0;10.0;SOJA;11026739P2044;NEO700 I2X;—;;SOJA DEST STE O820 IPRO BG ST;C2;P2;BG;17.0;977.0;C2;977;17.0;Cam.C;QD.25;F4;SIM;1.0;21/05/2026;MAI;Renato de Castro;Erivanilson de Oliveira;Rodrigo de Almeida;VALIDADO;
UBS I;GO;101.0;10.0;SOJA;11026739P2321;NEO700 I2X;—;;SOJA DEST STE O820 IPRO BG ST;C2;P2;BG;27.0;988.0;C2;988;27.0;Cam.C;QD.17;F3;SIM;1.0;21/05/2026;MAI;Renato de Castro;Erivanilson de Oliveira;Rodrigo de Almeida;VALIDADO;
UBS I;GO;101.0;10.0;SOJA;11026739P2323;NEO700 I2X;—;;SOJA DEST STE O820 IPRO BG ST;C2;P2;BG;27.0;977.0;C2;977;27.0;Cam.C;QD.11;F2;SIM;1.0;21/05/2026;MAI;Renato de Castro;Erivanilson de Oliveira;Rodrigo de Almeida;VALIDADO;
UBS I;GO;101.0;10.0;SOJA;11026739P2325;NEO700 I2X;—;;SOJA DEST STE O820 IPRO BG ST;C2;P2;BG;27.0;986.0;C2;986;27.0;Cam.C;QD.11;F3;SIM;1.0;21/05/2026;MAI;Renato de Castro;Erivanilson de Oliveira;Rodrigo de Almeida;VALIDADO;
UBS I;GO;101.0;10.0;SOJA;11026739P2326;NEO700 I2X;—;;SOJA DEST STE O820 IPRO BG ST;C2;P2;BG;27.0;983.0;C2;983;27.0;Cam.C;QD.10;F2;SIM;1.0;21/05/2026;MAI;Renato de Castro;Erivanilson de Oliveira;Rodrigo de Almeida;VALIDADO;
UBS I;GO;101.0;10.0;SOJA;11026739P2327;NEO700 I2X;—;;SOJA DEST STE O820 IPRO BG ST;C2;P2;BG;27.0;968.0;C2;968;27.0;Cam.C;QD.10;F3;SIM;1.0;21/05/2026;MAI;Renato de Castro;Erivanilson de Oliveira;Rodrigo de Almeida;VALIDADO;
UBS I;GO;101.0;10.0;SOJA;11026739P2330;NEO700 I2X;—;;SOJA DEST STE O820 IPRO BG ST;S2;P2;BG;27.0;955.0;S2;955;27.0;Cam.C;QD.28;F3;SIM;1.0;21/05/2026;MAI;Renato de Castro;Erivanilson de Oliveira;Rodrigo de Almeida;VALIDADO;
UBS I;GO;101.0;10.0;SOJA;11026739P2331;NEO700 I2X;—;;SOJA DEST STE O820 IPRO BG ST;S2;P2;BG;27.0;939.0;S2;939;27.0;Cam.C;QD.17;F2;SIM;1.0;21/05/2026;MAI;Renato de Castro;Erivanilson de Oliveira;Rodrigo de Almeida;VALIDADO;
UBS I;GO;101.0;10.0;SOJA;11026739P2333;NEO700 I2X;—;;SOJA DEST STE O820 IPRO BG ST;S2;P2;BG;27.0;970.0;S2;970;27.0;Cam.C;QD.28;F2;SIM;1.0;21/05/2026;MAI;Renato de Castro;Erivanilson de Oliveira;Rodrigo de Almeida;VALIDADO;
UBS I;GO;101.0;10.0;SOJA;11026739P2334;NEO700 I2X;—;;SOJA DEST STE O820 IPRO BG ST;S2;P2;BG;27.0;985.0;S2;985;27.0;Cam.C;QD.13;F3;SIM;1.0;21/05/2026;MAI;Renato de Castro;Erivanilson de Oliveira;Rodrigo de Almeida;VALIDADO;
UBS I;GO;101.0;10.0;SOJA;11026739P2335;NEO700 I2X;—;;SOJA DEST STE O820 IPRO BG ST;S2;P2;BG;16.0;989.0;S2;989;16.0;Cam.C;QD.26;F4;SIM;1.0;21/05/2026;MAI;Renato de Castro;Erivanilson de Oliveira;Rodrigo de Almeida;VALIDADO;
UBS I;GO;101.0;10.0;SOJA;11026740P1046;NEO771 I2X;—;;SOJA DEST STE O820 IPRO BG ST;C2;P1;BG;30.0;684.0;C2;684;30.0;Cam.A;QD.02;F1;SIM;1.0;21/05/2026;MAI;Renato de Castro;Erivanilson de Oliveira;Rodrigo de Almeida;VALIDADO;
UBS I;GO;101.0;10.0;SOJA;11026740P1048;NEO771 I2X;—;;SOJA DEST STE O820 IPRO BG ST;C2;P1;BG;30.0;693.0;C2;693;30.0;Cam.A;QD.02;F2;SIM;1.0;21/05/2026;MAI;Renato de Castro;Erivanilson de Oliveira;Rodrigo de Almeida;VALIDADO;
UBS I;GO;101.0;10.0;SOJA;11026740P1050;NEO771 I2X;—;;SOJA DEST STE O820 IPRO BG ST;C2;P1;BG;30.0;697.0;C2;697;30.0;Cam.A;QD.02;F3;SIM;1.0;21/05/2026;MAI;Renato de Castro;Erivanilson de Oliveira;Rodrigo de Almeida;VALIDADO;
UBS I;GO;101.0;10.0;SOJA;11026740P1052;NEO771 I2X;—;;SOJA DEST STE O820 IPRO BG ST;C2;P1;BG;30.0;696.0;C2;696;30.0;Cam.A;QD.02;F4;SIM;1.0;21/05/2026;MAI;Renato de Castro;Erivanilson de Oliveira;Rodrigo de Almeida;VALIDADO;
UBS I;GO;101.0;10.0;SOJA;11026740P1054;NEO771 I2X;—;;SOJA DEST STE O820 IPRO BG ST;C2;P1;BG;30.0;698.0;C2;698;30.0;Cam.A;QD.04;F1;SIM;1.0;21/05/2026;MAI;Renato de Castro;Erivanilson de Oliveira;Rodrigo de Almeida;VALIDADO;
UBS I;GO;101.0;10.0;SOJA;11026740P1056;NEO771 I2X;—;;SOJA DEST STE O820 IPRO BG ST;C2;P1;BG;30.0;699.0;C2;699;30.0;Cam.A;QD.04;F2;SIM;1.0;21/05/2026;MAI;Renato de Castro;Erivanilson de Oliveira;Rodrigo de Almeida;VALIDADO;
UBS I;GO;101.0;10.0;SOJA;11026740P1058;NEO771 I2X;—;;SOJA DEST STE O820 IPRO BG ST;C2;P1;BG;30.0;696.0;C2;696;30.0;Cam.A;QD.04;F3;SIM;1.0;21/05/2026;MAI;Renato de Castro;Erivanilson de Oliveira;Rodrigo de Almeida;VALIDADO;
UBS I;GO;101.0;10.0;SOJA;11026740P1093;NEO771 I2X;—;;SOJA DEST STE O820 IPRO BG ST;C2;P1;BG;30.0;708.0;C2;708;30.0;Cam.A;QD.04;F4;SIM;1.0;21/05/2026;MAI;Renato de Castro;Erivanilson de Oliveira;Rodrigo de Almeida;VALIDADO;
UBS I;GO;101.0;10.0;SOJA;11026740P1094;NEO771 I2X;—;;SOJA DEST STE O820 IPRO BG ST;C2;P1;BG;30.0;715.0;C2;715;30.0;Cam.A;QD.06;F1;SIM;1.0;21/05/2026;MAI;Renato de Castro;Erivanilson de Oliveira;Rodrigo de Almeida;VALIDADO;
UBS I;GO;101.0;10.0;SOJA;11026740P1096;NEO771 I2X;—;;SOJA DEST STE O820 IPRO BG ST;C2;P1;BG;30.0;699.0;C2;699;30.0;Cam.A;QD.06;F2;SIM;1.0;21/05/2026;MAI;Renato de Castro;Erivanilson de Oliveira;Rodrigo de Almeida;VALIDADO;
UBS I;GO;101.0;10.0;SOJA;11026740P1098;NEO771 I2X;—;;SOJA DEST STE O820 IPRO BG ST;C2;P1;BG;30.0;712.0;C2;712;30.0;Cam.A;QD.06;F3;SIM;1.0;21/05/2026;MAI;Renato de Castro;Erivanilson de Oliveira;Rodrigo de Almeida;VALIDADO;
UBS I;GO;101.0;10.0;SOJA;11026740P1100;NEO771 I2X;—;;SOJA DEST STE O820 IPRO BG ST;C2;P1;BG;30.0;712.0;C2;712;30.0;Cam.A;QD.06;F4;SIM;1.0;21/05/2026;MAI;Renato de Castro;Erivanilson de Oliveira;Rodrigo de Almeida;VALIDADO;
UBS I;GO;101.0;10.0;SOJA;11026740P1101;NEO771 I2X;—;;SOJA DEST STE O820 IPRO BG ST;C2;P1;BG;30.0;714.0;C2;714;30.0;Cam.A;QD.07;F1;SIM;1.0;21/05/2026;MAI;Renato de Castro;Erivanilson de Oliveira;Rodrigo de Almeida;VALIDADO;
UBS I;GO;101.0;10.0;SOJA;11026740P1103;NEO771 I2X;—;;SOJA DEST STE O820 IPRO BG ST;C2;P1;BG;30.0;718.0;C2;718;30.0;Cam.A;QD.07;F2;SIM;1.0;21/05/2026;MAI;Renato de Castro;Erivanilson de Oliveira;Rodrigo de Almeida;VALIDADO;
UBS I;GO;101.0;10.0;SOJA;11026740P1105;NEO771 I2X;—;;SOJA DEST STE O820 IPRO BG ST;C2;P1;BG;30.0;721.0;C2;721;30.0;Cam.A;QD.07;F3;SIM;1.0;21/05/2026;MAI;Renato de Castro;Erivanilson de Oliveira;Rodrigo de Almeida;VALIDADO;
UBS I;GO;101.0;10.0;SOJA;11026740P1107;NEO771 I2X;—;;SOJA DEST STE O820 IPRO BG ST;C2;P1;BG;30.0;718.0;C2;718;30.0;Cam.A;QD.07;F4;SIM;1.0;21/05/2026;MAI;Renato de Castro;Erivanilson de Oliveira;Rodrigo de Almeida;VALIDADO;
UBS I;GO;101.0;10.0;SOJA;11026740P1109;NEO771 I2X;—;;SOJA DEST STE O820 IPRO BG ST;C2;P1;BG;30.0;721.0;C2;721;30.0;Cam.A;QD.09;F1;SIM;1.0;21/05/2026;MAI;Renato de Castro;Erivanilson de Oliveira;Rodrigo de Almeida;VALIDADO;
UBS I;GO;101.0;10.0;SOJA;11026740P1111;NEO771 I2X;—;;SOJA DEST STE O820 IPRO BG ST;C2;P1;BG;30.0;728.0;C2;728;30.0;Cam.A;QD.09;F2;SIM;1.0;21/05/2026;MAI;Renato de Castro;Erivanilson de Oliveira;Rodrigo de Almeida;VALIDADO;
UBS I;GO;101.0;10.0;SOJA;11026740P1113;NEO771 I2X;—;;SOJA DEST STE O820 IPRO BG ST;C2;P1;BG;30.0;710.0;C2;710;30.0;Cam.A;QD.09;F3;SIM;1.0;21/05/2026;MAI;Renato de Castro;Erivanilson de Oliveira;Rodrigo de Almeida;VALIDADO;
UBS I;GO;101.0;10.0;SOJA;11026740P1114;NEO771 I2X;—;;SOJA DEST STE O820 IPRO BG ST;C2;P1;BG;30.0;715.0;C2;715;30.0;Cam.A;QD.09;F4;SIM;1.0;21/05/2026;MAI;Renato de Castro;Erivanilson de Oliveira;Rodrigo de Almeida;VALIDADO;
UBS I;GO;101.0;10.0;SOJA;11026740P1116;NEO771 I2X;—;;SOJA DEST STE O820 IPRO BG ST;C2;P1;BG;30.0;709.0;C2;709;30.0;Cam.A;QD.11;F1;SIM;1.0;21/05/2026;MAI;Renato de Castro;Erivanilson de Oliveira;Rodrigo de Almeida;VALIDADO;
UBS I;GO;101.0;10.0;SOJA;11026740P1118;NEO771 I2X;—;;SOJA DEST STE O820 IPRO BG ST;C2;P1;BG;30.0;705.0;C2;705;30.0;Cam.A;QD.11;F2;SIM;1.0;21/05/2026;MAI;Renato de Castro;Erivanilson de Oliveira;Rodrigo de Almeida;VALIDADO;
UBS I;GO;101.0;10.0;SOJA;11026740P1119;NEO771 I2X;—;;SOJA DEST STE O820 IPRO BG ST;C2;P1;BG;30.0;702.0;C2;702;30.0;Cam.A;QD.11;F3;SIM;1.0;21/05/2026;MAI;Renato de Castro;Erivanilson de Oliveira;Rodrigo de Almeida;VALIDADO;
UBS I;GO;101.0;10.0;SOJA;11026740P1121;NEO771 I2X;—;;SOJA DEST STE O820 IPRO BG ST;C2;P1;BG;30.0;694.0;C2;694;30.0;Cam.A;QD.11;F4;SIM;1.0;21/05/2026;MAI;Renato de Castro;Erivanilson de Oliveira;Rodrigo de Almeida;VALIDADO;
UBS I;GO;101.0;10.0;SOJA;11026740P1123;NEO771 I2X;—;;SOJA DEST STE O820 IPRO BG ST;C2;P1;BG;30.0;705.0;C2;705;30.0;Cam.A;QD.12;F2;SIM;1.0;21/05/2026;MAI;Renato de Castro;Erivanilson de Oliveira;Rodrigo de Almeida;VALIDADO;
UBS I;GO;101.0;10.0;SOJA;11026740P1124;NEO771 I2X;—;;SOJA DEST STE O820 IPRO BG ST;C2;P1;BG;30.0;708.0;C2;708;30.0;Cam.A;QD.12;F1;SIM;1.0;21/05/2026;MAI;Renato de Castro;Erivanilson de Oliveira;Rodrigo de Almeida;VALIDADO;
UBS I;GO;101.0;10.0;SOJA;11026740P1126;NEO771 I2X;—;;SOJA DEST STE O820 IPRO BG ST;C2;P1;BG;30.0;713.0;C2;713;30.0;Cam.A;QD.12;F3;SIM;1.0;21/05/2026;MAI;Renato de Castro;Erivanilson de Oliveira;Rodrigo de Almeida;VALIDADO;
UBS I;GO;101.0;10.0;SOJA;11026740P1128;NEO771 I2X;—;;SOJA DEST STE O820 IPRO BG ST;C2;P1;BG;30.0;718.0;C2;718;30.0;Cam.A;QD.14;F1;SIM;1.0;21/05/2026;MAI;Renato de Castro;Erivanilson de Oliveira;Rodrigo de Almeida;VALIDADO;
UBS I;GO;101.0;10.0;SOJA;11026740P1130;NEO771 I2X;—;;SOJA DEST STE O820 IPRO BG ST;C2;P1;BG;30.0;710.0;C2;710;30.0;Cam.A;QD.14;F2;SIM;1.0;21/05/2026;MAI;Renato de Castro;Erivanilson de Oliveira;Rodrigo de Almeida;VALIDADO;
UBS I;GO;101.0;10.0;SOJA;11026740P1131;NEO771 I2X;—;;SOJA DEST STE O820 IPRO BG ST;C2;P1;BG;30.0;712.0;C2;712;30.0;Cam.A;QD.14;F3;SIM;1.0;21/05/2026;MAI;Renato de Castro;Erivanilson de Oliveira;Rodrigo de Almeida;VALIDADO;
UBS I;GO;101.0;10.0;SOJA;11026740P1133;NEO771 I2X;—;;SOJA DEST STE O820 IPRO BG ST;C2;P1;BG;30.0;713.0;C2;713;30.0;Cam.A;QD.16;F2;SIM;1.0;21/05/2026;MAI;Renato de Castro;Erivanilson de Oliveira;Rodrigo de Almeida;VALIDADO;
UBS I;GO;101.0;10.0;SOJA;11026740P1135;NEO771 I2X;—;;SOJA DEST STE O820 IPRO BG ST;C2;P1;BG;30.0;712.0;C2;712;30.0;Cam.A;QD.16;F1;SIM;1.0;21/05/2026;MAI;Renato de Castro;Erivanilson de Oliveira;Rodrigo de Almeida;VALIDADO;
UBS I;GO;101.0;10.0;SOJA;11026740P1137;NEO771 I2X;—;;SOJA DEST STE O820 IPRO BG ST;C2;P1;BG;30.0;710.0;C2;710;30.0;Cam.A;QD.16;F3;SIM;1.0;21/05/2026;MAI;Renato de Castro;Erivanilson de Oliveira;Rodrigo de Almeida;VALIDADO;
UBS I;GO;101.0;10.0;SOJA;11026740P1138;NEO771 I2X;—;;SOJA DEST STE O820 IPRO BG ST;C2;P1;BG;30.0;713.0;C2;713;30.0;Cam.A;QD.17;F2;SIM;1.0;21/05/2026;MAI;Renato de Castro;Erivanilson de Oliveira;Rodrigo de Almeida;VALIDADO;
UBS I;GO;101.0;10.0;SOJA;11026740P1140;NEO771 I2X;—;;SOJA DEST STE O820 IPRO BG ST;C2;P1;BG;30.0;723.0;C2;723;30.0;Cam.A;QD.17;F1;SIM;1.0;21/05/2026;MAI;Renato de Castro;Erivanilson de Oliveira;Rodrigo de Almeida;VALIDADO;
UBS I;GO;101.0;10.0;SOJA;11026740P1142;NEO771 I2X;—;;SOJA DEST STE O820 IPRO BG ST;C2;P1;BG;30.0;705.0;C2;705;30.0;Cam.A;QD.17;F3;SIM;1.0;21/05/2026;MAI;Renato de Castro;Erivanilson de Oliveira;Rodrigo de Almeida;VALIDADO;
UBS I;GO;101.0;10.0;SOJA;11026740P1144;NEO771 I2X;—;;SOJA DEST STE O820 IPRO BG ST;C2;P1;BG;30.0;697.0;C2;697;30.0;Cam.A;QD.19;F1;SIM;1.0;21/05/2026;MAI;Renato de Castro;Erivanilson de Oliveira;Rodrigo de Almeida;VALIDADO;
UBS I;GO;101.0;10.0;SOJA;11026740P1145;NEO771 I2X;—;;SOJA DEST STE O820 IPRO BG ST;C2;P1;BG;30.0;708.0;C2;708;30.0;Cam.A;QD.19;F2;SIM;1.0;21/05/2026;MAI;Renato de Castro;Erivanilson de Oliveira;Rodrigo de Almeida;VALIDADO;
UBS I;GO;101.0;10.0;SOJA;11026740P1146;NEO771 I2X;—;;SOJA DEST STE O820 IPRO BG ST;C2;P1;BG;30.0;683.0;C2;683;30.0;Cam.A;QD.19;F3;SIM;1.0;21/05/2026;MAI;Renato de Castro;Erivanilson de Oliveira;Rodrigo de Almeida;VALIDADO;
UBS I;GO;101.0;10.0;SOJA;11026740P1147;NEO771 I2X;—;;SOJA DEST STE O820 IPRO BG ST;C2;P1;BG;30.0;690.0;C2;690;30.0;Cam.A;QD.21;F1;SIM;1.0;21/05/2026;MAI;Renato de Castro;Erivanilson de Oliveira;Rodrigo de Almeida;VALIDADO;
UBS I;GO;101.0;10.0;SOJA;11026740P1149;NEO771 I2X;—;;SOJA DEST STE O820 IPRO BG ST;C2;P1;BG;30.0;704.0;C2;704;30.0;Cam.A;QD.21;F2;SIM;1.0;21/05/2026;MAI;Renato de Castro;Erivanilson de Oliveira;Rodrigo de Almeida;VALIDADO;
UBS I;GO;101.0;10.0;SOJA;11026740P1150;NEO771 I2X;—;;SOJA DEST STE O820 IPRO BG ST;C2;P1;BG;22.0;705.0;C2;705;22.0;Cam.A;QD.21;F3;SIM;1.0;21/05/2026;MAI;Renato de Castro;Erivanilson de Oliveira;Rodrigo de Almeida;VALIDADO;
UBS I;GO;101.0;10.0;SOJA;11026740P1169;NEO771 I2X;—;;SOJA DEST STE O820 IPRO BG ST;C2;P1;BG;30.0;735.0;C2;735;30.0;Cam.A;QD.31;F2;SIM;1.0;21/05/2026;MAI;Renato de Castro;Erivanilson de Oliveira;Rodrigo de Almeida;VALIDADO;
UBS I;GO;101.0;10.0;SOJA;11026740P1171;NEO771 I2X;—;;SOJA DEST STE O820 IPRO BG ST;C2;P1;BG;30.0;732.0;C2;732;30.0;Cam.A;QD.31;F3;SIM;1.0;21/05/2026;MAI;Renato de Castro;Erivanilson de Oliveira;Rodrigo de Almeida;VALIDADO;
UBS I;GO;101.0;10.0;SOJA;11026740P1173;NEO771 I2X;—;;SOJA DEST STE O820 IPRO BG ST;C2;P1;BG;30.0;716.0;C2;716;30.0;Cam.A;QD.26;F1;SIM;1.0;21/05/2026;MAI;Renato de Castro;Erivanilson de Oliveira;Rodrigo de Almeida;VALIDADO;
UBS I;GO;101.0;10.0;SOJA;11026740P1175;NEO771 I2X;—;;SOJA DEST STE O820 IPRO BG ST;C2;P1;BG;30.0;741.0;C2;741;30.0;Cam.A;QD.26;F2;SIM;1.0;21/05/2026;MAI;Renato de Castro;Erivanilson de Oliveira;Rodrigo de Almeida;VALIDADO;
UBS I;GO;101.0;10.0;SOJA;11026740P1176;NEO771 I2X;—;;SOJA DEST STE O820 IPRO BG ST;C2;P1;BG;30.0;732.0;C2;732;30.0;Cam.A;QD.26;F3;SIM;1.0;21/05/2026;MAI;Renato de Castro;Erivanilson de Oliveira;Rodrigo de Almeida;VALIDADO;
UBS I;GO;101.0;10.0;SOJA;11026740P1178;NEO771 I2X;—;;SOJA DEST STE O820 IPRO BG ST;C2;P1;BG;30.0;742.0;C2;742;30.0;Cam.A;QD.29;F2;SIM;1.0;21/05/2026;MAI;Renato de Castro;Erivanilson de Oliveira;Rodrigo de Almeida;VALIDADO;
UBS I;GO;101.0;10.0;SOJA;11026740P1181;NEO771 I2X;—;;SOJA DEST STE O820 IPRO BG ST;C2;P1;BG;30.0;734.0;C2;734;30.0;Cam.A;QD.29;F3;SIM;1.0;21/05/2026;MAI;Renato de Castro;Erivanilson de Oliveira;Rodrigo de Almeida;VALIDADO;
UBS I;GO;101.0;10.0;SOJA;11026740P1183;NEO771 I2X;—;;SOJA DEST STE O820 IPRO BG ST;C2;P1;BG;30.0;738.0;C2;738;30.0;Cam.A;QD.31;F1;SIM;1.0;21/05/2026;MAI;Renato de Castro;Erivanilson de Oliveira;Rodrigo de Almeida;VALIDADO;
UBS I;GO;101.0;10.0;SOJA;11026740P1185;NEO771 I2X;—;;SOJA DEST STE O820 IPRO BG ST;C2;P1;BG;24.0;743.0;C2;743;24.0;Cam.A;QD.29;F1;SIM;1.0;21/05/2026;MAI;Renato de Castro;Erivanilson de Oliveira;Rodrigo de Almeida;VALIDADO;
UBS I;GO;101.0;10.0;SOJA;11026740P2045;NEO771 I2X;—;;SOJA DEST STE O820 IPRO BG ST;C2;P2;BG;30.0;834.0;C2;834;30.0;Cam.A;QD.01;F2;SIM;1.0;21/05/2026;MAI;Renato de Castro;Erivanilson de Oliveira;Rodrigo de Almeida;VALIDADO;
UBS I;GO;101.0;10.0;SOJA;11026740P2047;NEO771 I2X;—;;SOJA DEST STE O820 IPRO BG ST;C2;P2;BG;30.0;856.0;C2;856;30.0;Cam.A;QD.01;F1;SIM;1.0;21/05/2026;MAI;Renato de Castro;Erivanilson de Oliveira;Rodrigo de Almeida;VALIDADO;
UBS I;GO;101.0;10.0;SOJA;11026740P2049;NEO771 I2X;—;;SOJA DEST STE O820 IPRO BG ST;C2;P2;BG;30.0;872.0;C2;872;30.0;Cam.A;QD.01;F4;SIM;1.0;21/05/2026;MAI;Renato de Castro;Erivanilson de Oliveira;Rodrigo de Almeida;VALIDADO;
UBS I;GO;101.0;10.0;SOJA;11026740P2051;NEO771 I2X;—;;SOJA DEST STE O820 IPRO BG ST;C2;P2;BG;30.0;876.0;C2;876;30.0;Cam.A;QD.01;F3;SIM;1.0;21/05/2026;MAI;Renato de Castro;Erivanilson de Oliveira;Rodrigo de Almeida;VALIDADO;
UBS I;GO;101.0;10.0;SOJA;11026740P2053;NEO771 I2X;—;;SOJA DEST STE O820 IPRO BG ST;C2;P2;BG;30.0;852.0;C2;852;30.0;Cam.A;QD.03;F1;SIM;1.0;21/05/2026;MAI;Renato de Castro;Erivanilson de Oliveira;Rodrigo de Almeida;VALIDADO;
UBS I;GO;101.0;10.0;SOJA;11026740P2055;NEO771 I2X;—;;SOJA DEST STE O820 IPRO BG ST;C2;P2;BG;30.0;854.0;C2;854;30.0;Cam.A;QD.03;F2;SIM;1.0;21/05/2026;MAI;Renato de Castro;Erivanilson de Oliveira;Rodrigo de Almeida;VALIDADO;
UBS I;GO;101.0;10.0;SOJA;11026740P2057;NEO771 I2X;—;;SOJA DEST STE O820 IPRO BG ST;C2;P2;BG;30.0;883.0;C2;883;30.0;Cam.A;QD.03;F3;SIM;1.0;21/05/2026;MAI;Renato de Castro;Erivanilson de Oliveira;Rodrigo de Almeida;VALIDADO;
UBS I;GO;101.0;10.0;SOJA;11026740P2059;NEO771 I2X;—;;SOJA DEST STE O820 IPRO BG ST;C2;P2;BG;30.0;868.0;C2;868;30.0;Cam.A;QD.05;F1;SIM;1.0;21/05/2026;MAI;Renato de Castro;Erivanilson de Oliveira;Rodrigo de Almeida;VALIDADO;
UBS I;GO;101.0;10.0;SOJA;11026740P2092;NEO771 I2X;—;;SOJA DEST STE O820 IPRO BG ST;C2;P2;BG;30.0;881.0;C2;881;30.0;Cam.A;QD.03;F4;SIM;1.0;21/05/2026;MAI;Renato de Castro;Erivanilson de Oliveira;Rodrigo de Almeida;VALIDADO;
UBS I;GO;101.0;10.0;SOJA;11026740P2095;NEO771 I2X;—;;SOJA DEST STE O820 IPRO BG ST;C2;P2;BG;30.0;862.0;C2;862;30.0;Cam.A;QD.05;F2;SIM;1.0;21/05/2026;MAI;Renato de Castro;Erivanilson de Oliveira;Rodrigo de Almeida;VALIDADO;
UBS I;GO;101.0;10.0;SOJA;11026740P2097;NEO771 I2X;—;;SOJA DEST STE O820 IPRO BG ST;C2;P2;BG;30.0;896.0;C2;896;30.0;Cam.A;QD.05;F3;SIM;1.0;21/05/2026;MAI;Renato de Castro;Erivanilson de Oliveira;Rodrigo de Almeida;VALIDADO;
UBS I;GO;101.0;10.0;SOJA;11026740P2099;NEO771 I2X;—;;SOJA DEST STE O820 IPRO BG ST;C2;P2;BG;30.0;904.0;C2;904;30.0;Cam.A;QD.08;F1;SIM;1.0;21/05/2026;MAI;Renato de Castro;Erivanilson de Oliveira;Rodrigo de Almeida;VALIDADO;
UBS I;GO;101.0;10.0;SOJA;11026740P2102;NEO771 I2X;—;;SOJA DEST STE O820 IPRO BG ST;C2;P2;BG;30.0;882.0;C2;882;30.0;Cam.A;QD.05;F4;SIM;1.0;21/05/2026;MAI;Renato de Castro;Erivanilson de Oliveira;Rodrigo de Almeida;VALIDADO;
UBS I;GO;101.0;10.0;SOJA;11026740P2104;NEO771 I2X;—;;SOJA DEST STE O820 IPRO BG ST;C2;P2;BG;30.0;882.0;C2;882;30.0;Cam.A;QD.08;F2;SIM;1.0;21/05/2026;MAI;Renato de Castro;Erivanilson de Oliveira;Rodrigo de Almeida;VALIDADO;
UBS I;GO;101.0;10.0;SOJA;11026740P2106;NEO771 I2X;—;;SOJA DEST STE O820 IPRO BG ST;C2;P2;BG;30.0;904.0;C2;904;30.0;Cam.A;QD.08;F3;SIM;1.0;21/05/2026;MAI;Renato de Castro;Erivanilson de Oliveira;Rodrigo de Almeida;VALIDADO;
UBS I;GO;101.0;10.0;SOJA;11026740P2108;NEO771 I2X;—;;SOJA DEST STE O820 IPRO BG ST;C2;P2;BG;30.0;897.0;C2;897;30.0;Cam.A;QD.08;F4;SIM;1.0;21/05/2026;MAI;Renato de Castro;Erivanilson de Oliveira;Rodrigo de Almeida;VALIDADO;
UBS I;GO;101.0;10.0;SOJA;11026740P2110;NEO771 I2X;—;;SOJA DEST STE O820 IPRO BG ST;C2;P2;BG;30.0;876.0;C2;876;30.0;Cam.A;QD.10;F1;SIM;1.0;21/05/2026;MAI;Renato de Castro;Erivanilson de Oliveira;Rodrigo de Almeida;VALIDADO;
UBS I;GO;101.0;10.0;SOJA;11026740P2112;NEO771 I2X;—;;SOJA DEST STE O820 IPRO BG ST;C2;P2;BG;30.0;866.0;C2;866;30.0;Cam.A;QD.10;F2;SIM;1.0;21/05/2026;MAI;Renato de Castro;Erivanilson de Oliveira;Rodrigo de Almeida;VALIDADO;
UBS I;GO;101.0;10.0;SOJA;11026740P2115;NEO771 I2X;—;;SOJA DEST STE O820 IPRO BG ST;C2;P2;BG;30.0;876.0;C2;876;30.0;Cam.A;QD.10;F3;SIM;1.0;21/05/2026;MAI;Renato de Castro;Erivanilson de Oliveira;Rodrigo de Almeida;VALIDADO;
UBS I;GO;101.0;10.0;SOJA;11026740P2117;NEO771 I2X;—;;SOJA DEST STE O820 IPRO BG ST;C2;P2;BG;30.0;884.0;C2;884;30.0;Cam.A;QD.10;F4;SIM;1.0;21/05/2026;MAI;Renato de Castro;Erivanilson de Oliveira;Rodrigo de Almeida;VALIDADO;
UBS I;GO;101.0;10.0;SOJA;11026740P2120;NEO771 I2X;—;;SOJA DEST STE O820 IPRO BG ST;C2;P2;BG;30.0;832.0;C2;832;30.0;Cam.A;QD.13;F2;SIM;1.0;21/05/2026;MAI;Renato de Castro;Erivanilson de Oliveira;Rodrigo de Almeida;VALIDADO;
UBS I;GO;101.0;10.0;SOJA;11026740P2122;NEO771 I2X;—;;SOJA DEST STE O820 IPRO BG ST;C2;P2;BG;30.0;848.0;C2;848;30.0;Cam.A;QD.13;F1;SIM;1.0;21/05/2026;MAI;Renato de Castro;Erivanilson de Oliveira;Rodrigo de Almeida;VALIDADO;
UBS I;GO;101.0;10.0;SOJA;11026740P2125;NEO771 I2X;—;;SOJA DEST STE O820 IPRO BG ST;C2;P2;BG;30.0;877.0;C2;877;30.0;Cam.A;QD.13;F3;SIM;1.0;21/05/2026;MAI;Renato de Castro;Erivanilson de Oliveira;Rodrigo de Almeida;VALIDADO;
UBS I;GO;101.0;10.0;SOJA;11026740P2127;NEO771 I2X;—;;SOJA DEST STE O820 IPRO BG ST;C2;P2;BG;30.0;892.0;C2;892;30.0;Cam.A;QD.15;F1;SIM;1.0;21/05/2026;MAI;Renato de Castro;Erivanilson de Oliveira;Rodrigo de Almeida;VALIDADO;
UBS I;GO;101.0;10.0;SOJA;11026740P2129;NEO771 I2X;—;;SOJA DEST STE O820 IPRO BG ST;C2;P2;BG;30.0;883.0;C2;883;30.0;Cam.A;QD.15;F2;SIM;1.0;21/05/2026;MAI;Renato de Castro;Erivanilson de Oliveira;Rodrigo de Almeida;VALIDADO;
UBS I;GO;101.0;10.0;SOJA;11026740P2132;NEO771 I2X;—;;SOJA DEST STE O820 IPRO BG ST;C2;P2;BG;30.0;883.0;C2;883;30.0;Cam.A;QD.15;F3;SIM;1.0;21/05/2026;MAI;Renato de Castro;Erivanilson de Oliveira;Rodrigo de Almeida;VALIDADO;
UBS I;GO;101.0;10.0;SOJA;11026740P2134;NEO771 I2X;—;;SOJA DEST STE O820 IPRO BG ST;C2;P2;BG;30.0;867.0;C2;867;30.0;Cam.A;QD.18;F1;SIM;1.0;21/05/2026;MAI;Renato de Castro;Erivanilson de Oliveira;Rodrigo de Almeida;VALIDADO;
UBS I;GO;101.0;10.0;SOJA;11026740P2136;NEO771 I2X;—;;SOJA DEST STE O820 IPRO BG ST;C2;P2;BG;30.0;852.0;C2;852;30.0;Cam.A;QD.18;F2;SIM;1.0;21/05/2026;MAI;Renato de Castro;Erivanilson de Oliveira;Rodrigo de Almeida;VALIDADO;
UBS I;GO;101.0;10.0;SOJA;11026740P2139;NEO771 I2X;—;;SOJA DEST STE O820 IPRO BG ST;C2;P2;BG;30.0;879.0;C2;879;30.0;Cam.A;QD.20;F1;SIM;1.0;21/05/2026;MAI;Renato de Castro;Erivanilson de Oliveira;Rodrigo de Almeida;VALIDADO;
UBS I;GO;101.0;10.0;SOJA;11026740P2141;NEO771 I2X;—;;SOJA DEST STE O820 IPRO BG ST;C2;P2;BG;30.0;861.0;C2;861;30.0;Cam.A;QD.18;F3;SIM;1.0;21/05/2026;MAI;Renato de Castro;Erivanilson de Oliveira;Rodrigo de Almeida;VALIDADO;
UBS I;GO;101.0;10.0;SOJA;11026740P2143;NEO771 I2X;—;;SOJA DEST STE O820 IPRO BG ST;C2;P2;BG;30.0;853.0;C2;853;30.0;Cam.A;QD.20;F2;SIM;1.0;21/05/2026;MAI;Renato de Castro;Erivanilson de Oliveira;Rodrigo de Almeida;VALIDADO;
UBS I;GO;101.0;10.0;SOJA;11026740P2148;NEO771 I2X;—;;SOJA DEST STE O820 IPRO BG ST;C2;P2;BG;26.0;820.0;C2;820;26.0;Cam.A;QD.20;F3;SIM;1.0;21/05/2026;MAI;Renato de Castro;Erivanilson de Oliveira;Rodrigo de Almeida;VALIDADO;
UBS I;GO;101.0;10.0;SOJA;11026740P2170;NEO771 I2X;—;;SOJA DEST STE O820 IPRO BG ST;C2;P2;BG;30.0;878.0;C2;878;30.0;Cam.A;QD.28;F2;SIM;1.0;21/05/2026;MAI;Renato de Castro;Erivanilson de Oliveira;Rodrigo de Almeida;VALIDADO;
UBS I;GO;101.0;10.0;SOJA;11026740P2172;NEO771 I2X;—;;SOJA DEST STE O820 IPRO BG ST;C2;P2;BG;30.0;859.0;C2;859;30.0;Cam.A;QD.28;F1;SIM;1.0;21/05/2026;MAI;Renato de Castro;Erivanilson de Oliveira;Rodrigo de Almeida;VALIDADO;
UBS I;GO;101.0;10.0;SOJA;11026740P2174;NEO771 I2X;—;;SOJA DEST STE O820 IPRO BG ST;C2;P2;BG;30.0;879.0;C2;879;30.0;Cam.A;QD.27;F3;SIM;1.0;21/05/2026;MAI;Renato de Castro;Erivanilson de Oliveira;Rodrigo de Almeida;VALIDADO;
UBS I;GO;101.0;10.0;SOJA;11026740P2177;NEO771 I2X;—;;SOJA DEST STE O820 IPRO BG ST;C2;P2;BG;30.0;872.0;C2;872;30.0;Cam.A;QD.27;F2;SIM;1.0;21/05/2026;MAI;Renato de Castro;Erivanilson de Oliveira;Rodrigo de Almeida;VALIDADO;
UBS I;GO;101.0;10.0;SOJA;11026740P2179;NEO771 I2X;—;;SOJA DEST STE O820 IPRO BG ST;C2;P2;BG;30.0;876.0;C2;876;30.0;Cam.A;QD.27;F1;SIM;1.0;21/05/2026;MAI;Renato de Castro;Erivanilson de Oliveira;Rodrigo de Almeida;VALIDADO;
UBS I;GO;101.0;10.0;SOJA;11026740P2180;NEO771 I2X;—;;SOJA DEST STE O820 IPRO BG ST;C2;P2;BG;30.0;872.0;C2;872;30.0;Cam.A;QD.28;F3;SIM;1.0;21/05/2026;MAI;Renato de Castro;Erivanilson de Oliveira;Rodrigo de Almeida;VALIDADO;
UBS I;GO;101.0;10.0;SOJA;11026740P2182;NEO771 I2X;—;;SOJA DEST STE O820 IPRO BG ST;C2;P2;BG;30.0;871.0;C2;871;30.0;Cam.B;QD.17;F2;SIM;1.0;21/05/2026;MAI;Renato de Castro;Erivanilson de Oliveira;Rodrigo de Almeida;VALIDADO;
UBS I;GO;101.0;10.0;SOJA;11026740P2184;NEO771 I2X;—;;SOJA DEST STE O820 IPRO BG ST;C2;P2;BG;23.0;870.0;C2;870;23.0;Cam.B;QD.17;F1;SIM;1.0;21/05/2026;MAI;Renato de Castro;Erivanilson de Oliveira;Rodrigo de Almeida;VALIDADO;
UBS I;GO;101.0;10.0;SOJA;11026757P1282;NEO780 CE;—;;SOJA DEST STE O820 IPRO BG ST;C1;P1;BG;30.0;729.0;C1;729;30.0;Cam.B;QD.30;F1;SIM;1.0;21/05/2026;MAI;Renato de Castro;Erivanilson de Oliveira;Rodrigo de Almeida;VALIDADO;
UBS I;GO;101.0;10.0;SOJA;11026757P1285;NEO780 CE;—;;SOJA DEST STE O820 IPRO BG ST;C1;P1;BG;30.0;760.0;C1;760;30.0;Cam.B;QD.30;F2;SIM;1.0;21/05/2026;MAI;Renato de Castro;Erivanilson de Oliveira;Rodrigo de Almeida;VALIDADO;
UBS I;GO;101.0;10.0;SOJA;11026757P1286;NEO780 CE;—;;SOJA DEST STE O820 IPRO BG ST;C1;P1;BG;30.0;740.0;C1;740;30.0;Cam.B;QD.30;F3;SIM;1.0;21/05/2026;MAI;Renato de Castro;Erivanilson de Oliveira;Rodrigo de Almeida;VALIDADO;
UBS I;GO;101.0;10.0;SOJA;11026757P1288;NEO780 CE;—;;SOJA DEST STE O820 IPRO BG ST;C1;P1;BG;6.0;733.0;C1;733;6.0;Cam.B;CORREDOR;(vazio);SIM;1.0;21/05/2026;MAI;Renato de Castro;Erivanilson de Oliveira;Rodrigo de Almeida;VALIDADO;
UBS I;GO;101.0;10.0;SOJA;11026757P2283;NEO780 CE;—;;SOJA DEST STE O820 IPRO BG ST;C1;P2;BG;30.0;929.0;C1;929;30.0;Cam.B;QD.31;F3;SIM;1.0;21/05/2026;MAI;Renato de Castro;Erivanilson de Oliveira;Rodrigo de Almeida;VALIDADO;
UBS I;GO;101.0;10.0;SOJA;11026757P2284;NEO780 CE;—;;SOJA DEST STE O820 IPRO BG ST;C1;P2;BG;30.0;913.0;C1;913;30.0;Cam.B;QD.29;F1;SIM;1.0;21/05/2026;MAI;Renato de Castro;Erivanilson de Oliveira;Rodrigo de Almeida;VALIDADO;
UBS I;GO;101.0;10.0;SOJA;11026757P2287;NEO780 CE;—;;SOJA DEST STE O820 IPRO BG ST;C1;P2;BG;30.0;900.0;C1;900;30.0;Cam.B;QD.29;F2;SIM;1.0;21/05/2026;MAI;Renato de Castro;Erivanilson de Oliveira;Rodrigo de Almeida;VALIDADO;
UBS I;GO;101.0;10.0;SOJA;11026764P1290;NEO791 CE;—;;SOJA DEST STE O820 IPRO BG ST;C1;P1;BG;30.0;583.0;C1;583;30.0;Cam.B;QD.20;F1;SIM;1.0;21/05/2026;MAI;Renato de Castro;Erivanilson de Oliveira;Rodrigo de Almeida;VALIDADO;
UBS I;GO;101.0;10.0;SOJA;11026764P1294;NEO791 CE;—;;SOJA DEST STE O820 IPRO BG ST;C1;P1;BG;30.0;544.0;C1;544;30.0;Cam.B;QD.20;F2;SIM;1.0;21/05/2026;MAI;Renato de Castro;Erivanilson de Oliveira;Rodrigo de Almeida;VALIDADO;
UBS I;GO;101.0;10.0;SOJA;11026764P1299;NEO791 CE;—;;SOJA DEST STE O820 IPRO BG ST;C1;P1;BG;9.0;553.0;C1;553;9.0;Cam.B;CORREDOR;(vazio);SIM;1.0;21/05/2026;MAI;Renato de Castro;Erivanilson de Oliveira;Rodrigo de Almeida;VALIDADO;
UBS I;GO;101.0;10.0;SOJA;11026764P2289;NEO791 CE;—;;SOJA DEST STE O820 IPRO BG ST;C1;P2;BG;30.0;712.0;C1;712;30.0;Cam.B;QD.18;F1;SIM;1.0;21/05/2026;MAI;Renato de Castro;Erivanilson de Oliveira;Rodrigo de Almeida;VALIDADO;
UBS I;GO;101.0;10.0;SOJA;11026764P2291;NEO791 CE;—;;SOJA DEST STE O820 IPRO BG ST;C1;P2;BG;30.0;720.0;C1;720;30.0;Cam.B;QD.18;F2;SIM;1.0;21/05/2026;MAI;Renato de Castro;Erivanilson de Oliveira;Rodrigo de Almeida;VALIDADO;
UBS I;GO;101.0;10.0;SOJA;11026764P2292;NEO791 CE;—;;SOJA DEST STE O820 IPRO BG ST;C1;P2;BG;30.0;770.0;C1;770;30.0;Cam.B;QD.18;F3;SIM;1.0;21/05/2026;MAI;Renato de Castro;Erivanilson de Oliveira;Rodrigo de Almeida;VALIDADO;
UBS I;GO;101.0;10.0;SOJA;11026764P2293;NEO791 CE;—;;SOJA DEST STE O820 IPRO BG ST;C1;P2;BG;30.0;718.0;C1;718;30.0;Cam.B;QD.18;F4;SIM;1.0;21/05/2026;MAI;Renato de Castro;Erivanilson de Oliveira;Rodrigo de Almeida;VALIDADO;
UBS I;GO;101.0;10.0;SOJA;11026764P2295;NEO791 CE;—;;SOJA DEST STE O820 IPRO BG ST;C1;P2;BG;30.0;720.0;C1;720;30.0;Cam.B;QD.19;F2;SIM;1.0;21/05/2026;MAI;Renato de Castro;Erivanilson de Oliveira;Rodrigo de Almeida;VALIDADO;
UBS I;GO;101.0;10.0;SOJA;11026764P2296;NEO791 CE;—;;SOJA DEST STE O820 IPRO BG ST;C1;P2;BG;30.0;717.0;C1;717;30.0;Cam.B;QD.19;F3;SIM;1.0;21/05/2026;MAI;Renato de Castro;Erivanilson de Oliveira;Rodrigo de Almeida;VALIDADO;
UBS I;GO;101.0;10.0;SOJA;11026764P2297;NEO791 CE;—;;SOJA DEST STE O820 IPRO BG ST;C1;P2;BG;30.0;725.0;C1;725;30.0;Cam.B;QD.19;F1;SIM;1.0;21/05/2026;MAI;Renato de Castro;Erivanilson de Oliveira;Rodrigo de Almeida;VALIDADO;
UBS I;GO;101.0;10.0;SOJA;11026764P2298;NEO791 CE;—;;SOJA DEST STE O820 IPRO BG ST;C1;P2;BG;18.0;723.0;C1;723;18.0;Cam.B;CORREDOR;(vazio);SIM;1.0;21/05/2026;MAI;Renato de Castro;Erivanilson de Oliveira;Rodrigo de Almeida;VALIDADO;
UBS I;GO;101.0;10.0;SOJA;11026714P1187;O790 IPRO;—;;SOJA DEST STE O820 IPRO BG ST;S1;P1;BG;30.0;765.0;S1;765;30.0;Cam.B;QD.16;F1;SIM;1.0;21/05/2026;MAI;Renato de Castro;Erivanilson de Oliveira;Rodrigo de Almeida;VALIDADO;
UBS I;GO;101.0;10.0;SOJA;11026714P1188;O790 IPRO;—;;SOJA DEST STE O820 IPRO BG ST;S1;P1;BG;30.0;771.0;S1;771;30.0;Cam.B;QD.16;F2;SIM;1.0;21/05/2026;MAI;Renato de Castro;Erivanilson de Oliveira;Rodrigo de Almeida;VALIDADO;
UBS I;GO;101.0;10.0;SOJA;11026714P1190;O790 IPRO;—;;SOJA DEST STE O820 IPRO BG ST;S1;P1;BG;30.0;780.0;S1;780;30.0;Cam.B;QD.17;F3;SIM;1.0;21/05/2026;MAI;Renato de Castro;Erivanilson de Oliveira;Rodrigo de Almeida;VALIDADO;
UBS I;GO;101.0;10.0;SOJA;11026714P1191;O790 IPRO;—;;SOJA DEST STE O820 IPRO BG ST;S1;P1;BG;10.0;767.0;S1;767;10.0;Cam.B;CORREDOR;(vazio);SIM;1.0;21/05/2026;MAI;Renato de Castro;Erivanilson de Oliveira;Rodrigo de Almeida;VALIDADO;
UBS I;GO;101.0;10.0;SOJA;11026714P1194;O790 IPRO;—;;SOJA DEST STE O820 IPRO BG ST;S1;P1;BG;30.0;695.0;S1;695;30.0;Cam.B;QD.16;F3;SIM;1.0;21/05/2026;MAI;Renato de Castro;Erivanilson de Oliveira;Rodrigo de Almeida;VALIDADO;
UBS I;GO;101.0;10.0;SOJA;11026714P1196;O790 IPRO;—;;SOJA DEST STE O820 IPRO BG ST;S1;P1;BG;30.0;694.0;S1;694;30.0;Cam.B;QD.13;F2;SIM;1.0;21/05/2026;MAI;Renato de Castro;Erivanilson de Oliveira;Rodrigo de Almeida;VALIDADO;
UBS I;GO;101.0;10.0;SOJA;11026714P1200;O790 IPRO;—;;SOJA DEST STE O820 IPRO BG ST;S1;P1;BG;30.0;696.0;S1;696;30.0;Cam.B;QD.13;F1;SIM;1.0;21/05/2026;MAI;Renato de Castro;Erivanilson de Oliveira;Rodrigo de Almeida;VALIDADO;
UBS I;GO;101.0;10.0;SOJA;11026714P1203;O790 IPRO;—;;SOJA DEST STE O820 IPRO BG ST;S1;P1;BG;30.0;711.0;S1;711;30.0;Cam.B;QD.41;F1;SIM;1.0;21/05/2026;MAI;Renato de Castro;Erivanilson de Oliveira;Rodrigo de Almeida;VALIDADO;
UBS I;GO;101.0;10.0;SOJA;11026714P1238;O790 IPRO;—;;SOJA DEST STE O820 IPRO BG ST;S1;P1;BG;30.0;706.0;S1;706;30.0;Cam.B;QD.41;F2;SIM;1.0;21/05/2026;MAI;Renato de Castro;Erivanilson de Oliveira;Rodrigo de Almeida;VALIDADO;
UBS I;GO;101.0;10.0;SOJA;11026714P1240;O790 IPRO;—;;SOJA DEST STE O820 IPRO BG ST;S1;P1;BG;30.0;705.0;S1;705;30.0;Cam.B;QD.41;F3;SIM;1.0;21/05/2026;MAI;Renato de Castro;Erivanilson de Oliveira;Rodrigo de Almeida;VALIDADO;
UBS I;GO;101.0;10.0;SOJA;11026714P1242;O790 IPRO;—;;SOJA DEST STE O820 IPRO BG ST;S1;P1;BG;30.0;705.0;S1;705;30.0;Cam.B;QD.41;F4;SIM;1.0;21/05/2026;MAI;Renato de Castro;Erivanilson de Oliveira;Rodrigo de Almeida;VALIDADO;
UBS I;GO;101.0;10.0;SOJA;11026714P1245;O790 IPRO;—;;SOJA DEST STE O820 IPRO BG ST;S1;P1;BG;30.0;711.0;S1;711;30.0;Cam.B;QD.36;F2;SIM;1.0;21/05/2026;MAI;Renato de Castro;Erivanilson de Oliveira;Rodrigo de Almeida;VALIDADO;
UBS I;GO;101.0;10.0;SOJA;11026714P1248;O790 IPRO;—;;SOJA DEST STE O820 IPRO BG ST;S1;P1;BG;30.0;707.0;S1;707;30.0;Cam.B;QD.36;F1;SIM;1.0;21/05/2026;MAI;Renato de Castro;Erivanilson de Oliveira;Rodrigo de Almeida;VALIDADO;
UBS I;GO;101.0;10.0;SOJA;11026714P1251;O790 IPRO;—;;SOJA DEST STE O820 IPRO BG ST;S1;P1;BG;30.0;701.0;S1;701;30.0;Cam.B;QD.36;F3;SIM;1.0;21/05/2026;MAI;Renato de Castro;Erivanilson de Oliveira;Rodrigo de Almeida;VALIDADO;
UBS I;GO;101.0;10.0;SOJA;11026714P1253;O790 IPRO;—;;SOJA DEST STE O820 IPRO BG ST;S1;P1;BG;30.0;700.0;S1;700;30.0;Cam.B;QD.36;F4;SIM;1.0;21/05/2026;MAI;Renato de Castro;Erivanilson de Oliveira;Rodrigo de Almeida;VALIDADO;
UBS I;GO;101.0;10.0;SOJA;11026714P1256;O790 IPRO;—;;SOJA DEST STE O820 IPRO BG ST;S1;P1;BG;30.0;708.0;S1;708;30.0;Cam.B;QD.34;F4;SIM;1.0;21/05/2026;MAI;Renato de Castro;Erivanilson de Oliveira;Rodrigo de Almeida;VALIDADO;
UBS I;GO;101.0;10.0;SOJA;11026714P1259;O790 IPRO;—;;SOJA DEST STE O820 IPRO BG ST;S1;P1;BG;30.0;702.0;S1;702;30.0;Cam.B;QD.34;F2;SIM;1.0;21/05/2026;MAI;Renato de Castro;Erivanilson de Oliveira;Rodrigo de Almeida;VALIDADO;
UBS I;GO;101.0;10.0;SOJA;11026714P1261;O790 IPRO;—;;SOJA DEST STE O820 IPRO BG ST;S1;P1;BG;30.0;692.0;S1;692;30.0;Cam.B;QD.34;F1;SIM;1.0;21/05/2026;MAI;Renato de Castro;Erivanilson de Oliveira;Rodrigo de Almeida;VALIDADO;
UBS I;GO;101.0;10.0;SOJA;11026714P1263;O790 IPRO;—;;SOJA DEST STE O820 IPRO BG ST;S1;P1;BG;30.0;705.0;S1;705;30.0;Cam.B;QD.34;F3;SIM;1.0;21/05/2026;MAI;Renato de Castro;Erivanilson de Oliveira;Rodrigo de Almeida;VALIDADO;
UBS I;GO;101.0;10.0;SOJA;11026714P1266;O790 IPRO;—;;SOJA DEST STE O820 IPRO BG ST;S1;P1;BG;29.0;710.0;S1;710;29.0;Cam.B;QD.21;F4;SIM;1.0;21/05/2026;MAI;Renato de Castro;Erivanilson de Oliveira;Rodrigo de Almeida;VALIDADO;
UBS I;GO;101.0;10.0;SOJA;11026714P1301;O790 IPRO;—;;SOJA DEST STE O820 IPRO BG ST;S1;P1;BG;30.0;702.0;S1;702;30.0;Cam.B;QD.19;F4;SIM;1.0;21/05/2026;MAI;Renato de Castro;Erivanilson de Oliveira;Rodrigo de Almeida;VALIDADO;
UBS I;GO;101.0;10.0;SOJA;11026714P1304;O790 IPRO;—;;SOJA DEST STE O820 IPRO BG ST;S1;P1;BG;8.0;715.0;S1;715;8.0;Cam.B;CORREDOR;(vazio);SIM;1.0;21/05/2026;MAI;Renato de Castro;Erivanilson de Oliveira;Rodrigo de Almeida;VALIDADO;
UBS I;GO;101.0;10.0;SOJA;11026714P2186;O790 IPRO;—;;SOJA DEST STE O820 IPRO BG ST;S1;P2;BG;27.0;954.0;S1;954;27.0;Cam.B;QD.15;F3;SIM;1.0;21/05/2026;MAI;Renato de Castro;Erivanilson de Oliveira;Rodrigo de Almeida;VALIDADO;
UBS I;GO;101.0;10.0;SOJA;11026714P2189;O790 IPRO;—;;SOJA DEST STE O820 IPRO BG ST;S1;P2;BG;27.0;972.0;S1;972;27.0;Cam.B;QD.15;F1;SIM;1.0;21/05/2026;MAI;Renato de Castro;Erivanilson de Oliveira;Rodrigo de Almeida;VALIDADO;
UBS I;GO;101.0;10.0;SOJA;11026714P2192;O790 IPRO;—;;SOJA DEST STE O820 IPRO BG ST;S1;P2;BG;6.0;941.0;S1;941;6.0;Cam.B;CORREDOR;(vazio);SIM;1.0;21/05/2026;MAI;Renato de Castro;Erivanilson de Oliveira;Rodrigo de Almeida;VALIDADO;
UBS I;GO;101.0;10.0;SOJA;11026714P2193;O790 IPRO;—;;SOJA DEST STE O820 IPRO BG ST;S1;P2;BG;30.0;895.0;S1;895;30.0;Cam.B;QD.14;F2;SIM;1.0;21/05/2026;MAI;Renato de Castro;Erivanilson de Oliveira;Rodrigo de Almeida;VALIDADO;
UBS I;GO;101.0;10.0;SOJA;11026714P2195;O790 IPRO;—;;SOJA DEST STE O820 IPRO BG ST;S1;P2;BG;30.0;879.0;S1;879;30.0;Cam.B;QD.14;F1;SIM;1.0;21/05/2026;MAI;Renato de Castro;Erivanilson de Oliveira;Rodrigo de Almeida;VALIDADO;
UBS I;GO;101.0;10.0;SOJA;11026714P2197;O790 IPRO;—;;SOJA DEST STE O820 IPRO BG ST;S1;P2;BG;30.0;882.0;S1;882;30.0;Cam.A;QD.30;F3;SIM;1.0;21/05/2026;MAI;Renato de Castro;Erivanilson de Oliveira;Rodrigo de Almeida;VALIDADO;
UBS I;GO;101.0;10.0;SOJA;11026714P2198;O790 IPRO;—;;SOJA DEST STE O820 IPRO BG ST;S1;P2;BG;27.0;921.0;S1;921;27.0;Cam.B;QD.15;F2;SIM;1.0;21/05/2026;MAI;Renato de Castro;Erivanilson de Oliveira;Rodrigo de Almeida;VALIDADO;
UBS I;GO;101.0;10.0;SOJA;11026714P2199;O790 IPRO;—;;SOJA DEST STE O820 IPRO BG ST;S1;P2;BG;30.0;898.0;S1;898;30.0;Cam.B;QD.14;F3;SIM;1.0;21/05/2026;MAI;Renato de Castro;Erivanilson de Oliveira;Rodrigo de Almeida;VALIDADO;
UBS I;GO;101.0;10.0;SOJA;11026714P2201;O790 IPRO;—;;SOJA DEST STE O820 IPRO BG ST;S1;P2;BG;30.0;904.0;S1;904;30.0;Cam.B;QD.12;F1;SIM;1.0;21/05/2026;MAI;Renato de Castro;Erivanilson de Oliveira;Rodrigo de Almeida;VALIDADO;
UBS I;GO;101.0;10.0;SOJA;11026714P2202;O790 IPRO;—;;SOJA DEST STE O820 IPRO BG ST;S1;P2;BG;30.0;909.0;S1;909;30.0;Cam.B;QD.12;F2;SIM;1.0;21/05/2026;MAI;Renato de Castro;Erivanilson de Oliveira;Rodrigo de Almeida;VALIDADO;
UBS I;GO;101.0;10.0;SOJA;11026714P2237;O790 IPRO;—;;SOJA DEST STE O820 IPRO BG ST;S1;P2;BG;30.0;900.0;S1;900;30.0;Cam.B;QD.42;F2;SIM;1.0;21/05/2026;MAI;Renato de Castro;Erivanilson de Oliveira;Rodrigo de Almeida;VALIDADO;
UBS I;GO;101.0;10.0;SOJA;11026714P2239;O790 IPRO;—;;SOJA DEST STE O820 IPRO BG ST;S1;P2;BG;30.0;898.0;S1;898;30.0;Cam.B;QD.42;F1;SIM;1.0;21/05/2026;MAI;Renato de Castro;Erivanilson de Oliveira;Rodrigo de Almeida;VALIDADO;
UBS I;GO;101.0;10.0;SOJA;11026714P2241;O790 IPRO;—;;SOJA DEST STE O820 IPRO BG ST;S1;P2;BG;27.0;927.0;S1;927;27.0;Cam.B;QD.42;F4;SIM;1.0;21/05/2026;MAI;Renato de Castro;Erivanilson de Oliveira;Rodrigo de Almeida;VALIDADO;
UBS I;GO;101.0;10.0;SOJA;11026714P2243;O790 IPRO;—;;SOJA DEST STE O820 IPRO BG ST;S1;P2;BG;30.0;904.0;S1;904;30.0;Cam.B;QD.42;F3;SIM;1.0;21/05/2026;MAI;Renato de Castro;Erivanilson de Oliveira;Rodrigo de Almeida;VALIDADO;
UBS I;GO;101.0;10.0;SOJA;11026714P2244;O790 IPRO;—;;SOJA DEST STE O820 IPRO BG ST;S1;P2;BG;27.0;910.0;S1;910;27.0;Cam.B;QD.37;F1;SIM;1.0;21/05/2026;MAI;Renato de Castro;Erivanilson de Oliveira;Rodrigo de Almeida;VALIDADO;
UBS I;GO;101.0;10.0;SOJA;11026714P2246;O790 IPRO;—;;SOJA DEST STE O820 IPRO BG ST;S1;P2;BG;30.0;902.0;S1;902;30.0;Cam.B;QD.37;F3;SIM;1.0;21/05/2026;MAI;Renato de Castro;Erivanilson de Oliveira;Rodrigo de Almeida;VALIDADO;
UBS I;GO;101.0;10.0;SOJA;11026714P2247;O790 IPRO;—;;SOJA DEST STE O820 IPRO BG ST;S1;P2;BG;30.0;899.0;S1;899;30.0;Cam.B;QD.12;F3;SIM;1.0;21/05/2026;MAI;Renato de Castro;Erivanilson de Oliveira;Rodrigo de Almeida;VALIDADO;
UBS I;GO;101.0;10.0;SOJA;11026714P2249;O790 IPRO;—;;SOJA DEST STE O820 IPRO BG ST;S1;P2;BG;27.0;917.0;S1;917;27.0;Cam.B;QD.37;F2;SIM;1.0;21/05/2026;MAI;Renato de Castro;Erivanilson de Oliveira;Rodrigo de Almeida;VALIDADO;
UBS I;GO;101.0;10.0;SOJA;11026714P2250;O790 IPRO;—;;SOJA DEST STE O820 IPRO BG ST;S1;P2;BG;30.0;909.0;S1;909;30.0;Cam.B;QD.40;F4;SIM;1.0;21/05/2026;MAI;Renato de Castro;Erivanilson de Oliveira;Rodrigo de Almeida;VALIDADO;
UBS I;GO;101.0;10.0;SOJA;11026714P2252;O790 IPRO;—;;SOJA DEST STE O820 IPRO BG ST;S1;P2;BG;30.0;887.0;S1;887;30.0;Cam.B;QD.37;F4;SIM;1.0;21/05/2026;MAI;Renato de Castro;Erivanilson de Oliveira;Rodrigo de Almeida;VALIDADO;
UBS I;GO;101.0;10.0;SOJA;11026714P2254;O790 IPRO;—;;SOJA DEST STE O820 IPRO BG ST;S1;P2;BG;30.0;904.0;S1;904;30.0;Cam.B;QD.35;F3;SIM;1.0;21/05/2026;MAI;Renato de Castro;Erivanilson de Oliveira;Rodrigo de Almeida;VALIDADO;
UBS I;GO;101.0;10.0;SOJA;11026714P2255;O790 IPRO;—;;SOJA DEST STE O820 IPRO BG ST;S1;P2;BG;27.0;920.0;S1;920;27.0;Cam.B;QD.35;F1;SIM;1.0;21/05/2026;MAI;Renato de Castro;Erivanilson de Oliveira;Rodrigo de Almeida;VALIDADO;
UBS I;GO;101.0;10.0;SOJA;11026714P2257;O790 IPRO;—;;SOJA DEST STE O820 IPRO BG ST;S1;P2;BG;30.0;894.0;S1;894;30.0;Cam.B;QD.35;F2;SIM;1.0;21/05/2026;MAI;Renato de Castro;Erivanilson de Oliveira;Rodrigo de Almeida;VALIDADO;
UBS I;GO;101.0;10.0;SOJA;11026714P2258;O790 IPRO;—;;SOJA DEST STE O820 IPRO BG ST;S1;P2;BG;30.0;903.0;S1;903;30.0;Cam.B;QD.35;F4;SIM;1.0;21/05/2026;MAI;Renato de Castro;Erivanilson de Oliveira;Rodrigo de Almeida;VALIDADO;
UBS I;GO;101.0;10.0;SOJA;11026714P2260;O790 IPRO;—;;SOJA DEST STE O820 IPRO BG ST;S1;P2;BG;27.0;918.0;S1;918;27.0;Cam.B;QD.33;F2;SIM;1.0;21/05/2026;MAI;Renato de Castro;Erivanilson de Oliveira;Rodrigo de Almeida;VALIDADO;
UBS I;GO;101.0;10.0;SOJA;11026714P2262;O790 IPRO;—;;SOJA DEST STE O820 IPRO BG ST;S1;P2;BG;30.0;884.0;S1;884;30.0;Cam.B;QD.33;F1;SIM;1.0;21/05/2026;MAI;Renato de Castro;Erivanilson de Oliveira;Rodrigo de Almeida;VALIDADO;
UBS I;GO;101.0;10.0;SOJA;11026714P2264;O790 IPRO;—;;SOJA DEST STE O820 IPRO BG ST;S1;P2;BG;30.0;901.0;S1;901;30.0;Cam.B;QD.33;F3;SIM;1.0;21/05/2026;MAI;Renato de Castro;Erivanilson de Oliveira;Rodrigo de Almeida;VALIDADO;
UBS I;GO;101.0;10.0;SOJA;11026714P2265;O790 IPRO;—;;SOJA DEST STE O820 IPRO BG ST;S1;P2;BG;30.0;896.0;S1;896;30.0;Cam.B;QD.33;F4;SIM;1.0;21/05/2026;MAI;Renato de Castro;Erivanilson de Oliveira;Rodrigo de Almeida;VALIDADO;
UBS I;GO;101.0;10.0;SOJA;11026714P2267;O790 IPRO;—;;SOJA DEST STE O820 IPRO BG ST;S1;P2;BG;24.0;925.0;S1;925;24.0;Cam.B;QD.29;F3;SIM;1.0;21/05/2026;MAI;Renato de Castro;Erivanilson de Oliveira;Rodrigo de Almeida;VALIDADO;
UBS I;GO;101.0;10.0;SOJA;11026714P2300;O790 IPRO;—;;SOJA DEST STE O820 IPRO BG ST;S1;P2;BG;30.0;906.0;S1;906;30.0;Cam.B;QD.20;F4;SIM;1.0;21/05/2026;MAI;Renato de Castro;Erivanilson de Oliveira;Rodrigo de Almeida;VALIDADO;
UBS I;GO;101.0;10.0;SOJA;11026714P2302;O790 IPRO;—;;SOJA DEST STE O820 IPRO BG ST;S1;P2;BG;27.0;936.0;S1;936;27.0;Cam.B;QD.20;F3;SIM;1.0;21/05/2026;MAI;Renato de Castro;Erivanilson de Oliveira;Rodrigo de Almeida;VALIDADO;
UBS I;GO;101.0;10.0;SOJA;11026714P2303;O790 IPRO;—;;SOJA DEST STE O820 IPRO BG ST;S1;P2;BG;14.0;920.0;S1;920;14.0;Cam.B;CORREDOR;(vazio);SIM;1.0;21/05/2026;MAI;Renato de Castro;Erivanilson de Oliveira;Rodrigo de Almeida;VALIDADO;
UBS I;GO;101.0;10.0;SOJA;11026273P1204;O800 I2X;—;;SOJA DEST STE O820 IPRO BG ST;S1;P1;BG;30.0;697.0;S1;697;30.0;Cam.B;QD.28;F1;SIM;1.0;21/05/2026;MAI;Renato de Castro;Erivanilson de Oliveira;Rodrigo de Almeida;VALIDADO;
UBS I;GO;101.0;10.0;SOJA;11026273P1206;O800 I2X;—;;SOJA DEST STE O820 IPRO BG ST;S1;P1;BG;30.0;680.0;S1;680;30.0;Cam.B;QD.28;F3;SIM;1.0;21/05/2026;MAI;Renato de Castro;Erivanilson de Oliveira;Rodrigo de Almeida;VALIDADO;
UBS I;GO;101.0;10.0;SOJA;11026273P1208;O800 I2X;—;;SOJA DEST STE O820 IPRO BG ST;S1;P1;BG;30.0;677.0;S1;677;30.0;Cam.B;QD.28;F2;SIM;1.0;21/05/2026;MAI;Renato de Castro;Erivanilson de Oliveira;Rodrigo de Almeida;VALIDADO;
UBS I;GO;101.0;10.0;SOJA;11026273P1209;O800 I2X;—;;SOJA DEST STE O820 IPRO BG ST;S1;P1;BG;30.0;690.0;S1;690;30.0;Cam.B;QD.27;F2;SIM;1.0;21/05/2026;MAI;Renato de Castro;Erivanilson de Oliveira;Rodrigo de Almeida;VALIDADO;
UBS I;GO;101.0;10.0;SOJA;11026273P1211;O800 I2X;—;;SOJA DEST STE O820 IPRO BG ST;S1;P1;BG;30.0;674.0;S1;674;30.0;Cam.B;QD.27;F1;SIM;1.0;21/05/2026;MAI;Renato de Castro;Erivanilson de Oliveira;Rodrigo de Almeida;VALIDADO;
UBS I;GO;101.0;10.0;SOJA;11026273P1212;O800 I2X;—;;SOJA DEST STE O820 IPRO BG ST;S1;P1;BG;30.0;639.0;S1;639;30.0;Cam.B;QD.27;F3;SIM;1.0;21/05/2026;MAI;Renato de Castro;Erivanilson de Oliveira;Rodrigo de Almeida;VALIDADO;
UBS I;GO;101.0;10.0;SOJA;11026273P1268;O800 I2X;—;;SOJA DEST STE O820 IPRO BG ST;S1;P1;BG;30.0;629.0;S1;629;30.0;Cam.B;QD.22;F1;SIM;1.0;21/05/2026;MAI;Renato de Castro;Erivanilson de Oliveira;Rodrigo de Almeida;VALIDADO;
UBS I;GO;101.0;10.0;SOJA;11026273P1270;O800 I2X;—;;SOJA DEST STE O820 IPRO BG ST;S1;P1;BG;30.0;651.0;S1;651;30.0;Cam.B;QD.22;F2;SIM;1.0;21/05/2026;MAI;Renato de Castro;Erivanilson de Oliveira;Rodrigo de Almeida;VALIDADO;
UBS I;GO;101.0;10.0;SOJA;11026273P1272;O800 I2X;—;;SOJA DEST STE O820 IPRO BG ST;S1;P1;BG;30.0;628.0;S1;628;30.0;Cam.B;QD.21;F3;SIM;1.0;21/05/2026;MAI;Renato de Castro;Erivanilson de Oliveira;Rodrigo de Almeida;VALIDADO;
UBS I;GO;101.0;10.0;SOJA;11026273P1274;O800 I2X;—;;SOJA DEST STE O820 IPRO BG ST;S1;P1;BG;30.0;649.0;S1;649;30.0;Cam.B;QD.22;F3;SIM;1.0;21/05/2026;MAI;Renato de Castro;Erivanilson de Oliveira;Rodrigo de Almeida;VALIDADO;
UBS I;GO;101.0;10.0;SOJA;11026273P1276;O800 I2X;—;;SOJA DEST STE O820 IPRO BG ST;S1;P1;BG;30.0;664.0;S1;664;30.0;Cam.B;QD.21;F2;SIM;1.0;21/05/2026;MAI;Renato de Castro;Erivanilson de Oliveira;Rodrigo de Almeida;VALIDADO;
UBS I;GO;101.0;10.0;SOJA;11026273P1278;O800 I2X;—;;SOJA DEST STE O820 IPRO BG ST;S1;P1;BG;30.0;645.0;S1;645;30.0;Cam.B;QD.21;F1;SIM;1.0;21/05/2026;MAI;Renato de Castro;Erivanilson de Oliveira;Rodrigo de Almeida;VALIDADO;
UBS I;GO;101.0;10.0;SOJA;11026273P1281;O800 I2X;—;;SOJA DEST STE O820 IPRO BG ST;S1;P1;BG;30.0;652.0;S1;652;30.0;Cam.B;QD.08;F1;SIM;1.0;21/05/2026;MAI;Renato de Castro;Erivanilson de Oliveira;Rodrigo de Almeida;VALIDADO;
UBS I;GO;101.0;10.0;SOJA;11026273P1306;O800 I2X;—;;SOJA DEST STE O820 IPRO BG ST;S1;P1;BG;30.0;660.0;S1;660;30.0;Cam.B;QD.08;F2;SIM;1.0;21/05/2026;MAI;Renato de Castro;Erivanilson de Oliveira;Rodrigo de Almeida;VALIDADO;
UBS I;GO;101.0;10.0;SOJA;11026273P1308;O800 I2X;—;;SOJA DEST STE O820 IPRO BG ST;S1;P1;BG;30.0;645.0;S1;645;30.0;Cam.B;QD.08;F3;SIM;1.0;21/05/2026;MAI;Renato de Castro;Erivanilson de Oliveira;Rodrigo de Almeida;VALIDADO;
UBS I;GO;101.0;10.0;SOJA;11026273P1311;O800 I2X;—;;SOJA DEST STE O820 IPRO BG ST;S1;P1;BG;30.0;628.0;S1;628;30.0;Cam.C;QD.12;F3;SIM;1.0;21/05/2026;MAI;Renato de Castro;Erivanilson de Oliveira;Rodrigo de Almeida;VALIDADO;
UBS I;GO;101.0;10.0;SOJA;11026273P1312;O800 I2X;—;;SOJA DEST STE O820 IPRO BG ST;S1;P1;BG;30.0;635.0;S1;635;30.0;Cam.C;QD.12;F2;SIM;1.0;21/05/2026;MAI;Renato de Castro;Erivanilson de Oliveira;Rodrigo de Almeida;VALIDADO;
UBS I;GO;101.0;10.0;SOJA;11026273P1315;O800 I2X;—;;SOJA DEST STE O820 IPRO BG ST;S1;P1;BG;30.0;648.0;S1;648;30.0;Cam.C;QD.12;F1;SIM;1.0;21/05/2026;MAI;Renato de Castro;Erivanilson de Oliveira;Rodrigo de Almeida;VALIDADO;
UBS I;GO;101.0;10.0;SOJA;11026273P1317;O800 I2X;—;;SOJA DEST STE O820 IPRO BG ST;S1;P1;BG;30.0;641.0;S1;641;30.0;Cam.C;QD.21;F4;SIM;1.0;21/05/2026;MAI;Renato de Castro;Erivanilson de Oliveira;Rodrigo de Almeida;VALIDADO;
UBS I;GO;101.0;10.0;SOJA;11026273P1320;O800 I2X;—;;SOJA DEST STE O820 IPRO BG ST;S1;P1;BG;10.0;652.0;S1;652;10.0;Cam.B;CORREDOR;(vazio);SIM;1.0;21/05/2026;MAI;Renato de Castro;Erivanilson de Oliveira;Rodrigo de Almeida;VALIDADO;
UBS I;GO;101.0;10.0;SOJA;11026273P2205;O800 I2X;—;;SOJA DEST STE O820 IPRO BG ST;S1;P2;BG;30.0;854.0;S1;854;30.0;Cam.B;QD.25;F1;SIM;1.0;21/05/2026;MAI;Renato de Castro;Erivanilson de Oliveira;Rodrigo de Almeida;VALIDADO;
UBS I;GO;101.0;10.0;SOJA;11026273P2207;O800 I2X;—;;SOJA DEST STE O820 IPRO BG ST;S1;P2;BG;30.0;838.0;S1;838;30.0;Cam.B;QD.25;F3;SIM;1.0;21/05/2026;MAI;Renato de Castro;Erivanilson de Oliveira;Rodrigo de Almeida;VALIDADO;
UBS I;GO;101.0;10.0;SOJA;11026273P2210;O800 I2X;—;;SOJA DEST STE O820 IPRO BG ST;S1;P2;BG;30.0;822.0;S1;822;30.0;Cam.B;QD.25;F2;SIM;1.0;21/05/2026;MAI;Renato de Castro;Erivanilson de Oliveira;Rodrigo de Almeida;VALIDADO;
UBS I;GO;101.0;10.0;SOJA;11026273P2213;O800 I2X;—;;SOJA DEST STE O820 IPRO BG ST;S1;P2;BG;10.0;832.0;S1;832;10.0;Cam.B;CORREDOR;(vazio);SIM;1.0;21/05/2026;MAI;Renato de Castro;Erivanilson de Oliveira;Rodrigo de Almeida;VALIDADO;
UBS I;GO;101.0;10.0;SOJA;11026273P2269;O800 I2X;—;;SOJA DEST STE O820 IPRO BG ST;S1;P2;BG;30.0;814.0;S1;814;30.0;Cam.B;QD.32;F3;SIM;1.0;21/05/2026;MAI;Renato de Castro;Erivanilson de Oliveira;Rodrigo de Almeida;VALIDADO;
UBS I;GO;101.0;10.0;SOJA;11026273P2271;O800 I2X;—;;SOJA DEST STE O820 IPRO BG ST;S1;P2;BG;30.0;834.0;S1;834;30.0;Cam.B;QD.32;F1;SIM;1.0;21/05/2026;MAI;Renato de Castro;Erivanilson de Oliveira;Rodrigo de Almeida;VALIDADO;
UBS I;GO;101.0;10.0;SOJA;11026273P2273;O800 I2X;—;;SOJA DEST STE O820 IPRO BG ST;S1;P2;BG;30.0;828.0;S1;828;30.0;Cam.B;QD.31;F1;SIM;1.0;21/05/2026;MAI;Renato de Castro;Erivanilson de Oliveira;Rodrigo de Almeida;VALIDADO;
UBS I;GO;101.0;10.0;SOJA;11026273P2275;O800 I2X;—;;SOJA DEST STE O820 IPRO BG ST;S1;P2;BG;30.0;862.0;S1;862;30.0;Cam.B;QD.32;F2;SIM;1.0;21/05/2026;MAI;Renato de Castro;Erivanilson de Oliveira;Rodrigo de Almeida;VALIDADO;
UBS I;GO;101.0;10.0;SOJA;11026273P2277;O800 I2X;—;;SOJA DEST STE O820 IPRO BG ST;S1;P2;BG;30.0;852.0;S1;852;30.0;Cam.B;QD.31;F2;SIM;1.0;21/05/2026;MAI;Renato de Castro;Erivanilson de Oliveira;Rodrigo de Almeida;VALIDADO;
UBS I;GO;101.0;10.0;SOJA;11026273P2279;O800 I2X;—;;SOJA DEST STE O820 IPRO BG ST;S1;P2;BG;30.0;835.0;S1;835;30.0;Cam.B;QD.32;F4;SIM;1.0;21/05/2026;MAI;Renato de Castro;Erivanilson de Oliveira;Rodrigo de Almeida;VALIDADO;
UBS I;GO;101.0;10.0;SOJA;11026273P2280;O800 I2X;—;;SOJA DEST STE O820 IPRO BG ST;S1;P2;BG;30.0;826.0;S1;826;30.0;Cam.B;QD.10;F3;SIM;1.0;21/05/2026;MAI;Renato de Castro;Erivanilson de Oliveira;Rodrigo de Almeida;VALIDADO;
UBS I;GO;101.0;10.0;SOJA;11026273P2305;O800 I2X;—;;SOJA DEST STE O820 IPRO BG ST;S1;P2;BG;30.0;837.0;S1;837;30.0;Cam.B;QD.09;F2;SIM;1.0;21/05/2026;MAI;Renato de Castro;Erivanilson de Oliveira;Rodrigo de Almeida;VALIDADO;
UBS I;GO;101.0;10.0;SOJA;11026273P2307;O800 I2X;—;;SOJA DEST STE O820 IPRO BG ST;S1;P2;BG;30.0;833.0;S1;833;30.0;Cam.B;QD.10;F2;SIM;1.0;21/05/2026;MAI;Renato de Castro;Erivanilson de Oliveira;Rodrigo de Almeida;VALIDADO;
UBS I;GO;101.0;10.0;SOJA;11026273P2309;O800 I2X;—;;SOJA DEST STE O820 IPRO BG ST;S1;P2;BG;30.0;833.0;S1;833;30.0;Cam.C;QD.21;F3;SIM;1.0;21/05/2026;MAI;Renato de Castro;Erivanilson de Oliveira;Rodrigo de Almeida;VALIDADO;
UBS I;GO;101.0;10.0;SOJA;11026273P2310;O800 I2X;—;;SOJA DEST STE O820 IPRO BG ST;S1;P2;BG;30.0;824.0;S1;824;30.0;Cam.B;QD.09;F1;SIM;1.0;21/05/2026;MAI;Renato de Castro;Erivanilson de Oliveira;Rodrigo de Almeida;VALIDADO;
UBS I;GO;101.0;10.0;SOJA;11026273P2313;O800 I2X;—;;SOJA DEST STE O820 IPRO BG ST;S1;P2;BG;30.0;827.0;S1;827;30.0;Cam.C;QD.21;F2;SIM;1.0;21/05/2026;MAI;Renato de Castro;Erivanilson de Oliveira;Rodrigo de Almeida;VALIDADO;
UBS I;GO;101.0;10.0;SOJA;11026273P2314;O800 I2X;—;;SOJA DEST STE O820 IPRO BG ST;S1;P2;BG;30.0;835.0;S1;835;30.0;Cam.B;QD.09;F3;SIM;1.0;21/05/2026;MAI;Renato de Castro;Erivanilson de Oliveira;Rodrigo de Almeida;VALIDADO;
UBS I;GO;101.0;10.0;SOJA;11026273P2316;O800 I2X;—;;SOJA DEST STE O820 IPRO BG ST;S1;P2;BG;30.0;828.0;S1;828;30.0;Cam.C;QD.36;F2;SIM;1.0;21/05/2026;MAI;Renato de Castro;Erivanilson de Oliveira;Rodrigo de Almeida;VALIDADO;
UBS I;GO;101.0;10.0;SOJA;11026273P2318;O800 I2X;—;;SOJA DEST STE O820 IPRO BG ST;S1;P2;BG;30.0;840.0;S1;840;30.0;Cam.C;QD.36;F3;SIM;1.0;21/05/2026;MAI;Renato de Castro;Erivanilson de Oliveira;Rodrigo de Almeida;VALIDADO;
UBS I;GO;101.0;10.0;SOJA;11026273P2319;O800 I2X;—;;SOJA DEST STE O820 IPRO BG ST;S1;P2;BG;18.0;836.0;S1;836;18.0;Cam.B;CORREDOR;(vazio);SIM;1.0;21/05/2026;MAI;Renato de Castro;Erivanilson de Oliveira;Rodrigo de Almeida;VALIDADO;
LPCO;GO;101.0;11.0;SOJA;11743P1417;22213I2X;—;;SOJA DEST STE O820 IPRO BG ST;C2;P1;BG;30.0;761.0;C2;761;30.0;;;;SIM;1.0;28/05/2026;MAI;Renato de Castro;Givaldo de Marinho;Luziano Alves;VALIDADO;
LPCO;GO;101.0;11.0;SOJA;11743P1420;22213I2X;—;;SOJA DEST STE O820 IPRO BG ST;C2;P1;BG;30.0;733.0;C2;733;30.0;;;;SIM;1.0;28/05/2026;MAI;Renato de Castro;Givaldo de Marinho;Luziano Alves;VALIDADO;
LPCO;GO;101.0;11.0;SOJA;11743P1422;22213I2X;—;;SOJA DEST STE O820 IPRO BG ST;C2;P1;BG;30.0;748.0;C2;748;30.0;;;;SIM;1.0;28/05/2026;MAI;Renato de Castro;Givaldo de Marinho;Luziano Alves;VALIDADO;
LPCO;GO;101.0;11.0;SOJA;11743P1424;22213I2X;—;;SOJA DEST STE O820 IPRO BG ST;C2;P1;BG;23.0;731.0;C2;731;23.0;;;;SIM;1.0;28/05/2026;MAI;Renato de Castro;Givaldo de Marinho;Luziano Alves;VALIDADO;
LPCO;GO;101.0;11.0;SOJA;11743P2418;22213I2X;—;;SOJA DEST STE O820 IPRO BG ST;C2;P2;BG;27.0;953.0;C2;953;27.0;;;;SIM;1.0;28/05/2026;MAI;Renato de Castro;Givaldo de Marinho;Luziano Alves;VALIDADO;
LPCO;GO;101.0;11.0;SOJA;11743P2419;22213I2X;—;;SOJA DEST STE O820 IPRO BG ST;C2;P2;BG;27.0;936.0;C2;936;27.0;;;;SIM;1.0;28/05/2026;MAI;Renato de Castro;Givaldo de Marinho;Luziano Alves;VALIDADO;
LPCO;GO;101.0;11.0;SOJA;11743P2421;22213I2X;—;;SOJA DEST STE O820 IPRO BG ST;C2;P2;BG;27.0;948.0;C2;948;27.0;;;;SIM;1.0;28/05/2026;MAI;Renato de Castro;Givaldo de Marinho;Luziano Alves;VALIDADO;
LPCO;GO;101.0;11.0;SOJA;11743P2423;22213I2X;—;;SOJA DEST STE O820 IPRO BG ST;C2;P2;BG;27.0;929.0;C2;929;27.0;;;;SIM;1.0;28/05/2026;MAI;Renato de Castro;Givaldo de Marinho;Luziano Alves;VALIDADO;
LPCO;GO;101.0;11.0;SOJA;11743P2425;22213I2X;—;;SOJA DEST STE O820 IPRO BG ST;C2;P2;BG;14.0;949.0;C2;949;14.0;;;;SIM;1.0;28/05/2026;MAI;Renato de Castro;Givaldo de Marinho;Luziano Alves;VALIDADO;
LPCO;GO;101.0;11.0;SOJA;11272P1201;690 I2X;—;;SOJA DEST STE O820 IPRO BG ST;S1;P1;BG;30.0;759.0;S1;759;30.0;;;;SIM;1.0;28/05/2026;MAI;Renato de Castro;Givaldo de Marinho;Luziano Alves;VALIDADO;
LPCO;GO;101.0;11.0;SOJA;11272P1203;690 I2X;—;;SOJA DEST STE O820 IPRO BG ST;S1;P1;BG;30.0;742.0;S1;742;30.0;;;;SIM;1.0;28/05/2026;MAI;Renato de Castro;Givaldo de Marinho;Luziano Alves;VALIDADO;
LPCO;GO;101.0;11.0;SOJA;11272P1205;690 I2X;—;;SOJA DEST STE O820 IPRO BG ST;S1;P1;BG;30.0;755.0;S1;755;30.0;;;;SIM;1.0;28/05/2026;MAI;Renato de Castro;Givaldo de Marinho;Luziano Alves;VALIDADO;
LPCO;GO;101.0;11.0;SOJA;11272P1206;690 I2X;—;;SOJA DEST STE O820 IPRO BG ST;S1;P1;BG;30.0;755.0;S1;755;30.0;;;;SIM;1.0;28/05/2026;MAI;Renato de Castro;Givaldo de Marinho;Luziano Alves;VALIDADO;
LPCO;GO;101.0;11.0;SOJA;11272P1208;690 I2X;—;;SOJA DEST STE O820 IPRO BG ST;S1;P1;BG;30.0;767.0;S1;767;30.0;;;;SIM;1.0;28/05/2026;MAI;Renato de Castro;Givaldo de Marinho;Luziano Alves;VALIDADO;
LPCO;GO;101.0;11.0;SOJA;11272P1209;690 I2X;—;;SOJA DEST STE O820 IPRO BG ST;S1;P1;BG;30.0;746.0;S1;746;30.0;;;;SIM;1.0;28/05/2026;MAI;Renato de Castro;Givaldo de Marinho;Luziano Alves;VALIDADO;
LPCO;GO;101.0;11.0;SOJA;11272P1211;690 I2X;—;;SOJA DEST STE O820 IPRO BG ST;S1;P1;BG;30.0;750.0;S1;750;30.0;;;;SIM;1.0;28/05/2026;MAI;Renato de Castro;Givaldo de Marinho;Luziano Alves;VALIDADO;
LPCO;GO;101.0;11.0;SOJA;11272P1212;690 I2X;—;;SOJA DEST STE O820 IPRO BG ST;S1;P1;BG;30.0;765.0;S1;765;30.0;;;;SIM;1.0;28/05/2026;MAI;Renato de Castro;Givaldo de Marinho;Luziano Alves;VALIDADO;
LPCO;GO;101.0;11.0;SOJA;11272P1214;690 I2X;—;;SOJA DEST STE O820 IPRO BG ST;S1;P1;BG;30.0;768.0;S1;768;30.0;;;;SIM;1.0;28/05/2026;MAI;Renato de Castro;Givaldo de Marinho;Luziano Alves;VALIDADO;
LPCO;GO;101.0;11.0;SOJA;11272P1215;690 I2X;—;;SOJA DEST STE O820 IPRO BG ST;S1;P1;BG;30.0;763.0;S1;763;30.0;;;;SIM;1.0;28/05/2026;MAI;Renato de Castro;Givaldo de Marinho;Luziano Alves;VALIDADO;
LPCO;GO;101.0;11.0;SOJA;11272P1217;690 I2X;—;;SOJA DEST STE O820 IPRO BG ST;S1;P1;BG;30.0;761.0;S1;761;30.0;;;;SIM;1.0;28/05/2026;MAI;Renato de Castro;Givaldo de Marinho;Luziano Alves;VALIDADO;
LPCO;GO;101.0;11.0;SOJA;11272P1218;690 I2X;—;;SOJA DEST STE O820 IPRO BG ST;S1;P1;BG;30.0;757.0;S1;757;30.0;;;;SIM;1.0;28/05/2026;MAI;Renato de Castro;Givaldo de Marinho;Luziano Alves;VALIDADO;
LPCO;GO;101.0;11.0;SOJA;11272P1220;690 I2X;—;;SOJA DEST STE O820 IPRO BG ST;S1;P1;BG;30.0;767.0;S1;767;30.0;;;;SIM;1.0;28/05/2026;MAI;Renato de Castro;Givaldo de Marinho;Luziano Alves;VALIDADO;
LPCO;GO;101.0;11.0;SOJA;11272P1222;690 I2X;—;;SOJA DEST STE O820 IPRO BG ST;S1;P1;BG;30.0;750.0;S1;750;30.0;;;;SIM;1.0;28/05/2026;MAI;Renato de Castro;Givaldo de Marinho;Luziano Alves;VALIDADO;
LPCO;GO;101.0;11.0;SOJA;11272P1223;690 I2X;—;;SOJA DEST STE O820 IPRO BG ST;S1;P1;BG;30.0;759.0;S1;759;30.0;;;;SIM;1.0;28/05/2026;MAI;Renato de Castro;Givaldo de Marinho;Luziano Alves;VALIDADO;
LPCO;GO;101.0;11.0;SOJA;11272P1225;690 I2X;—;;SOJA DEST STE O820 IPRO BG ST;S1;P1;BG;8.0;766.0;S1;766;8.0;;;;SIM;1.0;28/05/2026;MAI;Renato de Castro;Givaldo de Marinho;Luziano Alves;VALIDADO;
LPCO;GO;101.0;11.0;SOJA;11272P2202;690 I2X;—;;SOJA DEST STE O820 IPRO BG ST;S1;P2;BG;27.0;915.0;S1;915;27.0;;;;SIM;1.0;28/05/2026;MAI;Renato de Castro;Givaldo de Marinho;Luziano Alves;VALIDADO;
LPCO;GO;101.0;11.0;SOJA;11272P2204;690 I2X;—;;SOJA DEST STE O820 IPRO BG ST;S1;P2;BG;30.0;898.0;S1;898;30.0;;;;SIM;1.0;28/05/2026;MAI;Renato de Castro;Givaldo de Marinho;Luziano Alves;VALIDADO;
LPCO;GO;101.0;11.0;SOJA;11272P2207;690 I2X;—;;SOJA DEST STE O820 IPRO BG ST;S1;P2;BG;27.0;909.0;S1;909;27.0;;;;SIM;1.0;28/05/2026;MAI;Renato de Castro;Givaldo de Marinho;Luziano Alves;VALIDADO;
LPCO;GO;101.0;11.0;SOJA;11272P2210;690 I2X;—;;SOJA DEST STE O820 IPRO BG ST;S1;P2;BG;27.0;916.0;S1;916;27.0;;;;SIM;1.0;28/05/2026;MAI;Renato de Castro;Givaldo de Marinho;Luziano Alves;VALIDADO;
LPCO;GO;101.0;11.0;SOJA;11272P2213;690 I2X;—;;SOJA DEST STE O820 IPRO BG ST;S1;P2;BG;27.0;929.0;S1;929;27.0;;;;SIM;1.0;28/05/2026;MAI;Renato de Castro;Givaldo de Marinho;Luziano Alves;VALIDADO;
LPCO;GO;101.0;11.0;SOJA;11272P2216;690 I2X;—;;SOJA DEST STE O820 IPRO BG ST;S1;P2;BG;27.0;914.0;S1;914;27.0;;;;SIM;1.0;28/05/2026;MAI;Renato de Castro;Givaldo de Marinho;Luziano Alves;VALIDADO;
LPCO;GO;101.0;11.0;SOJA;11272P2219;690 I2X;—;;SOJA DEST STE O820 IPRO BG ST;S1;P2;BG;30.0;891.0;S1;891;30.0;;;;SIM;1.0;28/05/2026;MAI;Renato de Castro;Givaldo de Marinho;Luziano Alves;VALIDADO;
LPCO;GO;101.0;11.0;SOJA;11272P2221;690 I2X;—;;SOJA DEST STE O820 IPRO BG ST;S1;P2;BG;27.0;920.0;S1;920;27.0;;;;SIM;1.0;28/05/2026;MAI;Renato de Castro;Givaldo de Marinho;Luziano Alves;VALIDADO;
LPCO;GO;101.0;11.0;SOJA;11272P2224;690 I2X;—;;SOJA DEST STE O820 IPRO BG ST;S1;P2;BG;7.0;908.0;S1;908;7.0;;;;SIM;1.0;28/05/2026;MAI;Renato de Castro;Givaldo de Marinho;Luziano Alves;VALIDADO;
LPCO;GO;101.0;11.0;SOJA;11728P1001;6930I2X;—;;SOJA DEST STE O820 IPRO BG ST;C2;P1;BG;30.0;835.0;C2;835;30.0;;;;SIM;1.0;28/05/2026;MAI;Renato de Castro;Givaldo de Marinho;Luziano Alves;VALIDADO;
LPCO;GO;101.0;11.0;SOJA;11728P1003;6930I2X;—;;SOJA DEST STE O820 IPRO BG ST;C2;P1;BG;30.0;828.0;C2;828;30.0;;;;SIM;1.0;28/05/2026;MAI;Renato de Castro;Givaldo de Marinho;Luziano Alves;VALIDADO;
LPCO;GO;101.0;11.0;SOJA;11728P1004;6930I2X;—;;SOJA DEST STE O820 IPRO BG ST;C2;P1;BG;30.0;812.0;C2;812;30.0;;;;SIM;1.0;28/05/2026;MAI;Renato de Castro;Givaldo de Marinho;Luziano Alves;VALIDADO;
LPCO;GO;101.0;11.0;SOJA;11728P1006;6930I2X;—;;SOJA DEST STE O820 IPRO BG ST;C2;P1;BG;30.0;801.0;C2;801;30.0;;;;SIM;1.0;28/05/2026;MAI;Renato de Castro;Givaldo de Marinho;Luziano Alves;VALIDADO;
LPCO;GO;101.0;11.0;SOJA;11728P1008;6930I2X;—;;SOJA DEST STE O820 IPRO BG ST;C2;P1;BG;30.0;821.0;C2;821;30.0;;;;SIM;1.0;28/05/2026;MAI;Renato de Castro;Givaldo de Marinho;Luziano Alves;VALIDADO;
LPCO;GO;101.0;11.0;SOJA;11728P1010;6930I2X;—;;SOJA DEST STE O820 IPRO BG ST;C2;P1;BG;30.0;827.0;C2;827;30.0;;;;SIM;1.0;28/05/2026;MAI;Renato de Castro;Givaldo de Marinho;Luziano Alves;VALIDADO;
LPCO;GO;101.0;11.0;SOJA;11728P1012;6930I2X;—;;SOJA DEST STE O820 IPRO BG ST;C2;P1;BG;30.0;813.0;C2;813;30.0;;;;SIM;1.0;28/05/2026;MAI;Renato de Castro;Givaldo de Marinho;Luziano Alves;VALIDADO;
LPCO;GO;101.0;11.0;SOJA;11728P1014;6930I2X;—;;SOJA DEST STE O820 IPRO BG ST;C2;P1;BG;30.0;804.0;C2;804;30.0;;;;SIM;1.0;28/05/2026;MAI;Renato de Castro;Givaldo de Marinho;Luziano Alves;VALIDADO;
LPCO;GO;101.0;11.0;SOJA;11728P1016;6930I2X;—;;SOJA DEST STE O820 IPRO BG ST;C2;P1;BG;29.0;842.0;C2;842;29.0;;;;SIM;1.0;28/05/2026;MAI;Renato de Castro;Givaldo de Marinho;Luziano Alves;VALIDADO;
LPCO;GO;101.0;11.0;SOJA;11728P1018;6930I2X;—;;SOJA DEST STE O820 IPRO BG ST;C2;P1;BG;30.0;830.0;C2;830;30.0;;;;SIM;1.0;28/05/2026;MAI;Renato de Castro;Givaldo de Marinho;Luziano Alves;VALIDADO;
LPCO;GO;101.0;11.0;SOJA;11728P1020;6930I2X;—;;SOJA DEST STE O820 IPRO BG ST;C2;P1;BG;30.0;834.0;C2;834;30.0;;;;SIM;1.0;28/05/2026;MAI;Renato de Castro;Givaldo de Marinho;Luziano Alves;VALIDADO;
LPCO;GO;101.0;11.0;SOJA;11728P1022;6930I2X;—;;SOJA DEST STE O820 IPRO BG ST;C2;P1;BG;30.0;822.0;C2;822;30.0;;;;SIM;1.0;28/05/2026;MAI;Renato de Castro;Givaldo de Marinho;Luziano Alves;VALIDADO;
LPCO;GO;101.0;11.0;SOJA;11728P1024;6930I2X;—;;SOJA DEST STE O820 IPRO BG ST;C2;P1;BG;30.0;836.0;C2;836;30.0;;;;SIM;1.0;28/05/2026;MAI;Renato de Castro;Givaldo de Marinho;Luziano Alves;VALIDADO;
LPCO;GO;101.0;11.0;SOJA;11728P1027;6930I2X;—;;SOJA DEST STE O820 IPRO BG ST;C2;P1;BG;2.0;835.0;C2;835;2.0;;;;SIM;1.0;28/05/2026;MAI;Renato de Castro;Givaldo de Marinho;Luziano Alves;VALIDADO;
LPCO;GO;101.0;11.0;SOJA;11728P2002;6930I2X;—;;SOJA DEST STE O820 IPRO BG ST;C2;P2;BG;24.0;1035.0;C2;1035;24.0;;;;SIM;1.0;28/05/2026;MAI;Renato de Castro;Givaldo de Marinho;Luziano Alves;VALIDADO;
LPCO;GO;101.0;11.0;SOJA;11728P2005;6930I2X;—;;SOJA DEST STE O820 IPRO BG ST;C2;P2;BG;24.0;1010.0;C2;1010;24.0;;;;SIM;1.0;28/05/2026;MAI;Renato de Castro;Givaldo de Marinho;Luziano Alves;VALIDADO;
LPCO;GO;101.0;11.0;SOJA;11728P2007;6930I2X;—;;SOJA DEST STE O820 IPRO BG ST;C2;P2;BG;24.0;1010.0;C2;1010;24.0;;;;SIM;1.0;28/05/2026;MAI;Renato de Castro;Givaldo de Marinho;Luziano Alves;VALIDADO;
LPCO;GO;101.0;11.0;SOJA;11728P2009;6930I2X;—;;SOJA DEST STE O820 IPRO BG ST;C2;P2;BG;24.0;1021.0;C2;1021;24.0;;;;SIM;1.0;28/05/2026;MAI;Renato de Castro;Givaldo de Marinho;Luziano Alves;VALIDADO;
LPCO;GO;101.0;11.0;SOJA;11728P2011;6930I2X;—;;SOJA DEST STE O820 IPRO BG ST;C2;P2;BG;24.0;1019.0;C2;1019;24.0;;;;SIM;1.0;28/05/2026;MAI;Renato de Castro;Givaldo de Marinho;Luziano Alves;VALIDADO;
LPCO;GO;101.0;11.0;SOJA;11728P2013;6930I2X;—;;SOJA DEST STE O820 IPRO BG ST;C2;P2;BG;24.0;1056.0;C2;1056;24.0;;;;SIM;1.0;28/05/2026;MAI;Renato de Castro;Givaldo de Marinho;Luziano Alves;VALIDADO;
LPCO;GO;101.0;11.0;SOJA;11728P2015;6930I2X;—;;SOJA DEST STE O820 IPRO BG ST;C2;P2;BG;24.0;1065.0;C2;1065;24.0;;;;SIM;1.0;28/05/2026;MAI;Renato de Castro;Givaldo de Marinho;Luziano Alves;VALIDADO;
LPCO;GO;101.0;11.0;SOJA;11728P2017;6930I2X;—;;SOJA DEST STE O820 IPRO BG ST;C2;P2;BG;24.0;1007.0;C2;1007;24.0;;;;SIM;1.0;28/05/2026;MAI;Renato de Castro;Givaldo de Marinho;Luziano Alves;VALIDADO;
LPCO;GO;101.0;11.0;SOJA;11728P2019;6930I2X;—;;SOJA DEST STE O820 IPRO BG ST;C2;P2;BG;24.0;1042.0;C2;1042;24.0;;;;SIM;1.0;28/05/2026;MAI;Renato de Castro;Givaldo de Marinho;Luziano Alves;VALIDADO;
LPCO;GO;101.0;11.0;SOJA;11728P2021;6930I2X;—;;SOJA DEST STE O820 IPRO BG ST;C2;P2;BG;24.0;1034.0;C2;1034;24.0;;;;SIM;1.0;28/05/2026;MAI;Renato de Castro;Givaldo de Marinho;Luziano Alves;VALIDADO;
LPCO;GO;101.0;11.0;SOJA;11728P2023;6930I2X;—;;SOJA DEST STE O820 IPRO BG ST;C2;P2;BG;24.0;1078.0;C2;1078;24.0;;;;SIM;1.0;28/05/2026;MAI;Renato de Castro;Givaldo de Marinho;Luziano Alves;VALIDADO;
LPCO;GO;101.0;11.0;SOJA;11728P2025;6930I2X;—;;SOJA DEST STE O820 IPRO BG ST;C2;P2;BG;24.0;1050.0;C2;1050;24.0;;;;SIM;1.0;28/05/2026;MAI;Renato de Castro;Givaldo de Marinho;Luziano Alves;VALIDADO;
LPCO;GO;101.0;11.0;SOJA;11728P2026;6930I2X;—;;SOJA DEST STE O820 IPRO BG ST;C2;P2;BG;21.0;1029.0;C2;1029;21.0;;;;SIM;1.0;28/05/2026;MAI;Renato de Castro;Givaldo de Marinho;Luziano Alves;VALIDADO;
LPCO;GO;101.0;11.0;SOJA;11754P1401;7222I2X;—;;SOJA DEST STE O820 IPRO BG ST;C1;P1;BG;24.0;1050.0;C1;1050;24.0;;;;SIM;1.0;28/05/2026;MAI;Renato de Castro;Givaldo de Marinho;Luziano Alves;VALIDADO;
LPCO;GO;101.0;11.0;SOJA;11754P1403;7222I2X;—;;SOJA DEST STE O820 IPRO BG ST;C1;P1;BG;24.0;1031.0;C1;1031;24.0;;;;SIM;1.0;28/05/2026;MAI;Renato de Castro;Givaldo de Marinho;Luziano Alves;VALIDADO;
LPCO;GO;101.0;11.0;SOJA;11754P1405;7222I2X;—;;SOJA DEST STE O820 IPRO BG ST;C1;P1;BG;24.0;1029.0;C1;1029;24.0;;;;SIM;1.0;28/05/2026;MAI;Renato de Castro;Givaldo de Marinho;Luziano Alves;VALIDADO;
LPCO;GO;101.0;11.0;SOJA;11754P1407;7222I2X;—;;SOJA DEST STE O820 IPRO BG ST;C1;P1;BG;14.0;1033.0;C1;1033;14.0;;;;SIM;1.0;28/05/2026;MAI;Renato de Castro;Givaldo de Marinho;Luziano Alves;VALIDADO;
LPCO;GO;101.0;11.0;SOJA;11754P2402;7222I2X;—;;SOJA DEST STE O820 IPRO BG ST;C1;P2;BG;18.0;1203.0;C1;1203;18.0;;;;SIM;1.0;28/05/2026;MAI;Renato de Castro;Givaldo de Marinho;Luziano Alves;VALIDADO;
LPCO;GO;101.0;11.0;SOJA;11754P2404;7222I2X;—;;SOJA DEST STE O820 IPRO BG ST;C1;P2;BG;18.0;1201.0;C1;1201;18.0;;;;SIM;1.0;28/05/2026;MAI;Renato de Castro;Givaldo de Marinho;Luziano Alves;VALIDADO;
LPCO;GO;101.0;11.0;SOJA;11754P2406;7222I2X;—;;SOJA DEST STE O820 IPRO BG ST;C1;P2;BG;9.0;1200.0;C1;1200;9.0;;;;SIM;1.0;28/05/2026;MAI;Renato de Castro;Givaldo de Marinho;Luziano Alves;VALIDADO;
LPCO;GO;101.0;11.0;SOJA;11715P1702;761 I2X;—;;SOJA DEST STE O820 IPRO BG ST;S2;P1;BG;30.0;846.0;S2;846;30.0;;;;SIM;1.0;28/05/2026;MAI;Renato de Castro;Givaldo de Marinho;Luziano Alves;VALIDADO;
LPCO;GO;101.0;11.0;SOJA;11715P1703;761 I2X;—;;SOJA DEST STE O820 IPRO BG ST;S2;P1;BG;30.0;834.0;S2;834;30.0;;;;SIM;1.0;28/05/2026;MAI;Renato de Castro;Givaldo de Marinho;Luziano Alves;VALIDADO;
LPCO;GO;101.0;11.0;SOJA;11715P1705;761 I2X;—;;SOJA DEST STE O820 IPRO BG ST;S2;P1;BG;30.0;853.0;S2;853;30.0;;;;SIM;1.0;28/05/2026;MAI;Renato de Castro;Givaldo de Marinho;Luziano Alves;VALIDADO;
LPCO;GO;101.0;11.0;SOJA;11715P1707;761 I2X;—;;SOJA DEST STE O820 IPRO BG ST;S2;P1;BG;30.0;849.0;S2;849;30.0;;;;SIM;1.0;28/05/2026;MAI;Renato de Castro;Givaldo de Marinho;Luziano Alves;VALIDADO;
LPCO;GO;101.0;11.0;SOJA;11715P1708;761 I2X;—;;SOJA DEST STE O820 IPRO BG ST;S2;P1;BG;30.0;853.0;S2;853;30.0;;;;SIM;1.0;28/05/2026;MAI;Renato de Castro;Givaldo de Marinho;Luziano Alves;VALIDADO;
LPCO;GO;101.0;11.0;SOJA;11715P1710;761 I2X;—;;SOJA DEST STE O820 IPRO BG ST;S2;P1;BG;30.0;833.0;S2;833;30.0;;;;SIM;1.0;28/05/2026;MAI;Renato de Castro;Givaldo de Marinho;Luziano Alves;VALIDADO;
LPCO;GO;101.0;11.0;SOJA;11715P1712;761 I2X;—;;SOJA DEST STE O820 IPRO BG ST;S2;P1;BG;30.0;844.0;S2;844;30.0;;;;SIM;1.0;28/05/2026;MAI;Renato de Castro;Givaldo de Marinho;Luziano Alves;VALIDADO;
LPCO;GO;101.0;11.0;SOJA;11715P1714;761 I2X;—;;SOJA DEST STE O820 IPRO BG ST;S2;P1;BG;30.0;842.0;S2;842;30.0;;;;SIM;1.0;28/05/2026;MAI;Renato de Castro;Givaldo de Marinho;Luziano Alves;VALIDADO;
LPCO;GO;101.0;11.0;SOJA;11715P1715;761 I2X;—;;SOJA DEST STE O820 IPRO BG ST;S2;P1;BG;30.0;853.0;S2;853;30.0;;;;SIM;1.0;28/05/2026;MAI;Renato de Castro;Givaldo de Marinho;Luziano Alves;VALIDADO;
LPCO;GO;101.0;11.0;SOJA;11715P1717;761 I2X;—;;SOJA DEST STE O820 IPRO BG ST;S2;P1;BG;30.0;838.0;S2;838;30.0;;;;SIM;1.0;28/05/2026;MAI;Renato de Castro;Givaldo de Marinho;Luziano Alves;VALIDADO;
LPCO;GO;101.0;11.0;SOJA;11715P1718;761 I2X;—;;SOJA DEST STE O820 IPRO BG ST;S2;P1;BG;30.0;842.0;S2;842;30.0;;;;SIM;1.0;28/05/2026;MAI;Renato de Castro;Givaldo de Marinho;Luziano Alves;VALIDADO;
LPCO;GO;101.0;11.0;SOJA;11715P1720;761 I2X;—;;SOJA DEST STE O820 IPRO BG ST;S2;P1;BG;30.0;825.0;S2;825;30.0;;;;SIM;1.0;28/05/2026;MAI;Renato de Castro;Givaldo de Marinho;Luziano Alves;VALIDADO;
LPCO;GO;101.0;11.0;SOJA;11715P1721;761 I2X;—;;SOJA DEST STE O820 IPRO BG ST;S2;P1;BG;30.0;842.0;S2;842;30.0;;;;SIM;1.0;28/05/2026;MAI;Renato de Castro;Givaldo de Marinho;Luziano Alves;VALIDADO;
LPCO;GO;101.0;11.0;SOJA;11715P1723;761 I2X;—;;SOJA DEST STE O820 IPRO BG ST;S2;P1;BG;30.0;851.0;S2;851;30.0;;;;SIM;1.0;28/05/2026;MAI;Renato de Castro;Givaldo de Marinho;Luziano Alves;VALIDADO;
LPCO;GO;101.0;11.0;SOJA;11715P1724;761 I2X;—;;SOJA DEST STE O820 IPRO BG ST;S2;P1;BG;30.0;850.0;S2;850;30.0;;;;SIM;1.0;28/05/2026;MAI;Renato de Castro;Givaldo de Marinho;Luziano Alves;VALIDADO;
LPCO;GO;101.0;11.0;SOJA;11715P1726;761 I2X;—;;SOJA DEST STE O820 IPRO BG ST;S2;P1;BG;30.0;850.0;S2;850;30.0;;;;SIM;1.0;28/05/2026;MAI;Renato de Castro;Givaldo de Marinho;Luziano Alves;VALIDADO;
LPCO;GO;101.0;11.0;SOJA;11715P1727;761 I2X;—;;SOJA DEST STE O820 IPRO BG ST;S2;P1;BG;30.0;830.0;S2;830;30.0;;;;SIM;1.0;28/05/2026;MAI;Renato de Castro;Givaldo de Marinho;Luziano Alves;VALIDADO;
LPCO;GO;101.0;11.0;SOJA;11715P1729;761 I2X;—;;SOJA DEST STE O820 IPRO BG ST;S2;P1;BG;30.0;846.0;S2;846;30.0;;;;SIM;1.0;28/05/2026;MAI;Renato de Castro;Givaldo de Marinho;Luziano Alves;VALIDADO;
LPCO;GO;101.0;11.0;SOJA;11715P1730;761 I2X;—;;SOJA DEST STE O820 IPRO BG ST;S2;P1;BG;30.0;841.0;S2;841;30.0;;;;SIM;1.0;28/05/2026;MAI;Renato de Castro;Givaldo de Marinho;Luziano Alves;VALIDADO;
LPCO;GO;101.0;11.0;SOJA;11715P1732;761 I2X;—;;SOJA DEST STE O820 IPRO BG ST;S2;P1;BG;30.0;857.0;S2;857;30.0;;;;SIM;1.0;28/05/2026;MAI;Renato de Castro;Givaldo de Marinho;Luziano Alves;VALIDADO;
LPCO;GO;101.0;11.0;SOJA;11715P1734;761 I2X;—;;SOJA DEST STE O820 IPRO BG ST;S2;P1;BG;30.0;858.0;S2;858;30.0;;;;SIM;1.0;28/05/2026;MAI;Renato de Castro;Givaldo de Marinho;Luziano Alves;VALIDADO;
LPCO;GO;101.0;11.0;SOJA;11715P1735;761 I2X;—;;SOJA DEST STE O820 IPRO BG ST;S2;P1;BG;30.0;852.0;S2;852;30.0;;;;SIM;1.0;28/05/2026;MAI;Renato de Castro;Givaldo de Marinho;Luziano Alves;VALIDADO;
LPCO;GO;101.0;11.0;SOJA;11715P1737;761 I2X;—;;SOJA DEST STE O820 IPRO BG ST;S2;P1;BG;30.0;854.0;S2;854;30.0;;;;SIM;1.0;28/05/2026;MAI;Renato de Castro;Givaldo de Marinho;Luziano Alves;VALIDADO;
LPCO;GO;101.0;11.0;SOJA;11715P1739;761 I2X;—;;SOJA DEST STE O820 IPRO BG ST;S2;P1;BG;30.0;863.0;S2;863;30.0;;;;SIM;1.0;28/05/2026;MAI;Renato de Castro;Givaldo de Marinho;Luziano Alves;VALIDADO;
LPCO;GO;101.0;11.0;SOJA;11715P1741;761 I2X;—;;SOJA DEST STE O820 IPRO BG ST;S2;P1;BG;30.0;844.0;S2;844;30.0;;;;SIM;1.0;28/05/2026;MAI;Renato de Castro;Givaldo de Marinho;Luziano Alves;VALIDADO;
LPCO;GO;101.0;11.0;SOJA;11715P1742;761 I2X;—;;SOJA DEST STE O820 IPRO BG ST;S2;P1;BG;30.0;857.0;S2;857;30.0;;;;SIM;1.0;28/05/2026;MAI;Renato de Castro;Givaldo de Marinho;Luziano Alves;VALIDADO;
LPCO;GO;101.0;11.0;SOJA;11715P1744;761 I2X;—;;SOJA DEST STE O820 IPRO BG ST;S2;P1;BG;30.0;833.0;S2;833;30.0;;;;SIM;1.0;28/05/2026;MAI;Renato de Castro;Givaldo de Marinho;Luziano Alves;VALIDADO;
LPCO;GO;101.0;11.0;SOJA;11715P1745;761 I2X;—;;SOJA DEST STE O820 IPRO BG ST;S2;P1;BG;30.0;862.0;S2;862;30.0;;;;SIM;1.0;28/05/2026;MAI;Renato de Castro;Givaldo de Marinho;Luziano Alves;VALIDADO;
LPCO;GO;101.0;11.0;SOJA;11715P1746;761 I2X;—;;SOJA DEST STE O820 IPRO BG ST;S2;P1;BG;30.0;830.0;S2;830;30.0;;;;SIM;1.0;28/05/2026;MAI;Renato de Castro;Givaldo de Marinho;Luziano Alves;VALIDADO;
LPCO;GO;101.0;11.0;SOJA;11715P1748;761 I2X;—;;SOJA DEST STE O820 IPRO BG ST;S2;P1;BG;30.0;830.0;S2;830;30.0;;;;SIM;1.0;28/05/2026;MAI;Renato de Castro;Givaldo de Marinho;Luziano Alves;VALIDADO;
LPCO;GO;101.0;11.0;SOJA;11715P1749;761 I2X;—;;SOJA DEST STE O820 IPRO BG ST;S2;P1;BG;30.0;839.0;S2;839;30.0;;;;SIM;1.0;28/05/2026;MAI;Renato de Castro;Givaldo de Marinho;Luziano Alves;VALIDADO;
LPCO;GO;101.0;11.0;SOJA;11715P1751;761 I2X;—;;SOJA DEST STE O820 IPRO BG ST;S2;P1;BG;30.0;845.0;S2;845;30.0;;;;SIM;1.0;28/05/2026;MAI;Renato de Castro;Givaldo de Marinho;Luziano Alves;VALIDADO;
LPCO;GO;101.0;11.0;SOJA;11715P1752;761 I2X;—;;SOJA DEST STE O820 IPRO BG ST;S2;P1;BG;30.0;851.0;S2;851;30.0;;;;SIM;1.0;28/05/2026;MAI;Renato de Castro;Givaldo de Marinho;Luziano Alves;VALIDADO;
LPCO;GO;101.0;11.0;SOJA;11715P1754;761 I2X;—;;SOJA DEST STE O820 IPRO BG ST;S2;P1;BG;30.0;857.0;S2;857;30.0;;;;SIM;1.0;28/05/2026;MAI;Renato de Castro;Givaldo de Marinho;Luziano Alves;VALIDADO;
LPCO;GO;101.0;11.0;SOJA;11715P1755;761 I2X;—;;SOJA DEST STE O820 IPRO BG ST;S2;P1;BG;29.0;864.0;S2;864;29.0;;;;SIM;1.0;28/05/2026;MAI;Renato de Castro;Givaldo de Marinho;Luziano Alves;VALIDADO;
LPCO;GO;101.0;11.0;SOJA;11715P2701;761 I2X;—;;SOJA DEST STE O820 IPRO BG ST;S2;P2;BG;24.0;1029.0;S2;1029;24.0;;;;SIM;1.0;28/05/2026;MAI;Renato de Castro;Givaldo de Marinho;Luziano Alves;VALIDADO;
LPCO;GO;101.0;11.0;SOJA;11715P2704;761 I2X;—;;SOJA DEST STE O820 IPRO BG ST;S2;P2;BG;24.0;1030.0;S2;1030;24.0;;;;SIM;1.0;28/05/2026;MAI;Renato de Castro;Givaldo de Marinho;Luziano Alves;VALIDADO;
LPCO;GO;101.0;11.0;SOJA;11715P2706;761 I2X;—;;SOJA DEST STE O820 IPRO BG ST;S2;P2;BG;24.0;1026.0;S2;1026;24.0;;;;SIM;1.0;28/05/2026;MAI;Renato de Castro;Givaldo de Marinho;Luziano Alves;VALIDADO;
LPCO;GO;101.0;11.0;SOJA;11715P2709;761 I2X;—;;SOJA DEST STE O820 IPRO BG ST;S2;P2;BG;24.0;1023.0;S2;1023;24.0;;;;SIM;1.0;28/05/2026;MAI;Renato de Castro;Givaldo de Marinho;Luziano Alves;VALIDADO;
LPCO;GO;101.0;11.0;SOJA;11715P2711;761 I2X;—;;SOJA DEST STE O820 IPRO BG ST;S2;P2;BG;24.0;1031.0;S2;1031;24.0;;;;SIM;1.0;28/05/2026;MAI;Renato de Castro;Givaldo de Marinho;Luziano Alves;VALIDADO;
LPCO;GO;101.0;11.0;SOJA;11715P2713;761 I2X;—;;SOJA DEST STE O820 IPRO BG ST;S2;P2;BG;24.0;1019.0;S2;1019;24.0;;;;SIM;1.0;28/05/2026;MAI;Renato de Castro;Givaldo de Marinho;Luziano Alves;VALIDADO;
LPCO;GO;101.0;11.0;SOJA;11715P2716;761 I2X;—;;SOJA DEST STE O820 IPRO BG ST;S2;P2;BG;24.0;1029.0;S2;1029;24.0;;;;SIM;1.0;28/05/2026;MAI;Renato de Castro;Givaldo de Marinho;Luziano Alves;VALIDADO;
LPCO;GO;101.0;11.0;SOJA;11715P2719;761 I2X;—;;SOJA DEST STE O820 IPRO BG ST;S2;P2;BG;24.0;1027.0;S2;1027;24.0;;;;SIM;1.0;28/05/2026;MAI;Renato de Castro;Givaldo de Marinho;Luziano Alves;VALIDADO;
LPCO;GO;101.0;11.0;SOJA;11715P2722;761 I2X;—;;SOJA DEST STE O820 IPRO BG ST;S2;P2;BG;24.0;1032.0;S2;1032;24.0;;;;SIM;1.0;28/05/2026;MAI;Renato de Castro;Givaldo de Marinho;Luziano Alves;VALIDADO;
LPCO;GO;101.0;11.0;SOJA;11715P2725;761 I2X;—;;SOJA DEST STE O820 IPRO BG ST;S2;P2;BG;24.0;1039.0;S2;1039;24.0;;;;SIM;1.0;28/05/2026;MAI;Renato de Castro;Givaldo de Marinho;Luziano Alves;VALIDADO;
LPCO;GO;101.0;11.0;SOJA;11715P2728;761 I2X;—;;SOJA DEST STE O820 IPRO BG ST;S2;P2;BG;24.0;1029.0;S2;1029;24.0;;;;SIM;1.0;28/05/2026;MAI;Renato de Castro;Givaldo de Marinho;Luziano Alves;VALIDADO;
LPCO;GO;101.0;11.0;SOJA;11715P2731;761 I2X;—;;SOJA DEST STE O820 IPRO BG ST;S2;P2;BG;24.0;1045.0;S2;1045;24.0;;;;SIM;1.0;28/05/2026;MAI;Renato de Castro;Givaldo de Marinho;Luziano Alves;VALIDADO;
LPCO;GO;101.0;11.0;SOJA;11715P2733;761 I2X;—;;SOJA DEST STE O820 IPRO BG ST;S2;P2;BG;24.0;1030.0;S2;1030;24.0;;;;SIM;1.0;28/05/2026;MAI;Renato de Castro;Givaldo de Marinho;Luziano Alves;VALIDADO;
LPCO;GO;101.0;11.0;SOJA;11715P2736;761 I2X;—;;SOJA DEST STE O820 IPRO BG ST;S2;P2;BG;24.0;1020.0;S2;1020;24.0;;;;SIM;1.0;28/05/2026;MAI;Renato de Castro;Givaldo de Marinho;Luziano Alves;VALIDADO;
LPCO;GO;101.0;11.0;SOJA;11715P2738;761 I2X;—;;SOJA DEST STE O820 IPRO BG ST;S2;P2;BG;24.0;1016.0;S2;1016;24.0;;;;SIM;1.0;28/05/2026;MAI;Renato de Castro;Givaldo de Marinho;Luziano Alves;VALIDADO;
LPCO;GO;101.0;11.0;SOJA;11715P2740;761 I2X;—;;SOJA DEST STE O820 IPRO BG ST;S2;P2;BG;24.0;1025.0;S2;1025;24.0;;;;SIM;1.0;28/05/2026;MAI;Renato de Castro;Givaldo de Marinho;Luziano Alves;VALIDADO;
LPCO;GO;101.0;11.0;SOJA;11715P2743;761 I2X;—;;SOJA DEST STE O820 IPRO BG ST;S2;P2;BG;24.0;1027.0;S2;1027;24.0;;;;SIM;1.0;28/05/2026;MAI;Renato de Castro;Givaldo de Marinho;Luziano Alves;VALIDADO;
LPCO;GO;101.0;11.0;SOJA;11715P2747;761 I2X;—;;SOJA DEST STE O820 IPRO BG ST;S2;P2;BG;24.0;1030.0;S2;1030;24.0;;;;SIM;1.0;28/05/2026;MAI;Renato de Castro;Givaldo de Marinho;Luziano Alves;VALIDADO;
LPCO;GO;101.0;11.0;SOJA;11715P2750;761 I2X;—;;SOJA DEST STE O820 IPRO BG ST;S2;P2;BG;24.0;1012.0;S2;1012;24.0;;;;SIM;1.0;28/05/2026;MAI;Renato de Castro;Givaldo de Marinho;Luziano Alves;VALIDADO;
LPCO;GO;101.0;11.0;SOJA;11715P2753;761 I2X;—;;SOJA DEST STE O820 IPRO BG ST;S2;P2;BG;24.0;1023.0;S2;1023;24.0;;;;SIM;1.0;28/05/2026;MAI;Renato de Castro;Givaldo de Marinho;Luziano Alves;VALIDADO;
LPCO;GO;101.0;11.0;SOJA;11715P2756;761 I2X;—;;SOJA DEST STE O820 IPRO BG ST;S2;P2;BG;15.0;1033.0;S2;1033;15.0;;;;SIM;1.0;28/05/2026;MAI;Renato de Castro;Givaldo de Marinho;Luziano Alves;VALIDADO;
LPCO;GO;101.0;11.0;SOJA;11758P1502;C2705CE;—;;SOJA DEST STE O820 IPRO BG ST;C1;P1;BG;27.0;913.0;C1;913;27.0;;;;SIM;1.0;28/05/2026;MAI;Renato de Castro;Givaldo de Marinho;Luziano Alves;VALIDADO;
LPCO;GO;101.0;11.0;SOJA;11758P1503;C2705CE;—;;SOJA DEST STE O820 IPRO BG ST;C1;P1;BG;27.0;917.0;C1;917;27.0;;;;SIM;1.0;28/05/2026;MAI;Renato de Castro;Givaldo de Marinho;Luziano Alves;VALIDADO;
LPCO;GO;101.0;11.0;SOJA;11758P1505;C2705CE;—;;SOJA DEST STE O820 IPRO BG ST;C1;P1;BG;27.0;912.0;C1;912;27.0;;;;SIM;1.0;28/05/2026;MAI;Renato de Castro;Givaldo de Marinho;Luziano Alves;VALIDADO;
LPCO;GO;101.0;11.0;SOJA;11758P1507;C2705CE;—;;SOJA DEST STE O820 IPRO BG ST;C1;P1;BG;4.0;905.0;C1;905;4.0;;;;SIM;1.0;28/05/2026;MAI;Renato de Castro;Givaldo de Marinho;Luziano Alves;VALIDADO;
LPCO;GO;101.0;11.0;SOJA;11758P2501;C2705CE;—;;SOJA DEST STE O820 IPRO BG ST;C1;P2;BG;24.0;1112.0;C1;1112;24.0;;;;SIM;1.0;28/05/2026;MAI;Renato de Castro;Givaldo de Marinho;Luziano Alves;VALIDADO;
LPCO;GO;101.0;11.0;SOJA;11758P2504;C2705CE;—;;SOJA DEST STE O820 IPRO BG ST;C1;P2;BG;24.0;1102.0;C1;1102;24.0;;;;SIM;1.0;28/05/2026;MAI;Renato de Castro;Givaldo de Marinho;Luziano Alves;VALIDADO;
LPCO;GO;101.0;11.0;SOJA;11758P2506;C2705CE;—;;SOJA DEST STE O820 IPRO BG ST;C1;P2;BG;21.0;1105.0;C1;1105;21.0;;;;SIM;1.0;28/05/2026;MAI;Renato de Castro;Givaldo de Marinho;Luziano Alves;VALIDADO;
LPCO;GO;101.0;11.0;SOJA;11149P1601;NEO680 IPRO;—;;SOJA DEST STE O820 IPRO BG ST;S2;P1;BG;30.0;838.0;S2;838;30.0;;;;SIM;1.0;28/05/2026;MAI;Renato de Castro;Givaldo de Marinho;Luziano Alves;VALIDADO;
LPCO;GO;101.0;11.0;SOJA;11149P1603;NEO680 IPRO;—;;SOJA DEST STE O820 IPRO BG ST;S2;P1;BG;30.0;826.0;S2;826;30.0;;;;SIM;1.0;28/05/2026;MAI;Renato de Castro;Givaldo de Marinho;Luziano Alves;VALIDADO;
LPCO;GO;101.0;11.0;SOJA;11149P1604;NEO680 IPRO;—;;SOJA DEST STE O820 IPRO BG ST;S2;P1;BG;30.0;822.0;S2;822;30.0;;;;SIM;1.0;28/05/2026;MAI;Renato de Castro;Givaldo de Marinho;Luziano Alves;VALIDADO;
LPCO;GO;101.0;11.0;SOJA;11149P1606;NEO680 IPRO;—;;SOJA DEST STE O820 IPRO BG ST;S2;P1;BG;30.0;830.0;S2;830;30.0;;;;SIM;1.0;28/05/2026;MAI;Renato de Castro;Givaldo de Marinho;Luziano Alves;VALIDADO;
LPCO;GO;101.0;11.0;SOJA;11149P1607;NEO680 IPRO;—;;SOJA DEST STE O820 IPRO BG ST;S2;P1;BG;30.0;794.0;S2;794;30.0;;;;SIM;1.0;28/05/2026;MAI;Renato de Castro;Givaldo de Marinho;Luziano Alves;VALIDADO;
LPCO;GO;101.0;11.0;SOJA;11149P1608;NEO680 IPRO;—;;SOJA DEST STE O820 IPRO BG ST;S2;P1;BG;30.0;785.0;S2;785;30.0;;;;SIM;1.0;28/05/2026;MAI;Renato de Castro;Givaldo de Marinho;Luziano Alves;VALIDADO;
LPCO;GO;101.0;11.0;SOJA;11149P1609;NEO680 IPRO;—;;SOJA DEST STE O820 IPRO BG ST;S2;P1;BG;30.0;789.0;S2;789;30.0;;;;SIM;1.0;28/05/2026;MAI;Renato de Castro;Givaldo de Marinho;Luziano Alves;VALIDADO;
LPCO;GO;101.0;11.0;SOJA;11149P1610;NEO680 IPRO;—;;SOJA DEST STE O820 IPRO BG ST;S2;P1;BG;30.0;792.0;S2;792;30.0;;;;SIM;1.0;28/05/2026;MAI;Renato de Castro;Givaldo de Marinho;Luziano Alves;VALIDADO;
LPCO;GO;101.0;11.0;SOJA;11149P1611;NEO680 IPRO;—;;SOJA DEST STE O820 IPRO BG ST;S2;P1;BG;30.0;802.0;S2;802;30.0;;;;SIM;1.0;28/05/2026;MAI;Renato de Castro;Givaldo de Marinho;Luziano Alves;VALIDADO;
LPCO;GO;101.0;11.0;SOJA;11149P1612;NEO680 IPRO;—;;SOJA DEST STE O820 IPRO BG ST;S2;P1;BG;30.0;797.0;S2;797;30.0;;;;SIM;1.0;28/05/2026;MAI;Renato de Castro;Givaldo de Marinho;Luziano Alves;VALIDADO;
LPCO;GO;101.0;11.0;SOJA;11149P1613;NEO680 IPRO;—;;SOJA DEST STE O820 IPRO BG ST;S2;P1;BG;30.0;764.0;S2;764;30.0;;;;SIM;1.0;28/05/2026;MAI;Renato de Castro;Givaldo de Marinho;Luziano Alves;VALIDADO;
LPCO;GO;101.0;11.0;SOJA;11149P1614;NEO680 IPRO;—;;SOJA DEST STE O820 IPRO BG ST;S2;P1;BG;30.0;764.0;S2;764;30.0;;;;SIM;1.0;28/05/2026;MAI;Renato de Castro;Givaldo de Marinho;Luziano Alves;VALIDADO;
LPCO;GO;101.0;11.0;SOJA;11149P1616;NEO680 IPRO;—;;SOJA DEST STE O820 IPRO BG ST;S2;P1;BG;30.0;765.0;S2;765;30.0;;;;SIM;1.0;28/05/2026;MAI;Renato de Castro;Givaldo de Marinho;Luziano Alves;VALIDADO;
LPCO;GO;101.0;11.0;SOJA;11149P1617;NEO680 IPRO;—;;SOJA DEST STE O820 IPRO BG ST;S2;P1;BG;30.0;762.0;S2;762;30.0;;;;SIM;1.0;28/05/2026;MAI;Renato de Castro;Givaldo de Marinho;Luziano Alves;VALIDADO;
LPCO;GO;101.0;11.0;SOJA;11149P1618;NEO680 IPRO;—;;SOJA DEST STE O820 IPRO BG ST;S2;P1;BG;30.0;787.0;S2;787;30.0;;;;SIM;1.0;28/05/2026;MAI;Renato de Castro;Givaldo de Marinho;Luziano Alves;VALIDADO;
LPCO;GO;101.0;11.0;SOJA;11149P1620;NEO680 IPRO;—;;SOJA DEST STE O820 IPRO BG ST;C1;P1;BG;30.0;787.0;C1;787;30.0;;;;SIM;1.0;28/05/2026;MAI;Renato de Castro;Givaldo de Marinho;Luziano Alves;VALIDADO;
LPCO;GO;101.0;11.0;SOJA;11149P1621;NEO680 IPRO;—;;SOJA DEST STE O820 IPRO BG ST;C1;P1;BG;30.0;778.0;C1;778;30.0;;;;SIM;1.0;28/05/2026;MAI;Renato de Castro;Givaldo de Marinho;Luziano Alves;VALIDADO;
LPCO;GO;101.0;11.0;SOJA;11149P1622;NEO680 IPRO;—;;SOJA DEST STE O820 IPRO BG ST;C1;P1;BG;30.0;785.0;C1;785;30.0;;;;SIM;1.0;28/05/2026;MAI;Renato de Castro;Givaldo de Marinho;Luziano Alves;VALIDADO;
LPCO;GO;101.0;11.0;SOJA;11149P1624;NEO680 IPRO;—;;SOJA DEST STE O820 IPRO BG ST;C1;P1;BG;30.0;789.0;C1;789;30.0;;;;SIM;1.0;28/05/2026;MAI;Renato de Castro;Givaldo de Marinho;Luziano Alves;VALIDADO;
LPCO;GO;101.0;11.0;SOJA;11149P1626;NEO680 IPRO;—;;SOJA DEST STE O820 IPRO BG ST;C1;P1;BG;30.0;783.0;C1;783;30.0;;;;SIM;1.0;28/05/2026;MAI;Renato de Castro;Givaldo de Marinho;Luziano Alves;VALIDADO;
LPCO;GO;101.0;11.0;SOJA;11149P1627;NEO680 IPRO;—;;SOJA DEST STE O820 IPRO BG ST;C1;P1;BG;30.0;775.0;C1;775;30.0;;;;SIM;1.0;28/05/2026;MAI;Renato de Castro;Givaldo de Marinho;Luziano Alves;VALIDADO;
LPCO;GO;101.0;11.0;SOJA;11149P1628;NEO680 IPRO;—;;SOJA DEST STE O820 IPRO BG ST;C1;P1;BG;30.0;747.0;C1;747;30.0;;;;SIM;1.0;28/05/2026;MAI;Renato de Castro;Givaldo de Marinho;Luziano Alves;VALIDADO;
LPCO;GO;101.0;11.0;SOJA;11149P1630;NEO680 IPRO;—;;SOJA DEST STE O820 IPRO BG ST;S2;P1;BG;30.0;786.0;S2;786;30.0;;;;SIM;1.0;28/05/2026;MAI;Renato de Castro;Givaldo de Marinho;Luziano Alves;VALIDADO;
LPCO;GO;101.0;11.0;SOJA;11149P1631;NEO680 IPRO;—;;SOJA DEST STE O820 IPRO BG ST;S2;P1;BG;30.0;759.0;S2;759;30.0;;;;SIM;1.0;28/05/2026;MAI;Renato de Castro;Givaldo de Marinho;Luziano Alves;VALIDADO;
LPCO;GO;101.0;11.0;SOJA;11149P1632;NEO680 IPRO;—;;SOJA DEST STE O820 IPRO BG ST;S2;P1;BG;30.0;760.0;S2;760;30.0;;;;SIM;1.0;28/05/2026;MAI;Renato de Castro;Givaldo de Marinho;Luziano Alves;VALIDADO;
LPCO;GO;101.0;11.0;SOJA;11149P1633;NEO680 IPRO;—;;SOJA DEST STE O820 IPRO BG ST;S2;P1;BG;30.0;763.0;S2;763;30.0;;;;SIM;1.0;28/05/2026;MAI;Renato de Castro;Givaldo de Marinho;Luziano Alves;VALIDADO;
LPCO;GO;101.0;11.0;SOJA;11149P1635;NEO680 IPRO;—;;SOJA DEST STE O820 IPRO BG ST;S2;P1;BG;30.0;769.0;S2;769;30.0;;;;SIM;1.0;28/05/2026;MAI;Renato de Castro;Givaldo de Marinho;Luziano Alves;VALIDADO;
LPCO;GO;101.0;11.0;SOJA;11149P1636;NEO680 IPRO;—;;SOJA DEST STE O820 IPRO BG ST;S2;P1;BG;30.0;739.0;S2;739;30.0;;;;SIM;1.0;28/05/2026;MAI;Renato de Castro;Givaldo de Marinho;Luziano Alves;VALIDADO;
LPCO;GO;101.0;11.0;SOJA;11149P1637;NEO680 IPRO;—;;SOJA DEST STE O820 IPRO BG ST;S2;P1;BG;30.0;720.0;S2;720;30.0;;;;SIM;1.0;28/05/2026;MAI;Renato de Castro;Givaldo de Marinho;Luziano Alves;VALIDADO;
LPCO;GO;101.0;11.0;SOJA;11149P1638;NEO680 IPRO;—;;SOJA DEST STE O820 IPRO BG ST;S2;P1;BG;30.0;755.0;S2;755;30.0;;;;SIM;1.0;28/05/2026;MAI;Renato de Castro;Givaldo de Marinho;Luziano Alves;VALIDADO;
LPCO;GO;101.0;11.0;SOJA;11149P1639;NEO680 IPRO;—;;SOJA DEST STE O820 IPRO BG ST;S2;P1;BG;30.0;746.0;S2;746;30.0;;;;SIM;1.0;28/05/2026;MAI;Renato de Castro;Givaldo de Marinho;Luziano Alves;VALIDADO;
LPCO;GO;101.0;11.0;SOJA;11149P1641;NEO680 IPRO;—;;SOJA DEST STE O820 IPRO BG ST;S2;P1;BG;30.0;800.0;S2;800;30.0;;;;SIM;1.0;28/05/2026;MAI;Renato de Castro;Givaldo de Marinho;Luziano Alves;VALIDADO;
LPCO;GO;101.0;11.0;SOJA;11149P1643;NEO680 IPRO;—;;SOJA DEST STE O820 IPRO BG ST;S2;P1;BG;30.0;766.0;S2;766;30.0;;;;SIM;1.0;28/05/2026;MAI;Renato de Castro;Givaldo de Marinho;Luziano Alves;VALIDADO;
LPCO;GO;101.0;11.0;SOJA;11149P1644;NEO680 IPRO;—;;SOJA DEST STE O820 IPRO BG ST;S2;P1;BG;9.0;777.0;S2;777;9.0;;;;SIM;1.0;28/05/2026;MAI;Renato de Castro;Givaldo de Marinho;Luziano Alves;VALIDADO;
LPCO;GO;101.0;11.0;SOJA;11149P2602;NEO680 IPRO;—;;SOJA DEST STE O820 IPRO BG ST;S2;P2;BG;24.0;1010.0;S2;1010;24.0;;;;SIM;1.0;28/05/2026;MAI;Renato de Castro;Givaldo de Marinho;Luziano Alves;VALIDADO;
LPCO;GO;101.0;11.0;SOJA;11149P2605;NEO680 IPRO;—;;SOJA DEST STE O820 IPRO BG ST;S2;P2;BG;27.0;998.0;S2;998;27.0;;;;SIM;1.0;28/05/2026;MAI;Renato de Castro;Givaldo de Marinho;Luziano Alves;VALIDADO;
LPCO;GO;101.0;11.0;SOJA;11149P2615;NEO680 IPRO;—;;SOJA DEST STE O820 IPRO BG ST;S2;P2;BG;27.0;931.0;S2;931;27.0;;;;SIM;1.0;28/05/2026;MAI;Renato de Castro;Givaldo de Marinho;Luziano Alves;VALIDADO;
LPCO;GO;101.0;11.0;SOJA;11149P2619;NEO680 IPRO;—;;SOJA DEST STE O820 IPRO BG ST;C1;P2;BG;27.0;928.0;C1;928;27.0;;;;SIM;1.0;28/05/2026;MAI;Renato de Castro;Givaldo de Marinho;Luziano Alves;VALIDADO;
LPCO;GO;101.0;11.0;SOJA;11149P2623;NEO680 IPRO;—;;SOJA DEST STE O820 IPRO BG ST;C1;P2;BG;27.0;937.0;C1;937;27.0;;;;SIM;1.0;28/05/2026;MAI;Renato de Castro;Givaldo de Marinho;Luziano Alves;VALIDADO;
LPCO;GO;101.0;11.0;SOJA;11149P2625;NEO680 IPRO;—;;SOJA DEST STE O820 IPRO BG ST;C1;P2;BG;27.0;934.0;C1;934;27.0;;;;SIM;1.0;28/05/2026;MAI;Renato de Castro;Givaldo de Marinho;Luziano Alves;VALIDADO;
LPCO;GO;101.0;11.0;SOJA;11149P2629;NEO680 IPRO;—;;SOJA DEST STE O820 IPRO BG ST;S2;P2;BG;27.0;917.0;S2;917;27.0;;;;SIM;1.0;28/05/2026;MAI;Renato de Castro;Givaldo de Marinho;Luziano Alves;VALIDADO;
LPCO;GO;101.0;11.0;SOJA;11149P2634;NEO680 IPRO;—;;SOJA DEST STE O820 IPRO BG ST;S2;P2;BG;27.0;933.0;S2;933;27.0;;;;SIM;1.0;28/05/2026;MAI;Renato de Castro;Givaldo de Marinho;Luziano Alves;VALIDADO;
LPCO;GO;101.0;11.0;SOJA;11149P2640;NEO680 IPRO;—;;SOJA DEST STE O820 IPRO BG ST;S2;P2;BG;30.0;911.0;S2;911;30.0;;;;SIM;1.0;28/05/2026;MAI;Renato de Castro;Givaldo de Marinho;Luziano Alves;VALIDADO;
LPCO;GO;101.0;11.0;SOJA;11149P2642;NEO680 IPRO;—;;SOJA DEST STE O820 IPRO BG ST;S2;P2;BG;11.0;928.0;S2;928;11.0;;;;SIM;1.0;28/05/2026;MAI;Renato de Castro;Givaldo de Marinho;Luziano Alves;VALIDADO;
LPCO;GO;101.0;11.0;SOJA;11740P1901;NEO771 I2X;—;;SOJA DEST STE O820 IPRO BG ST;C2;P1;BG;30.0;771.0;C2;771;30.0;;;;SIM;1.0;28/05/2026;MAI;Renato de Castro;Givaldo de Marinho;Luziano Alves;VALIDADO;
LPCO;GO;101.0;11.0;SOJA;11740P1903;NEO771 I2X;—;;SOJA DEST STE O820 IPRO BG ST;C2;P1;BG;30.0;683.0;C2;683;30.0;;;;SIM;1.0;28/05/2026;MAI;Renato de Castro;Givaldo de Marinho;Luziano Alves;VALIDADO;
LPCO;GO;101.0;11.0;SOJA;11740P1905;NEO771 I2X;—;;SOJA DEST STE O820 IPRO BG ST;C2;P1;BG;30.0;688.0;C2;688;30.0;;;;SIM;1.0;28/05/2026;MAI;Renato de Castro;Givaldo de Marinho;Luziano Alves;VALIDADO;
LPCO;GO;101.0;11.0;SOJA;11740P1907;NEO771 I2X;—;;SOJA DEST STE O820 IPRO BG ST;C2;P1;BG;30.0;689.0;C2;689;30.0;;;;SIM;1.0;28/05/2026;MAI;Renato de Castro;Givaldo de Marinho;Luziano Alves;VALIDADO;
LPCO;GO;101.0;11.0;SOJA;11740P1910;NEO771 I2X;—;;SOJA DEST STE O820 IPRO BG ST;C2;P1;BG;30.0;685.0;C2;685;30.0;;;;SIM;1.0;28/05/2026;MAI;Renato de Castro;Givaldo de Marinho;Luziano Alves;VALIDADO;
LPCO;GO;101.0;11.0;SOJA;11740P1911;NEO771 I2X;—;;SOJA DEST STE O820 IPRO BG ST;C2;P1;BG;30.0;680.0;C2;680;30.0;;;;SIM;1.0;28/05/2026;MAI;Renato de Castro;Givaldo de Marinho;Luziano Alves;VALIDADO;
LPCO;GO;101.0;11.0;SOJA;11740P1913;NEO771 I2X;—;;SOJA DEST STE O820 IPRO BG ST;C2;P1;BG;30.0;688.0;C2;688;30.0;;;;SIM;1.0;28/05/2026;MAI;Renato de Castro;Givaldo de Marinho;Luziano Alves;VALIDADO;
LPCO;GO;101.0;11.0;SOJA;11740P1916;NEO771 I2X;—;;SOJA DEST STE O820 IPRO BG ST;C2;P1;BG;30.0;688.0;C2;688;30.0;;;;SIM;1.0;28/05/2026;MAI;Renato de Castro;Givaldo de Marinho;Luziano Alves;VALIDADO;
LPCO;GO;101.0;11.0;SOJA;11740P1918;NEO771 I2X;—;;SOJA DEST STE O820 IPRO BG ST;C2;P1;BG;30.0;679.0;C2;679;30.0;;;;SIM;1.0;28/05/2026;MAI;Renato de Castro;Givaldo de Marinho;Luziano Alves;VALIDADO;
LPCO;GO;101.0;11.0;SOJA;11740P1920;NEO771 I2X;—;;SOJA DEST STE O820 IPRO BG ST;C2;P1;BG;30.0;678.0;C2;678;30.0;;;;SIM;1.0;28/05/2026;MAI;Renato de Castro;Givaldo de Marinho;Luziano Alves;VALIDADO;
LPCO;GO;101.0;11.0;SOJA;11740P1923;NEO771 I2X;—;;SOJA DEST STE O820 IPRO BG ST;C2;P1;BG;30.0;682.0;C2;682;30.0;;;;SIM;1.0;28/05/2026;MAI;Renato de Castro;Givaldo de Marinho;Luziano Alves;VALIDADO;
LPCO;GO;101.0;11.0;SOJA;11740P1925;NEO771 I2X;—;;SOJA DEST STE O820 IPRO BG ST;C2;P1;BG;30.0;673.0;C2;673;30.0;;;;SIM;1.0;28/05/2026;MAI;Renato de Castro;Givaldo de Marinho;Luziano Alves;VALIDADO;
LPCO;GO;101.0;11.0;SOJA;11740P1928;NEO771 I2X;—;;SOJA DEST STE O820 IPRO BG ST;C2;P1;BG;5.0;676.0;C2;676;5.0;;;;SIM;1.0;28/05/2026;MAI;Renato de Castro;Givaldo de Marinho;Luziano Alves;VALIDADO;
LPCO;GO;101.0;11.0;SOJA;11740P2902;NEO771 I2X;—;;SOJA DEST STE O820 IPRO BG ST;C2;P2;BG;27.0;941.0;C2;941;27.0;;;;SIM;1.0;28/05/2026;MAI;Renato de Castro;Givaldo de Marinho;Luziano Alves;VALIDADO;
LPCO;GO;101.0;11.0;SOJA;11740P2904;NEO771 I2X;—;;SOJA DEST STE O820 IPRO BG ST;C2;P2;BG;30.0;870.0;C2;870;30.0;;;;SIM;1.0;28/05/2026;MAI;Renato de Castro;Givaldo de Marinho;Luziano Alves;VALIDADO;
LPCO;GO;101.0;11.0;SOJA;11740P2906;NEO771 I2X;—;;SOJA DEST STE O820 IPRO BG ST;C2;P2;BG;30.0;874.0;C2;874;30.0;;;;SIM;1.0;28/05/2026;MAI;Renato de Castro;Givaldo de Marinho;Luziano Alves;VALIDADO;
LPCO;GO;101.0;11.0;SOJA;11740P2908;NEO771 I2X;—;;SOJA DEST STE O820 IPRO BG ST;C2;P2;BG;30.0;874.0;C2;874;30.0;;;;SIM;1.0;28/05/2026;MAI;Renato de Castro;Givaldo de Marinho;Luziano Alves;VALIDADO;
LPCO;GO;101.0;11.0;SOJA;11740P2909;NEO771 I2X;—;;SOJA DEST STE O820 IPRO BG ST;C2;P2;BG;30.0;865.0;C2;865;30.0;;;;SIM;1.0;28/05/2026;MAI;Renato de Castro;Givaldo de Marinho;Luziano Alves;VALIDADO;
LPCO;GO;101.0;11.0;SOJA;11740P2912;NEO771 I2X;—;;SOJA DEST STE O820 IPRO BG ST;C2;P2;BG;30.0;872.0;C2;872;30.0;;;;SIM;1.0;28/05/2026;MAI;Renato de Castro;Givaldo de Marinho;Luziano Alves;VALIDADO;
LPCO;GO;101.0;11.0;SOJA;11740P2914;NEO771 I2X;—;;SOJA DEST STE O820 IPRO BG ST;C2;P2;BG;30.0;878.0;C2;878;30.0;;;;SIM;1.0;28/05/2026;MAI;Renato de Castro;Givaldo de Marinho;Luziano Alves;VALIDADO;
LPCO;GO;101.0;11.0;SOJA;11740P2915;NEO771 I2X;—;;SOJA DEST STE O820 IPRO BG ST;C2;P2;BG;30.0;885.0;C2;885;30.0;;;;SIM;1.0;28/05/2026;MAI;Renato de Castro;Givaldo de Marinho;Luziano Alves;VALIDADO;
LPCO;GO;101.0;11.0;SOJA;11740P2917;NEO771 I2X;—;;SOJA DEST STE O820 IPRO BG ST;C2;P2;BG;30.0;871.0;C2;871;30.0;;;;SIM;1.0;28/05/2026;MAI;Renato de Castro;Givaldo de Marinho;Luziano Alves;VALIDADO;
LPCO;GO;101.0;11.0;SOJA;11740P2919;NEO771 I2X;—;;SOJA DEST STE O820 IPRO BG ST;C2;P2;BG;30.0;879.0;C2;879;30.0;;;;SIM;1.0;28/05/2026;MAI;Renato de Castro;Givaldo de Marinho;Luziano Alves;VALIDADO;
LPCO;GO;101.0;11.0;SOJA;11740P2921;NEO771 I2X;—;;SOJA DEST STE O820 IPRO BG ST;C2;P2;BG;30.0;878.0;C2;878;30.0;;;;SIM;1.0;28/05/2026;MAI;Renato de Castro;Givaldo de Marinho;Luziano Alves;VALIDADO;
LPCO;GO;101.0;11.0;SOJA;11740P2922;NEO771 I2X;—;;SOJA DEST STE O820 IPRO BG ST;C2;P2;BG;30.0;870.0;C2;870;30.0;;;;SIM;1.0;28/05/2026;MAI;Renato de Castro;Givaldo de Marinho;Luziano Alves;VALIDADO;
LPCO;GO;101.0;11.0;SOJA;11740P2924;NEO771 I2X;—;;SOJA DEST STE O820 IPRO BG ST;C2;P2;BG;30.0;874.0;C2;874;30.0;;;;SIM;1.0;28/05/2026;MAI;Renato de Castro;Givaldo de Marinho;Luziano Alves;VALIDADO;
LPCO;GO;101.0;11.0;SOJA;11740P2926;NEO771 I2X;—;;SOJA DEST STE O820 IPRO BG ST;C2;P2;BG;30.0;866.0;C2;866;30.0;;;;SIM;1.0;28/05/2026;MAI;Renato de Castro;Givaldo de Marinho;Luziano Alves;VALIDADO;
LPCO;GO;101.0;11.0;SOJA;11740P2927;NEO771 I2X;—;;SOJA DEST STE O820 IPRO BG ST;C2;P2;BG;27.0;881.0;C2;881;27.0;;;;SIM;1.0;28/05/2026;MAI;Renato de Castro;Givaldo de Marinho;Luziano Alves;VALIDADO;
LPCO;GO;101.0;11.0;SOJA;11757P1801;NEO780 CE;—;;SOJA DEST STE O820 IPRO BG ST;C1;P1;BG;30.0;846.0;C1;846;30.0;;;;SIM;1.0;28/05/2026;MAI;Renato de Castro;Givaldo de Marinho;Luziano Alves;VALIDADO;
LPCO;GO;101.0;11.0;SOJA;11757P1803;NEO780 CE;—;;SOJA DEST STE O820 IPRO BG ST;C1;P1;BG;30.0;848.0;C1;848;30.0;;;;SIM;1.0;28/05/2026;MAI;Renato de Castro;Givaldo de Marinho;Luziano Alves;VALIDADO;
LPCO;GO;101.0;11.0;SOJA;11757P1805;NEO780 CE;—;;SOJA DEST STE O820 IPRO BG ST;C1;P1;BG;30.0;855.0;C1;855;30.0;;;;SIM;1.0;28/05/2026;MAI;Renato de Castro;Givaldo de Marinho;Luziano Alves;VALIDADO;
LPCO;GO;101.0;11.0;SOJA;11757P1807;NEO780 CE;—;;SOJA DEST STE O820 IPRO BG ST;C1;P1;BG;30.0;846.0;C1;846;30.0;;;;SIM;1.0;28/05/2026;MAI;Renato de Castro;Givaldo de Marinho;Luziano Alves;VALIDADO;
LPCO;GO;101.0;11.0;SOJA;11757P1808;NEO780 CE;—;;SOJA DEST STE O820 IPRO BG ST;C1;P1;BG;30.0;850.0;C1;850;30.0;;;;SIM;1.0;28/05/2026;MAI;Renato de Castro;Givaldo de Marinho;Luziano Alves;VALIDADO;
LPCO;GO;101.0;11.0;SOJA;11757P1810;NEO780 CE;—;;SOJA DEST STE O820 IPRO BG ST;C1;P1;BG;2.0;851.0;C1;851;2.0;;;;SIM;1.0;28/05/2026;MAI;Renato de Castro;Givaldo de Marinho;Luziano Alves;VALIDADO;
LPCO;GO;101.0;11.0;SOJA;11757P2802;NEO780 CE;—;;SOJA DEST STE O820 IPRO BG ST;C1;P2;BG;24.0;1039.0;C1;1039;24.0;;;;SIM;1.0;28/05/2026;MAI;Renato de Castro;Givaldo de Marinho;Luziano Alves;VALIDADO;
LPCO;GO;101.0;11.0;SOJA;11757P2804;NEO780 CE;—;;SOJA DEST STE O820 IPRO BG ST;C1;P2;BG;24.0;1032.0;C1;1032;24.0;;;;SIM;1.0;28/05/2026;MAI;Renato de Castro;Givaldo de Marinho;Luziano Alves;VALIDADO;
LPCO;GO;101.0;11.0;SOJA;11757P2806;NEO780 CE;—;;SOJA DEST STE O820 IPRO BG ST;C1;P2;BG;24.0;1032.0;C1;1032;24.0;;;;SIM;1.0;28/05/2026;MAI;Renato de Castro;Givaldo de Marinho;Luziano Alves;VALIDADO;
LPCO;GO;101.0;11.0;SOJA;11757P2809;NEO780 CE;—;;SOJA DEST STE O820 IPRO BG ST;C1;P2;BG;17.0;1029.0;C1;1029;17.0;;;;SIM;1.0;28/05/2026;MAI;Renato de Castro;Givaldo de Marinho;Luziano Alves;VALIDADO;
LPCO;GO;101.0;11.0;SOJA;11741P1301;NEO801 CE;—;;SOJA DEST STE O820 IPRO BG ST;C2;P1;BG;30.0;815.0;C2;815;30.0;;;;SIM;1.0;28/05/2026;MAI;Renato de Castro;Givaldo de Marinho;Luziano Alves;VALIDADO;
LPCO;GO;101.0;11.0;SOJA;11741P1304;NEO801 CE;—;;SOJA DEST STE O820 IPRO BG ST;C2;P1;BG;30.0;823.0;C2;823;30.0;;;;SIM;1.0;28/05/2026;MAI;Renato de Castro;Givaldo de Marinho;Luziano Alves;VALIDADO;
LPCO;GO;101.0;11.0;SOJA;11741P1306;NEO801 CE;—;;SOJA DEST STE O820 IPRO BG ST;C2;P1;BG;19.0;832.0;C2;832;19.0;;;;SIM;1.0;28/05/2026;MAI;Renato de Castro;Givaldo de Marinho;Luziano Alves;VALIDADO;
LPCO;GO;101.0;11.0;SOJA;11741P1309;NEO801 CE;—;;SOJA DEST STE O820 IPRO BG ST;C2;P1;BG;30.0;689.0;C2;689;30.0;;;;SIM;1.0;28/05/2026;MAI;Renato de Castro;Givaldo de Marinho;Luziano Alves;VALIDADO;
LPCO;GO;101.0;11.0;SOJA;11741P1310;NEO801 CE;—;;SOJA DEST STE O820 IPRO BG ST;C2;P1;BG;30.0;668.0;C2;668;30.0;;;;SIM;1.0;28/05/2026;MAI;Renato de Castro;Givaldo de Marinho;Luziano Alves;VALIDADO;
LPCO;GO;101.0;11.0;SOJA;11741P1312;NEO801 CE;—;;SOJA DEST STE O820 IPRO BG ST;C2;P1;BG;30.0;668.0;C2;668;30.0;;;;SIM;1.0;28/05/2026;MAI;Renato de Castro;Givaldo de Marinho;Luziano Alves;VALIDADO;
LPCO;GO;101.0;11.0;SOJA;11741P1314;NEO801 CE;—;;SOJA DEST STE O820 IPRO BG ST;C2;P1;BG;30.0;673.0;C2;673;30.0;;;;SIM;1.0;28/05/2026;MAI;Renato de Castro;Givaldo de Marinho;Luziano Alves;VALIDADO;
LPCO;GO;101.0;11.0;SOJA;11741P1315;NEO801 CE;—;;SOJA DEST STE O820 IPRO BG ST;C2;P1;BG;30.0;669.0;C2;669;30.0;;;;SIM;1.0;28/05/2026;MAI;Renato de Castro;Givaldo de Marinho;Luziano Alves;VALIDADO;
LPCO;GO;101.0;11.0;SOJA;11741P1317;NEO801 CE;—;;SOJA DEST STE O820 IPRO BG ST;C2;P1;BG;30.0;676.0;C2;676;30.0;;;;SIM;1.0;28/05/2026;MAI;Renato de Castro;Givaldo de Marinho;Luziano Alves;VALIDADO;
LPCO;GO;101.0;11.0;SOJA;11741P1319;NEO801 CE;—;;SOJA DEST STE O820 IPRO BG ST;C2;P1;BG;30.0;667.0;C2;667;30.0;;;;SIM;1.0;28/05/2026;MAI;Renato de Castro;Givaldo de Marinho;Luziano Alves;VALIDADO;
LPCO;GO;101.0;11.0;SOJA;11741P1320;NEO801 CE;—;;SOJA DEST STE O820 IPRO BG ST;C2;P1;BG;30.0;680.0;C2;680;30.0;;;;SIM;1.0;28/05/2026;MAI;Renato de Castro;Givaldo de Marinho;Luziano Alves;VALIDADO;
LPCO;GO;101.0;11.0;SOJA;11741P1322;NEO801 CE;—;;SOJA DEST STE O820 IPRO BG ST;C2;P1;BG;30.0;703.0;C2;703;30.0;;;;SIM;1.0;28/05/2026;MAI;Renato de Castro;Givaldo de Marinho;Luziano Alves;VALIDADO;
LPCO;GO;101.0;11.0;SOJA;11741P1324;NEO801 CE;—;;SOJA DEST STE O820 IPRO BG ST;C2;P1;BG;11.0;702.0;C2;702;11.0;;;;SIM;1.0;28/05/2026;MAI;Renato de Castro;Givaldo de Marinho;Luziano Alves;VALIDADO;
LPCO;GO;101.0;11.0;SOJA;11741P2302;NEO801 CE;—;;SOJA DEST STE O820 IPRO BG ST;C2;P2;BG;24.0;1003.0;C2;1003;24.0;;;;SIM;1.0;28/05/2026;MAI;Renato de Castro;Givaldo de Marinho;Luziano Alves;VALIDADO;
LPCO;GO;101.0;11.0;SOJA;11741P2303;NEO801 CE;—;;SOJA DEST STE O820 IPRO BG ST;C2;P2;BG;27.0;1000.0;C2;1000;27.0;;;;SIM;1.0;28/05/2026;MAI;Renato de Castro;Givaldo de Marinho;Luziano Alves;VALIDADO;
LPCO;GO;101.0;11.0;SOJA;11741P2305;NEO801 CE;—;;SOJA DEST STE O820 IPRO BG ST;C2;P2;BG;24.0;1019.0;C2;1019;24.0;;;;SIM;1.0;28/05/2026;MAI;Renato de Castro;Givaldo de Marinho;Luziano Alves;VALIDADO;
LPCO;GO;101.0;11.0;SOJA;11741P2307;NEO801 CE;—;;SOJA DEST STE O820 IPRO BG ST;C2;P2;BG;14.0;955.0;C2;955;14.0;;;;SIM;1.0;28/05/2026;MAI;Renato de Castro;Givaldo de Marinho;Luziano Alves;VALIDADO;
LPCO;GO;101.0;11.0;SOJA;11741P2308;NEO801 CE;—;;SOJA DEST STE O820 IPRO BG ST;C2;P2;BG;30.0;884.0;C2;884;30.0;;;;SIM;1.0;28/05/2026;MAI;Renato de Castro;Givaldo de Marinho;Luziano Alves;VALIDADO;
LPCO;GO;101.0;11.0;SOJA;11741P2311;NEO801 CE;—;;SOJA DEST STE O820 IPRO BG ST;C2;P2;BG;30.0;859.0;C2;859;30.0;;;;SIM;1.0;28/05/2026;MAI;Renato de Castro;Givaldo de Marinho;Luziano Alves;VALIDADO;
LPCO;GO;101.0;11.0;SOJA;11741P2313;NEO801 CE;—;;SOJA DEST STE O820 IPRO BG ST;C2;P2;BG;30.0;868.0;C2;868;30.0;;;;SIM;1.0;28/05/2026;MAI;Renato de Castro;Givaldo de Marinho;Luziano Alves;VALIDADO;
LPCO;GO;101.0;11.0;SOJA;11741P2316;NEO801 CE;—;;SOJA DEST STE O820 IPRO BG ST;C2;P2;BG;30.0;861.0;C2;861;30.0;;;;SIM;1.0;28/05/2026;MAI;Renato de Castro;Givaldo de Marinho;Luziano Alves;VALIDADO;
LPCO;GO;101.0;11.0;SOJA;11741P2318;NEO801 CE;—;;SOJA DEST STE O820 IPRO BG ST;C2;P2;BG;30.0;869.0;C2;869;30.0;;;;SIM;1.0;28/05/2026;MAI;Renato de Castro;Givaldo de Marinho;Luziano Alves;VALIDADO;
LPCO;GO;101.0;11.0;SOJA;11741P2321;NEO801 CE;—;;SOJA DEST STE O820 IPRO BG ST;C2;P2;BG;30.0;880.0;C2;880;30.0;;;;SIM;1.0;28/05/2026;MAI;Renato de Castro;Givaldo de Marinho;Luziano Alves;VALIDADO;
LPCO;GO;101.0;11.0;SOJA;11741P2323;NEO801 CE;—;;SOJA DEST STE O820 IPRO BG ST;C2;P2;BG;30.0;884.0;C2;884;30.0;;;;SIM;1.0;28/05/2026;MAI;Renato de Castro;Givaldo de Marinho;Luziano Alves;VALIDADO;
LPCO;GO;101.0;11.0;SOJA;11741P2325;NEO801 CE;—;;SOJA DEST STE O820 IPRO BG ST;C2;P2;BG;21.0;884.0;C2;884;21.0;;;;SIM;1.0;28/05/2026;MAI;Renato de Castro;Givaldo de Marinho;Luziano Alves;VALIDADO;
LPCO;GO;101.0;11.0;SOJA;11759P1409;NEO811 I2X;—;;SOJA DEST STE O820 IPRO BG ST;C1;P1;BG;30.0;652.0;C1;652;30.0;;;;SIM;1.0;28/05/2026;MAI;Renato de Castro;Givaldo de Marinho;Luziano Alves;VALIDADO;
LPCO;GO;101.0;11.0;SOJA;11759P1410;NEO811 I2X;—;;SOJA DEST STE O820 IPRO BG ST;C1;P1;BG;30.0;656.0;C1;656;30.0;;;;SIM;1.0;28/05/2026;MAI;Renato de Castro;Givaldo de Marinho;Luziano Alves;VALIDADO;
LPCO;GO;101.0;11.0;SOJA;11759P1412;NEO811 I2X;—;;SOJA DEST STE O820 IPRO BG ST;C1;P1;BG;30.0;656.0;C1;656;30.0;;;;SIM;1.0;28/05/2026;MAI;Renato de Castro;Givaldo de Marinho;Luziano Alves;VALIDADO;
LPCO;GO;101.0;11.0;SOJA;11759P1414;NEO811 I2X;—;;SOJA DEST STE O820 IPRO BG ST;C1;P1;BG;30.0;658.0;C1;658;30.0;;;;SIM;1.0;28/05/2026;MAI;Renato de Castro;Givaldo de Marinho;Luziano Alves;VALIDADO;
LPCO;GO;101.0;11.0;SOJA;11759P1415;NEO811 I2X;—;;SOJA DEST STE O820 IPRO BG ST;C1;P1;BG;18.0;640.0;C1;640;18.0;;;;SIM;1.0;28/05/2026;MAI;Renato de Castro;Givaldo de Marinho;Luziano Alves;VALIDADO;
LPCO;GO;101.0;11.0;SOJA;11759P2408;NEO811 I2X;—;;SOJA DEST STE O820 IPRO BG ST;C1;P2;BG;30.0;809.0;C1;809;30.0;;;;SIM;1.0;28/05/2026;MAI;Renato de Castro;Givaldo de Marinho;Luziano Alves;VALIDADO;
LPCO;GO;101.0;11.0;SOJA;11759P2411;NEO811 I2X;—;;SOJA DEST STE O820 IPRO BG ST;C1;P2;BG;30.0;801.0;C1;801;30.0;;;;SIM;1.0;28/05/2026;MAI;Renato de Castro;Givaldo de Marinho;Luziano Alves;VALIDADO;
LPCO;GO;101.0;11.0;SOJA;11759P2413;NEO811 I2X;—;;SOJA DEST STE O820 IPRO BG ST;C1;P2;BG;30.0;826.0;C1;826;30.0;;;;SIM;1.0;28/05/2026;MAI;Renato de Castro;Givaldo de Marinho;Luziano Alves;VALIDADO;
LPCO;GO;101.0;11.0;SOJA;11759P2416;NEO811 I2X;—;;SOJA DEST STE O820 IPRO BG ST;C1;P2;BG;1.0;794.0;C1;794;1.0;;;;SIM;1.0;28/05/2026;MAI;Renato de Castro;Givaldo de Marinho;Luziano Alves;VALIDADO;
LPCO;GO;101.0;11.0;SOJA;11714P1101;O790 IPRO;—;;SOJA DEST STE O820 IPRO BG ST;S1;P1;BG;30.0;792.0;S1;792;30.0;;;;SIM;1.0;28/05/2026;MAI;Renato de Castro;Givaldo de Marinho;Luziano Alves;VALIDADO;
LPCO;GO;101.0;11.0;SOJA;11714P1103;O790 IPRO;—;;SOJA DEST STE O820 IPRO BG ST;S1;P1;BG;30.0;775.0;S1;775;30.0;;;;SIM;1.0;28/05/2026;MAI;Renato de Castro;Givaldo de Marinho;Luziano Alves;VALIDADO;
LPCO;GO;101.0;11.0;SOJA;11714P1105;O790 IPRO;—;;SOJA DEST STE O820 IPRO BG ST;S1;P1;BG;30.0;818.0;S1;818;30.0;;;;SIM;1.0;28/05/2026;MAI;Renato de Castro;Givaldo de Marinho;Luziano Alves;VALIDADO;
LPCO;GO;101.0;11.0;SOJA;11714P1107;O790 IPRO;—;;SOJA DEST STE O820 IPRO BG ST;S1;P1;BG;30.0;806.0;S1;806;30.0;;;;SIM;1.0;28/05/2026;MAI;Renato de Castro;Givaldo de Marinho;Luziano Alves;VALIDADO;
LPCO;GO;101.0;11.0;SOJA;11714P1109;O790 IPRO;—;;SOJA DEST STE O820 IPRO BG ST;S1;P1;BG;30.0;800.0;S1;800;30.0;;;;SIM;1.0;28/05/2026;MAI;Renato de Castro;Givaldo de Marinho;Luziano Alves;VALIDADO;
LPCO;GO;101.0;11.0;SOJA;11714P1111;O790 IPRO;—;;SOJA DEST STE O820 IPRO BG ST;S1;P1;BG;30.0;803.0;S1;803;30.0;;;;SIM;1.0;28/05/2026;MAI;Renato de Castro;Givaldo de Marinho;Luziano Alves;VALIDADO;
LPCO;GO;101.0;11.0;SOJA;11714P1113;O790 IPRO;—;;SOJA DEST STE O820 IPRO BG ST;S1;P1;BG;30.0;801.0;S1;801;30.0;;;;SIM;1.0;28/05/2026;MAI;Renato de Castro;Givaldo de Marinho;Luziano Alves;VALIDADO;
LPCO;GO;101.0;11.0;SOJA;11714P1116;O790 IPRO;—;;SOJA DEST STE O820 IPRO BG ST;S1;P1;BG;30.0;810.0;S1;810;30.0;;;;SIM;1.0;28/05/2026;MAI;Renato de Castro;Givaldo de Marinho;Luziano Alves;VALIDADO;
LPCO;GO;101.0;11.0;SOJA;11714P1118;O790 IPRO;—;;SOJA DEST STE O820 IPRO BG ST;S1;P1;BG;30.0;811.0;S1;811;30.0;;;;SIM;1.0;28/05/2026;MAI;Renato de Castro;Givaldo de Marinho;Luziano Alves;VALIDADO;
LPCO;GO;101.0;11.0;SOJA;11714P1120;O790 IPRO;—;;SOJA DEST STE O820 IPRO BG ST;S1;P1;BG;30.0;805.0;S1;805;30.0;;;;SIM;1.0;28/05/2026;MAI;Renato de Castro;Givaldo de Marinho;Luziano Alves;VALIDADO;
LPCO;GO;101.0;11.0;SOJA;11714P1122;O790 IPRO;—;;SOJA DEST STE O820 IPRO BG ST;S1;P1;BG;30.0;791.0;S1;791;30.0;;;;SIM;1.0;28/05/2026;MAI;Renato de Castro;Givaldo de Marinho;Luziano Alves;VALIDADO;
LPCO;GO;101.0;11.0;SOJA;11714P1124;O790 IPRO;—;;SOJA DEST STE O820 IPRO BG ST;S1;P1;BG;30.0;791.0;S1;791;30.0;;;;SIM;1.0;28/05/2026;MAI;Renato de Castro;Givaldo de Marinho;Luziano Alves;VALIDADO;
LPCO;GO;101.0;11.0;SOJA;11714P1126;O790 IPRO;—;;SOJA DEST STE O820 IPRO BG ST;S1;P1;BG;30.0;814.0;S1;814;30.0;;;;SIM;1.0;28/05/2026;MAI;Renato de Castro;Givaldo de Marinho;Luziano Alves;VALIDADO;
LPCO;GO;101.0;11.0;SOJA;11714P1129;O790 IPRO;—;;SOJA DEST STE O820 IPRO BG ST;S1;P1;BG;30.0;799.0;S1;799;30.0;;;;SIM;1.0;28/05/2026;MAI;Renato de Castro;Givaldo de Marinho;Luziano Alves;VALIDADO;
LPCO;GO;101.0;11.0;SOJA;11714P1130;O790 IPRO;—;;SOJA DEST STE O820 IPRO BG ST;S1;P1;BG;20.0;792.0;S1;792;20.0;;;;SIM;1.0;28/05/2026;MAI;Renato de Castro;Givaldo de Marinho;Luziano Alves;VALIDADO;
LPCO;GO;101.0;11.0;SOJA;11714P2102;O790 IPRO;—;;SOJA DEST STE O820 IPRO BG ST;S1;P2;BG;24.0;1028.0;S1;1028;24.0;;;;SIM;1.0;28/05/2026;MAI;Renato de Castro;Givaldo de Marinho;Luziano Alves;VALIDADO;
LPCO;GO;101.0;11.0;SOJA;11714P2104;O790 IPRO;—;;SOJA DEST STE O820 IPRO BG ST;S1;P2;BG;24.0;1029.0;S1;1029;24.0;;;;SIM;1.0;28/05/2026;MAI;Renato de Castro;Givaldo de Marinho;Luziano Alves;VALIDADO;
LPCO;GO;101.0;11.0;SOJA;11714P2106;O790 IPRO;—;;SOJA DEST STE O820 IPRO BG ST;S1;P2;BG;24.0;1033.0;S1;1033;24.0;;;;SIM;1.0;28/05/2026;MAI;Renato de Castro;Givaldo de Marinho;Luziano Alves;VALIDADO;
LPCO;GO;101.0;11.0;SOJA;11714P2108;O790 IPRO;—;;SOJA DEST STE O820 IPRO BG ST;S1;P2;BG;24.0;1031.0;S1;1031;24.0;;;;SIM;1.0;28/05/2026;MAI;Renato de Castro;Givaldo de Marinho;Luziano Alves;VALIDADO;
LPCO;GO;101.0;11.0;SOJA;11714P2110;O790 IPRO;—;;SOJA DEST STE O820 IPRO BG ST;S1;P2;BG;24.0;1030.0;S1;1030;24.0;;;;SIM;1.0;28/05/2026;MAI;Renato de Castro;Givaldo de Marinho;Luziano Alves;VALIDADO;
LPCO;GO;101.0;11.0;SOJA;11714P2112;O790 IPRO;—;;SOJA DEST STE O820 IPRO BG ST;S1;P2;BG;24.0;1028.0;S1;1028;24.0;;;;SIM;1.0;28/05/2026;MAI;Renato de Castro;Givaldo de Marinho;Luziano Alves;VALIDADO;
LPCO;GO;101.0;11.0;SOJA;11714P2114;O790 IPRO;—;;SOJA DEST STE O820 IPRO BG ST;S1;P2;BG;24.0;1022.0;S1;1022;24.0;;;;SIM;1.0;28/05/2026;MAI;Renato de Castro;Givaldo de Marinho;Luziano Alves;VALIDADO;
LPCO;GO;101.0;11.0;SOJA;11714P2115;O790 IPRO;—;;SOJA DEST STE O820 IPRO BG ST;S1;P2;BG;24.0;1020.0;S1;1020;24.0;;;;SIM;1.0;28/05/2026;MAI;Renato de Castro;Givaldo de Marinho;Luziano Alves;VALIDADO;
LPCO;GO;101.0;11.0;SOJA;11714P2117;O790 IPRO;—;;SOJA DEST STE O820 IPRO BG ST;S1;P2;BG;24.0;1038.0;S1;1038;24.0;;;;SIM;1.0;28/05/2026;MAI;Renato de Castro;Givaldo de Marinho;Luziano Alves;VALIDADO;
LPCO;GO;101.0;11.0;SOJA;11714P2119;O790 IPRO;—;;SOJA DEST STE O820 IPRO BG ST;S1;P2;BG;24.0;1041.0;S1;1041;24.0;;;;SIM;1.0;28/05/2026;MAI;Renato de Castro;Givaldo de Marinho;Luziano Alves;VALIDADO;
LPCO;GO;101.0;11.0;SOJA;11714P2121;O790 IPRO;—;;SOJA DEST STE O820 IPRO BG ST;S1;P2;BG;24.0;1053.0;S1;1053;24.0;;;;SIM;1.0;28/05/2026;MAI;Renato de Castro;Givaldo de Marinho;Luziano Alves;VALIDADO;
LPCO;GO;101.0;11.0;SOJA;11714P2123;O790 IPRO;—;;SOJA DEST STE O820 IPRO BG ST;S1;P2;BG;24.0;1038.0;S1;1038;24.0;;;;SIM;1.0;28/05/2026;MAI;Renato de Castro;Givaldo de Marinho;Luziano Alves;VALIDADO;
LPCO;GO;101.0;11.0;SOJA;11714P2125;O790 IPRO;—;;SOJA DEST STE O820 IPRO BG ST;S1;P2;BG;24.0;1015.0;S1;1015;24.0;;;;SIM;1.0;28/05/2026;MAI;Renato de Castro;Givaldo de Marinho;Luziano Alves;VALIDADO;
LPCO;GO;101.0;11.0;SOJA;11714P2127;O790 IPRO;—;;SOJA DEST STE O820 IPRO BG ST;S1;P2;BG;24.0;1045.0;S1;1045;24.0;;;;SIM;1.0;28/05/2026;MAI;Renato de Castro;Givaldo de Marinho;Luziano Alves;VALIDADO;
LPCO;GO;101.0;11.0;SOJA;11714P2128;O790 IPRO;—;;SOJA DEST STE O820 IPRO BG ST;S1;P2;BG;24.0;1015.0;S1;1015;24.0;;;;SIM;1.0;28/05/2026;MAI;Renato de Castro;Givaldo de Marinho;Luziano Alves;VALIDADO;
LPCO;GO;101.0;11.0;SOJA;11714P2131;O790 IPRO;—;;SOJA DEST STE O820 IPRO BG ST;S1;P2;BG;18.0;1023.0;S1;1023;18.0;;;;SIM;1.0;28/05/2026;MAI;Renato de Castro;Givaldo de Marinho;Luziano Alves;VALIDADO;
LPCO;GO;101.0;11.0;SOJA;11264P1426;O820 IPRO;—;;SOJA DEST STE O820 IPRO BG ST;S1;P1;BG;27.0;967.0;S1;967;27.0;;;;SIM;1.0;28/05/2026;MAI;Renato de Castro;Givaldo de Marinho;Luziano Alves;VALIDADO;
LPCO;GO;101.0;11.0;SOJA;11264P1428;O820 IPRO;—;;SOJA DEST STE O820 IPRO BG ST;S1;P1;BG;27.0;981.0;S1;981;27.0;;;;SIM;1.0;28/05/2026;MAI;Renato de Castro;Givaldo de Marinho;Luziano Alves;VALIDADO;
LPCO;GO;101.0;11.0;SOJA;11264P1430;O820 IPRO;—;;SOJA DEST STE O820 IPRO BG ST;S1;P1;BG;27.0;995.0;S1;995;27.0;;;;SIM;1.0;28/05/2026;MAI;Renato de Castro;Givaldo de Marinho;Luziano Alves;VALIDADO;
LPCO;GO;101.0;11.0;SOJA;11264P1432;O820 IPRO;—;;SOJA DEST STE O820 IPRO BG ST;S1;P1;BG;27.0;984.0;S1;984;27.0;;;;SIM;1.0;28/05/2026;MAI;Renato de Castro;Givaldo de Marinho;Luziano Alves;VALIDADO;
LPCO;GO;101.0;11.0;SOJA;11264P1434;O820 IPRO;—;;SOJA DEST STE O820 IPRO BG ST;S1;P1;BG;11.0;1002.0;S1;1002;11.0;;;;SIM;1.0;28/05/2026;MAI;Renato de Castro;Givaldo de Marinho;Luziano Alves;VALIDADO;
LPCO;GO;101.0;11.0;SOJA;11264P2427;O820 IPRO;—;;SOJA DEST STE O820 IPRO BG ST;S1;P2;BG;18.0;1177.0;S1;1177;18.0;;;;SIM;1.0;28/05/2026;MAI;Renato de Castro;Givaldo de Marinho;Luziano Alves;VALIDADO;
LPCO;GO;101.0;11.0;SOJA;11264P2429;O820 IPRO;—;;SOJA DEST STE O820 IPRO BG ST;S1;P2;BG;18.0;1178.0;S1;1178;18.0;;;;SIM;1.0;28/05/2026;MAI;Renato de Castro;Givaldo de Marinho;Luziano Alves;VALIDADO;
LPCO;GO;101.0;11.0;SOJA;11264P2431;O820 IPRO;—;;SOJA DEST STE O820 IPRO BG ST;S1;P2;BG;18.0;1182.0;S1;1182;18.0;;;;SIM;1.0;28/05/2026;MAI;Renato de Castro;Givaldo de Marinho;Luziano Alves;VALIDADO;
LPCO;GO;101.0;11.0;SOJA;11264P2433;O820 IPRO;—;;SOJA DEST STE O820 IPRO BG ST;S1;P2;BG;4.0;1193.0;S1;1193;4.0;;;;SIM;1.0;28/05/2026;MAI;Renato de Castro;Givaldo de Marinho;Luziano Alves;VALIDADO;
UBS I;GO;101.0;10.0;SOJA;11026739P1001;NEO700 I2X;—;;SOJA DEST STE O820 IPRO BG ST;C2;P1;BG;27.0;923.0;C2;923;27.0;Cam.C;QD.37;F1;SIM;1.0;24/06/2026;JUN;Renato de Castro;Sergio Mench do Prado;Rodrigo de Almeida;VALIDADO;
UBS I;GO;101.0;10.0;SOJA;11026739P1003;NEO700 I2X;—;;SOJA DEST STE O820 IPRO BG ST;C2;P1;BG;30.0;868.0;C2;868;30.0;Cam.C;QD.37;F2;SIM;1.0;24/06/2026;JUN;Renato de Castro;Sergio Mench do Prado;Rodrigo de Almeida;VALIDADO;
UBS I;GO;101.0;10.0;SOJA;11026739P1004;NEO700 I2X;—;;SOJA DEST STE O820 IPRO BG ST;C2;P1;BG;30.0;782.0;C2;782;30.0;Cam.C;QD.37;F3;SIM;1.0;24/06/2026;JUN;Renato de Castro;Sergio Mench do Prado;Rodrigo de Almeida;VALIDADO;
UBS I;GO;101.0;10.0;SOJA;11026739P2005;NEO700 I2X;—;;SOJA DEST STE O820 IPRO BG ST;C2;P2;BG;27.0;964.0;C2;964;27.0;Cam.C;QD.34;F1;SIM;1.0;24/06/2026;JUN;Renato de Castro;Sergio Mench do Prado;Rodrigo de Almeida;VALIDADO;
UBS I;GO;101.0;10.0;SOJA;11026739P2002;NEO700 I2X;—;;SOJA DEST STE O820 IPRO BG ST;C2;P2;BG;9.0;1127.0;C2;1127;9.0;Cam.C;QD.38;F1;SIM;1.0;24/06/2026;JUN;Renato de Castro;Sergio Mench do Prado;Rodrigo de Almeida;VALIDADO;
UBS I;GO;101.0;10.0;SOJA;11026739P1006;NEO700 I2X;—;;SOJA DEST STE O820 IPRO BG ST;C2;P1;BG;30.0;795.0;C2;795;30.0;Cam.C;QD.35;F1;SIM;1.0;24/06/2026;JUN;Renato de Castro;Sergio Mench do Prado;Rodrigo de Almeida;VALIDADO;
UBS I;GO;101.0;10.0;SOJA;11026739P1007;NEO700 I2X;—;;SOJA DEST STE O820 IPRO BG ST;C2;P1;BG;30.0;790.0;C2;790;30.0;Cam.C;QD.35;F2;SIM;1.0;24/06/2026;JUN;Renato de Castro;Sergio Mench do Prado;Rodrigo de Almeida;VALIDADO;
UBS I;GO;101.0;10.0;SOJA;11026739P2008;NEO700 I2X;—;;SOJA DEST STE O820 IPRO BG ST;C2;P2;BG;27.0;946.0;C2;946;27.0;Cam.C;QD.34;F2;SIM;1.0;24/06/2026;JUN;Renato de Castro;Sergio Mench do Prado;Rodrigo de Almeida;VALIDADO;
UBS I;GO;101.0;10.0;SOJA;11026739P1009;NEO700 I2X;—;;SOJA DEST STE O820 IPRO BG ST;C2;P1;BG;30.0;791.0;C2;791;30.0;Cam.C;QD.35;F3;SIM;1.0;24/06/2026;JUN;Renato de Castro;Sergio Mench do Prado;Rodrigo de Almeida;VALIDADO;
UBS I;GO;101.0;10.0;SOJA;11026739P1010;NEO700 I2X;—;;SOJA DEST STE O820 IPRO BG ST;C2;P1;BG;30.0;790.0;C2;790;30.0;Cam.C;QD.35;F4;SIM;1.0;24/06/2026;JUN;Renato de Castro;Sergio Mench do Prado;Rodrigo de Almeida;VALIDADO;
UBS I;GO;101.0;10.0;SOJA;11026739P2011;NEO700 I2X;—;;SOJA DEST STE O820 IPRO BG ST;C2;P2;BG;27.0;955.0;C2;955;27.0;Cam.C;QD.34;F3;SIM;1.0;24/06/2026;JUN;Renato de Castro;Sergio Mench do Prado;Rodrigo de Almeida;VALIDADO;
UBS I;GO;101.0;10.0;SOJA;11026739P1012;NEO700 I2X;—;;SOJA DEST STE O820 IPRO BG ST;C2;P1;BG;30.0;775.0;C2;775;30.0;Cam.C;QD.33;F1;SIM;1.0;24/06/2026;JUN;Renato de Castro;Sergio Mench do Prado;Rodrigo de Almeida;VALIDADO;
UBS I;GO;101.0;10.0;SOJA;11026739P2013;NEO700 I2X;—;;SOJA DEST STE O820 IPRO BG ST;C2;P2;BG;27.0;964.0;C2;964;27.0;Cam.C;QD.34;F4;SIM;1.0;24/06/2026;JUN;Renato de Castro;Sergio Mench do Prado;Rodrigo de Almeida;VALIDADO;
UBS I;GO;101.0;10.0;SOJA;11026739P1014;NEO700 I2X;—;;SOJA DEST STE O820 IPRO BG ST;C2;P1;BG;30.0;800.0;C2;800;30.0;Cam.C;QD.37;F4;SIM;1.0;24/06/2026;JUN;Renato de Castro;Sergio Mench do Prado;Rodrigo de Almeida;VALIDADO;
UBS I;GO;101.0;10.0;SOJA;11026739P1015;NEO700 I2X;—;;SOJA DEST STE O820 IPRO BG ST;C2;P1;BG;30.0;787.0;C2;787;30.0;Cam.C;QD.33;F2;SIM;1.0;24/06/2026;JUN;Renato de Castro;Sergio Mench do Prado;Rodrigo de Almeida;VALIDADO;
UBS I;GO;101.0;10.0;SOJA;11026739P1018;NEO700 I2X;—;;SOJA DEST STE O820 IPRO BG ST;C2;P1;BG;30.0;804.0;C2;804;30.0;Cam.C;QD.31;F1;SIM;1.0;24/06/2026;JUN;Renato de Castro;Sergio Mench do Prado;Rodrigo de Almeida;VALIDADO;
UBS I;GO;101.0;10.0;SOJA;11026739P2019;NEO700 I2X;—;;SOJA DEST STE O820 IPRO BG ST;C2;P2;BG;27.0;973.0;C2;973;27.0;Cam.C;QD.32;F2;SIM;1.0;24/06/2026;JUN;Renato de Castro;Sergio Mench do Prado;Rodrigo de Almeida;VALIDADO;
UBS I;GO;101.0;10.0;SOJA;11026739P2016;NEO700 I2X;—;;SOJA DEST STE O820 IPRO BG ST;C2;P2;BG;27.0;949.0;C2;949;27.0;Cam.C;QD.32;F1;SIM;1.0;24/06/2026;JUN;Renato de Castro;Sergio Mench do Prado;Rodrigo de Almeida;VALIDADO;
UBS I;GO;101.0;10.0;SOJA;11026739P1017;NEO700 I2X;—;;SOJA DEST STE O820 IPRO BG ST;C2;P1;BG;30.0;798.0;C2;798;30.0;Cam.C;QD.33;F3;SIM;1.0;24/06/2026;JUN;Renato de Castro;Sergio Mench do Prado;Rodrigo de Almeida;VALIDADO;
UBS I;GO;101.0;10.0;SOJA;11026739P2020;NEO700 I2X;—;;SOJA DEST STE O820 IPRO BG ST;C2;P2;BG;27.0;998.0;C2;998;27.0;Cam.C;QD.32;F4;SIM;1.0;24/06/2026;JUN;Renato de Castro;Sergio Mench do Prado;Rodrigo de Almeida;VALIDADO;
UBS I;GO;101.0;10.0;SOJA;11026739P1021;NEO700 I2X;—;;SOJA DEST STE O820 IPRO BG ST;C2;P1;BG;24.0;825.0;C2;825;24.0;Cam.C;QD.33;F4;SIM;1.0;24/06/2026;JUN;Renato de Castro;Sergio Mench do Prado;Rodrigo de Almeida;VALIDADO;
UBS I;GO;101.0;10.0;SOJA;11026739P2022;NEO700 I2X;—;;SOJA DEST STE O820 IPRO BG ST;C2;P2;BG;27.0;969.0;C2;969;27.0;Cam.C;QD.32;F3;SIM;1.0;24/06/2026;JUN;Renato de Castro;Sergio Mench do Prado;Rodrigo de Almeida;VALIDADO;
UBS I;GO;101.0;10.0;SOJA;11026739P1023;NEO700 I2X;—;;SOJA DEST STE O820 IPRO BG ST;C2;P1;BG;30.0;813.0;C2;813;30.0;Cam.C;QD.31;F2;SIM;1.0;24/06/2026;JUN;Renato de Castro;Sergio Mench do Prado;Rodrigo de Almeida;VALIDADO;
UBS I;GO;101.0;10.0;SOJA;11026739P2024;NEO700 I2X;—;;SOJA DEST STE O820 IPRO BG ST;C2;P2;BG;27.0;964.0;C2;964;27.0;Cam.C;QD.30;F3;SIM;1.0;24/06/2026;JUN;Renato de Castro;Sergio Mench do Prado;Rodrigo de Almeida;VALIDADO;
UBS I;GO;101.0;10.0;SOJA;11026739P1025;NEO700 I2X;—;;SOJA DEST STE O820 IPRO BG ST;C2;P1;BG;30.0;806.0;C2;806;30.0;Cam.C;QD.31;F3;SIM;1.0;24/06/2026;JUN;Renato de Castro;Sergio Mench do Prado;Rodrigo de Almeida;VALIDADO;
UBS I;GO;101.0;10.0;SOJA;11026739P2026;NEO700 I2X;—;;SOJA DEST STE O820 IPRO BG ST;C2;P2;BG;27.0;956.0;C2;956;27.0;Cam.C;QD.30;F1;SIM;1.0;24/06/2026;JUN;Renato de Castro;Sergio Mench do Prado;Rodrigo de Almeida;VALIDADO;
UBS I;GO;101.0;10.0;SOJA;11026739P2027;NEO700 I2X;—;;SOJA DEST STE O820 IPRO BG ST;C2;P2;BG;27.0;963.0;C2;963;27.0;Cam.C;QD.30;F2;SIM;1.0;24/06/2026;JUN;Renato de Castro;Sergio Mench do Prado;Rodrigo de Almeida;VALIDADO;
UBS I;GO;101.0;10.0;SOJA;11026739P1028;NEO700 I2X;—;;SOJA DEST STE O820 IPRO BG ST;C2;P1;BG;30.0;805.0;C2;805;30.0;Cam.C;QD.31;F4;SIM;1.0;24/06/2026;JUN;Renato de Castro;Sergio Mench do Prado;Rodrigo de Almeida;VALIDADO;
UBS I;GO;101.0;10.0;SOJA;11026739P2029;NEO700 I2X;—;;SOJA DEST STE O820 IPRO BG ST;C2;P2;BG;27.0;958.0;C2;958;27.0;Cam.C;QD.30;F4;SIM;1.0;24/06/2026;JUN;Renato de Castro;Sergio Mench do Prado;Rodrigo de Almeida;VALIDADO;
UBS I;GO;101.0;10.0;SOJA;11026739P1030;NEO700 I2X;—;;SOJA DEST STE O820 IPRO BG ST;C2;P1;BG;30.0;803.0;C2;803;30.0;Cam.C;QD.29;F1;SIM;1.0;24/06/2026;JUN;Renato de Castro;Sergio Mench do Prado;Rodrigo de Almeida;VALIDADO;
UBS I;GO;101.0;10.0;SOJA;11026739P2031;NEO700 I2X;—;;SOJA DEST STE O820 IPRO BG ST;C2;P2;BG;27.0;940.0;C2;940;27.0;Cam.C;QD.27;F1;SIM;1.0;24/06/2026;JUN;Renato de Castro;Sergio Mench do Prado;Rodrigo de Almeida;VALIDADO;
UBS I;GO;101.0;10.0;SOJA;11026739P2032;NEO700 I2X;—;;SOJA DEST STE O820 IPRO BG ST;C2;P2;BG;27.0;956.0;C2;956;27.0;Cam.C;QD.27;F2;SIM;1.0;24/06/2026;JUN;Renato de Castro;Sergio Mench do Prado;Rodrigo de Almeida;VALIDADO;
UBS I;GO;101.0;10.0;SOJA;11026739P1033;NEO700 I2X;—;;SOJA DEST STE O820 IPRO BG ST;C2;P1;BG;30.0;829.0;C2;829;30.0;Cam.C;QD.29;F2;SIM;1.0;24/06/2026;JUN;Renato de Castro;Sergio Mench do Prado;Rodrigo de Almeida;VALIDADO;
UBS I;GO;101.0;10.0;SOJA;11026739P2034;NEO700 I2X;—;;SOJA DEST STE O820 IPRO BG ST;C2;P2;BG;27.0;937.0;C2;937;27.0;Cam.C;QD.27;F3;SIM;1.0;24/06/2026;JUN;Renato de Castro;Sergio Mench do Prado;Rodrigo de Almeida;VALIDADO;
UBS I;GO;101.0;10.0;SOJA;11026739P1035;NEO700 I2X;—;;SOJA DEST STE O820 IPRO BG ST;C2;P1;BG;30.0;782.0;C2;782;30.0;Cam.C;QD.29;F3;SIM;1.0;24/06/2026;JUN;Renato de Castro;Sergio Mench do Prado;Rodrigo de Almeida;VALIDADO;
UBS I;GO;101.0;10.0;SOJA;11026739P1036;NEO700 I2X;—;;SOJA DEST STE O820 IPRO BG ST;C2;P1;BG;30.0;782.0;C2;782;30.0;Cam.C;QD.29;F4;SIM;1.0;24/06/2026;JUN;Renato de Castro;Sergio Mench do Prado;Rodrigo de Almeida;VALIDADO;
UBS I;GO;101.0;10.0;SOJA;11026739P2037;NEO700 I2X;—;;SOJA DEST STE O820 IPRO BG ST;C2;P2;BG;27.0;931.0;C2;931;27.0;Cam.C;QD.27;F4;SIM;1.0;24/06/2026;JUN;Renato de Castro;Sergio Mench do Prado;Rodrigo de Almeida;VALIDADO;
UBS I;GO;101.0;10.0;SOJA;11026739P1038;NEO700 I2X;—;;SOJA DEST STE O820 IPRO BG ST;C2;P1;BG;30.0;793.0;C2;793;30.0;Cam.C;QD.26;F1;SIM;1.0;24/06/2026;JUN;Renato de Castro;Sergio Mench do Prado;Rodrigo de Almeida;VALIDADO;
UBS I;GO;101.0;10.0;SOJA;11026739P2039;NEO700 I2X;—;;SOJA DEST STE O820 IPRO BG ST;C2;P2;BG;27.0;948.0;C2;948;27.0;Cam.C;QD.25;F1;SIM;1.0;24/06/2026;JUN;Renato de Castro;Sergio Mench do Prado;Rodrigo de Almeida;VALIDADO;
UBS I;GO;101.0;10.0;SOJA;11026739P2040;NEO700 I2X;—;;SOJA DEST STE O820 IPRO BG ST;C2;P2;BG;27.0;950.0;C2;950;27.0;Cam.C;QD.25;F2;SIM;1.0;24/06/2026;JUN;Renato de Castro;Sergio Mench do Prado;Rodrigo de Almeida;VALIDADO;
UBS I;GO;101.0;10.0;SOJA;11026739P1041;NEO700 I2X;—;;SOJA DEST STE O820 IPRO BG ST;C2;P1;BG;30.0;814.0;C2;814;30.0;Cam.C;QD.26;F2;SIM;1.0;24/06/2026;JUN;Renato de Castro;Sergio Mench do Prado;Rodrigo de Almeida;VALIDADO;
UBS I;GO;101.0;10.0;SOJA;11026739P2042;NEO700 I2X;—;;SOJA DEST STE O820 IPRO BG ST;C2;P2;BG;27.0;981.0;C2;981;27.0;Cam.C;QD.25;F3;SIM;1.0;24/06/2026;JUN;Renato de Castro;Sergio Mench do Prado;Rodrigo de Almeida;VALIDADO;
UBS I;GO;101.0;10.0;SOJA;11026739P1043;NEO700 I2X;—;;SOJA DEST STE O820 IPRO BG ST;C2;P1;BG;30.0;820.0;C2;820;30.0;Cam.C;QD.26;F3;SIM;1.0;24/06/2026;JUN;Renato de Castro;Sergio Mench do Prado;Rodrigo de Almeida;VALIDADO;
UBS I;GO;101.0;10.0;SOJA;11026739P2044;NEO700 I2X;—;;SOJA DEST STE O820 IPRO BG ST;C2;P2;BG;17.0;977.0;C2;977;17.0;Cam.C;QD.25;F4;SIM;1.0;24/06/2026;JUN;Renato de Castro;Sergio Mench do Prado;Rodrigo de Almeida;VALIDADO;
UBS I;GO;101.0;10.0;SOJA;11026740P2045;NEO771 I2X;—;;SOJA DEST STE O820 IPRO BG ST;C2;P2;BG;30.0;834.0;C2;834;30.0;Cam.A;QD.42;F2;SIM;1.0;24/06/2026;JUN;Renato de Castro;Sergio Mench do Prado;Rodrigo de Almeida;VALIDADO;
UBS I;GO;101.0;10.0;SOJA;11026740P1046;NEO771 I2X;—;;SOJA DEST STE O820 IPRO BG ST;C2;P1;BG;30.0;684.0;C2;684;30.0;Cam.A;QD.02;F1;SIM;1.0;24/06/2026;JUN;Renato de Castro;Sergio Mench do Prado;Rodrigo de Almeida;VALIDADO;
UBS I;GO;101.0;10.0;SOJA;11026740P2047;NEO771 I2X;—;;SOJA DEST STE O820 IPRO BG ST;C2;P2;BG;30.0;856.0;C2;856;30.0;Cam.A;QD.01;F1;SIM;1.0;24/06/2026;JUN;Renato de Castro;Sergio Mench do Prado;Rodrigo de Almeida;VALIDADO;
UBS I;GO;101.0;10.0;SOJA;11026740P1048;NEO771 I2X;—;;SOJA DEST STE O820 IPRO BG ST;C2;P1;BG;30.0;693.0;C2;693;30.0;Cam.A;QD.07;F2;SIM;1.0;24/06/2026;JUN;Renato de Castro;Sergio Mench do Prado;Rodrigo de Almeida;VALIDADO;
UBS I;GO;101.0;10.0;SOJA;11026740P2049;NEO771 I2X;—;;SOJA DEST STE O820 IPRO BG ST;C2;P2;BG;30.0;872.0;C2;872;30.0;Cam.A;QD.03;F2;SIM;1.0;24/06/2026;JUN;Renato de Castro;Sergio Mench do Prado;Rodrigo de Almeida;VALIDADO;
UBS I;GO;101.0;10.0;SOJA;11026740P1050;NEO771 I2X;—;;SOJA DEST STE O820 IPRO BG ST;C2;P1;BG;30.0;697.0;C2;697;30.0;Cam.A;QD.06;F4;SIM;1.0;24/06/2026;JUN;Renato de Castro;Sergio Mench do Prado;Rodrigo de Almeida;VALIDADO;
UBS I;GO;101.0;10.0;SOJA;11026740P2051;NEO771 I2X;—;;SOJA DEST STE O820 IPRO BG ST;C2;P2;BG;30.0;876.0;C2;876;30.0;Cam.A;QD.42;F1;SIM;1.0;24/06/2026;JUN;Renato de Castro;Sergio Mench do Prado;Rodrigo de Almeida;VALIDADO;
UBS I;GO;101.0;10.0;SOJA;11026740P1052;NEO771 I2X;—;;SOJA DEST STE O820 IPRO BG ST;C2;P1;BG;30.0;696.0;C2;696;30.0;Cam.A;QD.19;F3;SIM;1.0;24/06/2026;JUN;Renato de Castro;Sergio Mench do Prado;Rodrigo de Almeida;VALIDADO;
UBS I;GO;101.0;10.0;SOJA;11026740P2053;NEO771 I2X;—;;SOJA DEST STE O820 IPRO BG ST;C2;P2;BG;30.0;852.0;C2;852;30.0;Cam.A;QD.03;F1;SIM;1.0;24/06/2026;JUN;Renato de Castro;Sergio Mench do Prado;Rodrigo de Almeida;VALIDADO;
UBS I;GO;101.0;10.0;SOJA;11026740P1054;NEO771 I2X;—;;SOJA DEST STE O820 IPRO BG ST;C2;P1;BG;30.0;698.0;C2;698;30.0;Cam.A;QD.02;F3;SIM;1.0;24/06/2026;JUN;Renato de Castro;Sergio Mench do Prado;Rodrigo de Almeida;VALIDADO;
UBS I;GO;101.0;10.0;SOJA;11026740P2055;NEO771 I2X;—;;SOJA DEST STE O820 IPRO BG ST;C2;P2;BG;30.0;854.0;C2;854;30.0;Cam.B;QD.01;F4;SIM;1.0;24/06/2026;JUN;Renato de Castro;Sergio Mench do Prado;Rodrigo de Almeida;VALIDADO;
UBS I;GO;101.0;10.0;SOJA;11026740P1056;NEO771 I2X;—;;SOJA DEST STE O820 IPRO BG ST;C2;P1;BG;30.0;699.0;C2;699;30.0;Cam.A;QD.07;F3;SIM;1.0;24/06/2026;JUN;Renato de Castro;Sergio Mench do Prado;Rodrigo de Almeida;VALIDADO;
UBS I;GO;101.0;10.0;SOJA;11026740P2057;NEO771 I2X;—;;SOJA DEST STE O820 IPRO BG ST;C2;P2;BG;30.0;883.0;C2;883;30.0;Cam.B;QD.01;F3;SIM;1.0;24/06/2026;JUN;Renato de Castro;Sergio Mench do Prado;Rodrigo de Almeida;VALIDADO;
UBS I;GO;101.0;10.0;SOJA;11026715P2060;NEO761 I2X;—;;SOJA DEST STE O820 IPRO BG ST;S2;P2;BG;24.0;1033.0;S2;1033;24.0;Cam.C;QD.24;F1;SIM;1.0;24/06/2026;JUN;Renato de Castro;Sergio Mench do Prado;Rodrigo de Almeida;VALIDADO;
UBS I;GO;101.0;10.0;SOJA;11026715P1061;NEO761 I2X;—;;SOJA DEST STE O820 IPRO BG ST;S2;P1;BG;30.0;814.0;S2;814;30.0;Cam.C;QD.23;F1;SIM;1.0;24/06/2026;JUN;Renato de Castro;Sergio Mench do Prado;Rodrigo de Almeida;VALIDADO;
UBS I;GO;101.0;10.0;SOJA;11026715P2062;NEO761 I2X;—;;SOJA DEST STE O820 IPRO BG ST;S2;P2;BG;24.0;1014.0;S2;1014;24.0;Cam.C;QD.24;F3;SIM;1.0;24/06/2026;JUN;Renato de Castro;Sergio Mench do Prado;Rodrigo de Almeida;VALIDADO;
UBS I;GO;101.0;10.0;SOJA;11026715P1063;NEO761 I2X;—;;SOJA DEST STE O820 IPRO BG ST;S2;P1;BG;30.0;824.0;S2;824;30.0;Cam.C;QD.23;F2;SIM;1.0;24/06/2026;JUN;Renato de Castro;Sergio Mench do Prado;Rodrigo de Almeida;VALIDADO;
UBS I;GO;101.0;10.0;SOJA;11026715P2064;NEO761 I2X;—;;SOJA DEST STE O820 IPRO BG ST;S2;P2;BG;24.0;1015.0;S2;1015;24.0;Cam.C;QD.24;F2;SIM;1.0;24/06/2026;JUN;Renato de Castro;Sergio Mench do Prado;Rodrigo de Almeida;VALIDADO;
UBS I;GO;101.0;10.0;SOJA;11026715P2065;NEO761 I2X;—;;SOJA DEST STE O820 IPRO BG ST;S2;P2;BG;27.0;1000.0;S2;1000;27.0;Cam.C;QD.24;F4;SIM;1.0;24/06/2026;JUN;Renato de Castro;Sergio Mench do Prado;Rodrigo de Almeida;VALIDADO;
UBS I;GO;101.0;10.0;SOJA;11026715P2066;NEO761 I2X;—;;SOJA DEST STE O820 IPRO BG ST;S2;P2;BG;27.0;992.0;S2;992;27.0;Cam.C;QD.22;F1;SIM;1.0;24/06/2026;JUN;Renato de Castro;Sergio Mench do Prado;Rodrigo de Almeida;VALIDADO;
UBS I;GO;101.0;10.0;SOJA;11026715P1067;NEO761 I2X;—;;SOJA DEST STE O820 IPRO BG ST;S2;P1;BG;30.0;810.0;S2;810;30.0;Cam.C;QD.23;F3;SIM;1.0;24/06/2026;JUN;Renato de Castro;Sergio Mench do Prado;Rodrigo de Almeida;VALIDADO;
UBS I;GO;101.0;10.0;SOJA;11026715P2068;NEO761 I2X;—;;SOJA DEST STE O820 IPRO BG ST;S2;P2;BG;24.0;1018.0;S2;1018;24.0;Cam.C;QD.22;F3;SIM;1.0;24/06/2026;JUN;Renato de Castro;Sergio Mench do Prado;Rodrigo de Almeida;VALIDADO;
UBS I;GO;101.0;10.0;SOJA;11026715P2070;NEO761 I2X;—;;SOJA DEST STE O820 IPRO BG ST;S2;P2;BG;24.0;1016.0;S2;1016;24.0;Cam.C;QD.22;F2;SIM;1.0;24/06/2026;JUN;Renato de Castro;Sergio Mench do Prado;Rodrigo de Almeida;VALIDADO;
UBS I;GO;101.0;10.0;SOJA;11026715P2071;NEO761 I2X;—;;SOJA DEST STE O820 IPRO BG ST;S2;P2;BG;27.0;1002.0;S2;1002;27.0;Cam.C;QD.22;F4;SIM;1.0;24/06/2026;JUN;Renato de Castro;Sergio Mench do Prado;Rodrigo de Almeida;VALIDADO;
UBS I;GO;101.0;10.0;SOJA;11026715P1069;NEO761 I2X;—;;SOJA DEST STE O820 IPRO BG ST;S2;P1;BG;30.0;819.0;S2;819;30.0;Cam.C;QD.23;F4;SIM;1.0;24/06/2026;JUN;Renato de Castro;Sergio Mench do Prado;Rodrigo de Almeida;VALIDADO;
UBS I;GO;101.0;10.0;SOJA;11026715P2072;NEO761 I2X;—;;SOJA DEST STE O820 IPRO BG ST;S2;P2;BG;24.0;1028.0;S2;1028;24.0;Cam.C;QD.20;F1;SIM;1.0;24/06/2026;JUN;Renato de Castro;Sergio Mench do Prado;Rodrigo de Almeida;VALIDADO;
UBS I;GO;101.0;10.0;SOJA;11026715P1073;NEO761 I2X;—;;SOJA DEST STE O820 IPRO BG ST;S2;P1;BG;30.0;823.0;S2;823;30.0;Cam.C;QD.19;F1;SIM;1.0;24/06/2026;JUN;Renato de Castro;Sergio Mench do Prado;Rodrigo de Almeida;VALIDADO;
UBS I;GO;101.0;10.0;SOJA;11026715P2074;NEO761 I2X;—;;SOJA DEST STE O820 IPRO BG ST;S2;P2;BG;27.0;998.0;S2;998;27.0;Cam.C;QD.20;F3;SIM;1.0;24/06/2026;JUN;Renato de Castro;Sergio Mench do Prado;Rodrigo de Almeida;VALIDADO;
UBS I;GO;101.0;10.0;SOJA;11026715P2075;NEO761 I2X;—;;SOJA DEST STE O820 IPRO BG ST;S2;P2;BG;27.0;993.0;S2;993;27.0;Cam.C;QD.20;F2;SIM;1.0;24/06/2026;JUN;Renato de Castro;Sergio Mench do Prado;Rodrigo de Almeida;VALIDADO;
UBS I;GO;101.0;10.0;SOJA;11026715P1076;NEO761 I2X;—;;SOJA DEST STE O820 IPRO BG ST;S2;P1;BG;30.0;804.0;S2;804;30.0;Cam.C;QD.19;F2;SIM;1.0;24/06/2026;JUN;Renato de Castro;Sergio Mench do Prado;Rodrigo de Almeida;VALIDADO;
UBS I;GO;101.0;10.0;SOJA;11026715P2077;NEO761 I2X;—;;SOJA DEST STE O820 IPRO BG ST;S2;P2;BG;27.0;999.0;S2;999;27.0;Cam.C;QD.20;F4;SIM;1.0;24/06/2026;JUN;Renato de Castro;Sergio Mench do Prado;Rodrigo de Almeida;VALIDADO;
UBS I;GO;101.0;10.0;SOJA;11026715P2078;NEO761 I2X;—;;SOJA DEST STE O820 IPRO BG ST;S2;P2;BG;24.0;1023.0;S2;1023;24.0;Cam.C;QD.08;F1;SIM;1.0;24/06/2026;JUN;Renato de Castro;Sergio Mench do Prado;Rodrigo de Almeida;VALIDADO;
UBS I;GO;101.0;10.0;SOJA;11026715P1079;NEO761 I2X;—;;SOJA DEST STE O820 IPRO BG ST;S2;P1;BG;30.0;814.0;S2;814;30.0;Cam.C;QD.19;F3;SIM;1.0;24/06/2026;JUN;Renato de Castro;Sergio Mench do Prado;Rodrigo de Almeida;VALIDADO;
UBS I;GO;101.0;10.0;SOJA;11026715P2080;NEO761 I2X;—;;SOJA DEST STE O820 IPRO BG ST;S2;P2;BG;24.0;1021.0;S2;1021;24.0;Cam.C;QD.09;F1;SIM;1.0;24/06/2026;JUN;Renato de Castro;Sergio Mench do Prado;Rodrigo de Almeida;VALIDADO;
UBS I;GO;101.0;10.0;SOJA;11026715P2081;NEO761 I2X;—;;SOJA DEST STE O820 IPRO BG ST;S2;P2;BG;27.0;977.0;S2;977;27.0;Cam.C;QD.09;F2;SIM;1.0;24/06/2026;JUN;Renato de Castro;Sergio Mench do Prado;Rodrigo de Almeida;VALIDADO;
UBS I;GO;101.0;10.0;SOJA;11026715P2082;NEO761 I2X;—;;SOJA DEST STE O820 IPRO BG ST;S2;P2;BG;27.0;981.0;S2;981;27.0;Cam.C;QD.09;F3;SIM;1.0;24/06/2026;JUN;Renato de Castro;Sergio Mench do Prado;Rodrigo de Almeida;VALIDADO;
UBS I;GO;101.0;10.0;SOJA;11026715P2084;NEO761 I2X;—;;SOJA DEST STE O820 IPRO BG ST;S2;P2;BG;27.0;996.0;S2;996;27.0;Cam.C;QD.08;F2;SIM;1.0;24/06/2026;JUN;Renato de Castro;Sergio Mench do Prado;Rodrigo de Almeida;VALIDADO;
UBS I;GO;101.0;10.0;SOJA;11026715P2085;NEO761 I2X;—;;SOJA DEST STE O820 IPRO BG ST;S2;P2;BG;27.0;995.0;S2;995;27.0;Cam.C;QD.08;F3;SIM;1.0;24/06/2026;JUN;Renato de Castro;Sergio Mench do Prado;Rodrigo de Almeida;VALIDADO;
UBS I;GO;101.0;10.0;SOJA;11026715P1083;NEO761 I2X;—;;SOJA DEST STE O820 IPRO BG ST;S2;P1;BG;30.0;793.0;S2;793;30.0;Cam.C;QD.19;F4;SIM;1.0;24/06/2026;JUN;Renato de Castro;Sergio Mench do Prado;Rodrigo de Almeida;VALIDADO;
UBS I;GO;101.0;10.0;SOJA;11026715P2086;NEO761 I2X;—;;SOJA DEST STE O820 IPRO BG ST;C1;P2;BG;24.0;1037.0;C1;1037;24.0;Cam.C;QD.07;F1;SIM;1.0;24/06/2026;JUN;Renato de Castro;Sergio Mench do Prado;Rodrigo de Almeida;VALIDADO;
UBS I;GO;101.0;10.0;SOJA;11026715P1087;NEO761 I2X;—;;SOJA DEST STE O820 IPRO BG ST;C1;P1;BG;30.0;825.0;C1;825;30.0;Cam.C;QD.06;F1;SIM;1.0;24/06/2026;JUN;Renato de Castro;Sergio Mench do Prado;Rodrigo de Almeida;VALIDADO;
UBS I;GO;101.0;10.0;SOJA;11026715P2088;NEO761 I2X;—;;SOJA DEST STE O820 IPRO BG ST;C1;P2;BG;24.0;1024.0;C1;1024;24.0;Cam.C;QD.07;F2;SIM;1.0;24/06/2026;JUN;Renato de Castro;Sergio Mench do Prado;Rodrigo de Almeida;VALIDADO;
UBS I;GO;101.0;10.0;SOJA;11026715P2089;NEO761 I2X;—;;SOJA DEST STE O820 IPRO BG ST;C1;P2;BG;24.0;1009.0;C1;1009;24.0;Cam.C;QD.07;F3;SIM;1.0;24/06/2026;JUN;Renato de Castro;Sergio Mench do Prado;Rodrigo de Almeida;VALIDADO;
UBS I;GO;101.0;10.0;SOJA;11026715P1090;NEO761 I2X;—;;SOJA DEST STE O820 IPRO BG ST;C1;P1;BG;12.0;804.0;C1;804;12.0;Cam.C;QD.06;F2;SIM;1.0;24/06/2026;JUN;Renato de Castro;Sergio Mench do Prado;Rodrigo de Almeida;VALIDADO;
UBS I;GO;101.0;10.0;SOJA;11026715P2091;NEO761 I2X;—;;SOJA DEST STE O820 IPRO BG ST;C1;P2;BG;12.0;1006.0;C1;1006;12.0;Cam.C;QD.06;F3;SIM;1.0;24/06/2026;JUN;Renato de Castro;Sergio Mench do Prado;Rodrigo de Almeida;VALIDADO;
UBS I;GO;101.0;10.0;SOJA;11026740P2092;NEO771 I2X;—;;SOJA DEST STE O820 IPRO BG ST;C2;P2;BG;30.0;881.0;C2;881;30.0;Cam.A;QD.15;F3;SIM;1.0;24/06/2026;JUN;Renato de Castro;Sergio Mench do Prado;Rodrigo de Almeida;VALIDADO;
UBS I;GO;101.0;10.0;SOJA;11026740P1093;NEO771 I2X;—;;SOJA DEST STE O820 IPRO BG ST;C2;P1;BG;30.0;708.0;C2;708;30.0;Cam.A;QD.08;F4;SIM;1.0;24/06/2026;JUN;Renato de Castro;Sergio Mench do Prado;Rodrigo de Almeida;VALIDADO;
UBS I;GO;101.0;10.0;SOJA;11026740P1094;NEO771 I2X;—;;SOJA DEST STE O820 IPRO BG ST;C2;P1;BG;30.0;715.0;C2;715;30.0;Cam.A;QD.06;F1;SIM;1.0;24/06/2026;JUN;Renato de Castro;Sergio Mench do Prado;Rodrigo de Almeida;VALIDADO;
UBS I;GO;101.0;10.0;SOJA;11026740P1058;NEO771 I2X;—;;SOJA DEST STE O820 IPRO BG ST;C2;P1;BG;30.0;696.0;C2;696;30.0;Cam.A;QD.02;F2;SIM;1.0;24/06/2026;JUN;Renato de Castro;Sergio Mench do Prado;Rodrigo de Almeida;VALIDADO;
UBS I;GO;101.0;10.0;SOJA;11026740P2059;NEO771 I2X;—;;SOJA DEST STE O820 IPRO BG ST;C2;P2;BG;30.0;868.0;C2;868;30.0;Cam.A;QD.05;F1;SIM;1.0;24/06/2026;JUN;Renato de Castro;Sergio Mench do Prado;Rodrigo de Almeida;VALIDADO;
UBS I;GO;101.0;10.0;SOJA;11026740P2095;NEO771 I2X;—;;SOJA DEST STE O820 IPRO BG ST;C2;P2;BG;30.0;862.0;C2;862;30.0;Cam.A;QD.05;F2;SIM;1.0;24/06/2026;JUN;Renato de Castro;Sergio Mench do Prado;Rodrigo de Almeida;VALIDADO;
UBS I;GO;101.0;10.0;SOJA;11026740P1096;NEO771 I2X;—;;SOJA DEST STE O820 IPRO BG ST;C2;P1;BG;30.0;699.0;C2;699;30.0;Cam.A;QD.06;F2;SIM;1.0;24/06/2026;JUN;Renato de Castro;Sergio Mench do Prado;Rodrigo de Almeida;VALIDADO;
UBS I;GO;101.0;10.0;SOJA;11026740P2097;NEO771 I2X;—;;SOJA DEST STE O820 IPRO BG ST;C2;P2;BG;30.0;896.0;C2;896;30.0;Cam.A;QD.05;F3;SIM;1.0;24/06/2026;JUN;Renato de Castro;Sergio Mench do Prado;Rodrigo de Almeida;VALIDADO;
UBS I;GO;101.0;10.0;SOJA;11026740P1098;NEO771 I2X;—;;SOJA DEST STE O820 IPRO BG ST;C2;P1;BG;30.0;712.0;C2;712;30.0;Cam.A;QD.06;F3;SIM;1.0;24/06/2026;JUN;Renato de Castro;Sergio Mench do Prado;Rodrigo de Almeida;VALIDADO;
UBS I;GO;101.0;10.0;SOJA;11026740P2099;NEO771 I2X;—;;SOJA DEST STE O820 IPRO BG ST;C2;P2;BG;30.0;904.0;C2;904;30.0;Cam.A;QD.42;F3;SIM;1.0;24/06/2026;JUN;Renato de Castro;Sergio Mench do Prado;Rodrigo de Almeida;VALIDADO;
UBS I;GO;101.0;10.0;SOJA;11026740P1100;NEO771 I2X;—;;SOJA DEST STE O820 IPRO BG ST;C2;P1;BG;30.0;712.0;C2;712;30.0;Cam.B;QD.03;F3;SIM;1.0;24/06/2026;JUN;Renato de Castro;Sergio Mench do Prado;Rodrigo de Almeida;VALIDADO;
UBS I;GO;101.0;10.0;SOJA;11026740P1101;NEO771 I2X;—;;SOJA DEST STE O820 IPRO BG ST;C2;P1;BG;30.0;714.0;C2;714;30.0;Cam.A;QD.07;F1;SIM;1.0;24/06/2026;JUN;Renato de Castro;Sergio Mench do Prado;Rodrigo de Almeida;VALIDADO;
UBS I;GO;101.0;10.0;SOJA;11026740P2102;NEO771 I2X;—;;SOJA DEST STE O820 IPRO BG ST;C2;P2;BG;30.0;882.0;C2;882;30.0;Cam.A;QD.05;F4;SIM;1.0;24/06/2026;JUN;Renato de Castro;Sergio Mench do Prado;Rodrigo de Almeida;VALIDADO;
UBS I;GO;101.0;10.0;SOJA;11026740P1103;NEO771 I2X;—;;SOJA DEST STE O820 IPRO BG ST;C2;P1;BG;30.0;718.0;C2;718;30.0;Cam.A;QD.08;F3;SIM;1.0;24/06/2026;JUN;Renato de Castro;Sergio Mench do Prado;Rodrigo de Almeida;VALIDADO;
UBS I;GO;101.0;10.0;SOJA;11026740P2104;NEO771 I2X;—;;SOJA DEST STE O820 IPRO BG ST;C2;P2;BG;30.0;882.0;C2;882;30.0;Cam.A;QD.27;F3;SIM;1.0;24/06/2026;JUN;Renato de Castro;Sergio Mench do Prado;Rodrigo de Almeida;VALIDADO;
UBS I;GO;101.0;10.0;SOJA;11026740P1105;NEO771 I2X;—;;SOJA DEST STE O820 IPRO BG ST;C2;P1;BG;30.0;721.0;C2;721;30.0;Cam.A;QD.08;F2;SIM;1.0;24/06/2026;JUN;Renato de Castro;Sergio Mench do Prado;Rodrigo de Almeida;VALIDADO;
UBS I;GO;101.0;10.0;SOJA;11026740P2106;NEO771 I2X;—;;SOJA DEST STE O820 IPRO BG ST;C2;P2;BG;30.0;904.0;C2;904;30.0;Cam.A;QD.28;F3;SIM;1.0;24/06/2026;JUN;Renato de Castro;Sergio Mench do Prado;Rodrigo de Almeida;VALIDADO;
UBS I;GO;101.0;10.0;SOJA;11026740P1107;NEO771 I2X;—;;SOJA DEST STE O820 IPRO BG ST;C2;P1;BG;30.0;718.0;C2;718;30.0;Cam.A;QD.08;F1;SIM;1.0;24/06/2026;JUN;Renato de Castro;Sergio Mench do Prado;Rodrigo de Almeida;VALIDADO;
UBS I;GO;101.0;10.0;SOJA;11026740P2108;NEO771 I2X;—;;SOJA DEST STE O820 IPRO BG ST;C2;P2;BG;30.0;897.0;C2;897;30.0;Cam.A;QD.28;F2;SIM;1.0;24/06/2026;JUN;Renato de Castro;Sergio Mench do Prado;Rodrigo de Almeida;VALIDADO;
UBS I;GO;101.0;10.0;SOJA;11026740P1109;NEO771 I2X;—;;SOJA DEST STE O820 IPRO BG ST;C2;P1;BG;30.0;721.0;C2;721;30.0;Cam.A;QD.09;F1;SIM;1.0;24/06/2026;JUN;Renato de Castro;Sergio Mench do Prado;Rodrigo de Almeida;VALIDADO;
UBS I;GO;101.0;10.0;SOJA;11026740P2110;NEO771 I2X;—;;SOJA DEST STE O820 IPRO BG ST;C2;P2;BG;30.0;876.0;C2;876;30.0;Cam.A;QD.10;F1;SIM;1.0;24/06/2026;JUN;Renato de Castro;Sergio Mench do Prado;Rodrigo de Almeida;VALIDADO;
UBS I;GO;101.0;10.0;SOJA;11026740P1111;NEO771 I2X;—;;SOJA DEST STE O820 IPRO BG ST;C2;P1;BG;30.0;728.0;C2;728;30.0;Cam.A;QD.09;F2;SIM;1.0;24/06/2026;JUN;Renato de Castro;Sergio Mench do Prado;Rodrigo de Almeida;VALIDADO;
UBS I;GO;101.0;10.0;SOJA;11026740P2112;NEO771 I2X;—;;SOJA DEST STE O820 IPRO BG ST;C2;P2;BG;30.0;866.0;C2;866;30.0;Cam.A;QD.10;F2;SIM;1.0;24/06/2026;JUN;Renato de Castro;Sergio Mench do Prado;Rodrigo de Almeida;VALIDADO;
UBS I;GO;101.0;10.0;SOJA;11026740P1113;NEO771 I2X;—;;SOJA DEST STE O820 IPRO BG ST;C2;P1;BG;30.0;710.0;C2;710;30.0;Cam.A;QD.09;F3;SIM;1.0;24/06/2026;JUN;Renato de Castro;Sergio Mench do Prado;Rodrigo de Almeida;VALIDADO;
UBS I;GO;101.0;10.0;SOJA;11026740P1114;NEO771 I2X;—;;SOJA DEST STE O820 IPRO BG ST;C2;P1;BG;30.0;715.0;C2;715;30.0;Cam.A;QD.09;F4;SIM;1.0;24/06/2026;JUN;Renato de Castro;Sergio Mench do Prado;Rodrigo de Almeida;VALIDADO;
UBS I;GO;101.0;10.0;SOJA;11026740P2115;NEO771 I2X;—;;SOJA DEST STE O820 IPRO BG ST;C2;P2;BG;30.0;876.0;C2;876;30.0;Cam.A;QD.10;F3;SIM;1.0;24/06/2026;JUN;Renato de Castro;Sergio Mench do Prado;Rodrigo de Almeida;VALIDADO;
UBS I;GO;101.0;10.0;SOJA;11026740P1116;NEO771 I2X;—;;SOJA DEST STE O820 IPRO BG ST;C2;P1;BG;30.0;709.0;C2;709;30.0;Cam.A;QD.11;F1;SIM;1.0;24/06/2026;JUN;Renato de Castro;Sergio Mench do Prado;Rodrigo de Almeida;VALIDADO;
UBS I;GO;101.0;10.0;SOJA;11026740P2117;NEO771 I2X;—;;SOJA DEST STE O820 IPRO BG ST;C2;P2;BG;30.0;884.0;C2;884;30.0;Cam.A;QD.01;F4;SIM;1.0;24/06/2026;JUN;Renato de Castro;Sergio Mench do Prado;Rodrigo de Almeida;VALIDADO;
UBS I;GO;101.0;10.0;SOJA;11026740P1118;NEO771 I2X;—;;SOJA DEST STE O820 IPRO BG ST;C2;P1;BG;30.0;705.0;C2;705;30.0;Cam.A;QD.11;F2;SIM;1.0;24/06/2026;JUN;Renato de Castro;Sergio Mench do Prado;Rodrigo de Almeida;VALIDADO;
UBS I;GO;101.0;10.0;SOJA;11026740P1119;NEO771 I2X;—;;SOJA DEST STE O820 IPRO BG ST;C2;P1;BG;30.0;702.0;C2;702;30.0;Cam.A;QD.11;F3;SIM;1.0;24/06/2026;JUN;Renato de Castro;Sergio Mench do Prado;Rodrigo de Almeida;VALIDADO;
UBS I;GO;101.0;10.0;SOJA;11026740P2120;NEO771 I2X;—;;SOJA DEST STE O820 IPRO BG ST;C2;P2;BG;30.0;832.0;C2;832;30.0;Cam.A;QD.01;F3;SIM;1.0;24/06/2026;JUN;Renato de Castro;Sergio Mench do Prado;Rodrigo de Almeida;VALIDADO;
UBS I;GO;101.0;10.0;SOJA;11026740P1121;NEO771 I2X;—;;SOJA DEST STE O820 IPRO BG ST;C2;P1;BG;30.0;694.0;C2;694;30.0;Cam.A;QD.11;F4;SIM;1.0;24/06/2026;JUN;Renato de Castro;Sergio Mench do Prado;Rodrigo de Almeida;VALIDADO;
UBS I;GO;101.0;10.0;SOJA;11026740P1123;NEO771 I2X;—;;SOJA DEST STE O820 IPRO BG ST;C2;P1;BG;30.0;705.0;C2;705;30.0;Cam.A;QD.12;F2;SIM;1.0;24/06/2026;JUN;Renato de Castro;Sergio Mench do Prado;Rodrigo de Almeida;VALIDADO;
UBS I;GO;101.0;10.0;SOJA;11026740P1124;NEO771 I2X;—;;SOJA DEST STE O820 IPRO BG ST;C2;P1;BG;30.0;708.0;C2;708;30.0;Cam.A;QD.12;F1;SIM;1.0;24/06/2026;JUN;Renato de Castro;Sergio Mench do Prado;Rodrigo de Almeida;VALIDADO;
UBS I;GO;101.0;10.0;SOJA;11026740P2125;NEO771 I2X;—;;SOJA DEST STE O820 IPRO BG ST;C2;P2;BG;30.0;877.0;C2;877;30.0;Cam.A;QD.01;F2;SIM;1.0;24/06/2026;JUN;Renato de Castro;Sergio Mench do Prado;Rodrigo de Almeida;VALIDADO;
UBS I;GO;101.0;10.0;SOJA;11026740P1126;NEO771 I2X;—;;SOJA DEST STE O820 IPRO BG ST;C2;P1;BG;30.0;713.0;C2;713;30.0;Cam.A;QD.12;F3;SIM;1.0;24/06/2026;JUN;Renato de Castro;Sergio Mench do Prado;Rodrigo de Almeida;VALIDADO;
UBS I;GO;101.0;10.0;SOJA;11026740P2127;NEO771 I2X;—;;SOJA DEST STE O820 IPRO BG ST;C2;P2;BG;30.0;892.0;C2;892;30.0;Cam.A;QD.15;F1;SIM;1.0;24/06/2026;JUN;Renato de Castro;Sergio Mench do Prado;Rodrigo de Almeida;VALIDADO;
UBS I;GO;101.0;10.0;SOJA;11026740P1128;NEO771 I2X;—;;SOJA DEST STE O820 IPRO BG ST;C2;P1;BG;30.0;718.0;C2;718;30.0;Cam.A;QD.14;F1;SIM;1.0;24/06/2026;JUN;Renato de Castro;Sergio Mench do Prado;Rodrigo de Almeida;VALIDADO;
UBS I;GO;101.0;10.0;SOJA;11026740P2129;NEO771 I2X;—;;SOJA DEST STE O820 IPRO BG ST;C2;P2;BG;30.0;883.0;C2;883;30.0;Cam.A;QD.15;F2;SIM;1.0;24/06/2026;JUN;Renato de Castro;Sergio Mench do Prado;Rodrigo de Almeida;VALIDADO;
UBS I;GO;101.0;10.0;SOJA;11026740P1130;NEO771 I2X;—;;SOJA DEST STE O820 IPRO BG ST;C2;P1;BG;30.0;710.0;C2;710;30.0;Cam.A;QD.14;F2;SIM;1.0;24/06/2026;JUN;Renato de Castro;Sergio Mench do Prado;Rodrigo de Almeida;VALIDADO;
UBS I;GO;101.0;10.0;SOJA;11026740P1131;NEO771 I2X;—;;SOJA DEST STE O820 IPRO BG ST;C2;P1;BG;30.0;712.0;C2;712;30.0;Cam.A;QD.14;F3;SIM;1.0;24/06/2026;JUN;Renato de Castro;Sergio Mench do Prado;Rodrigo de Almeida;VALIDADO;
UBS I;GO;101.0;10.0;SOJA;11026740P2132;NEO771 I2X;—;;SOJA DEST STE O820 IPRO BG ST;C2;P2;BG;30.0;883.0;C2;883;30.0;Cam.B;QD.01;F2;SIM;1.0;24/06/2026;JUN;Renato de Castro;Sergio Mench do Prado;Rodrigo de Almeida;VALIDADO;
UBS I;GO;101.0;10.0;SOJA;11026740P2122;NEO771 I2X;—;;SOJA DEST STE O820 IPRO BG ST;C2;P2;BG;30.0;848.0;C2;848;30.0;Cam.A;QD.42;F4;SIM;1.0;24/06/2026;JUN;Renato de Castro;Sergio Mench do Prado;Rodrigo de Almeida;VALIDADO;
UBS I;GO;101.0;10.0;SOJA;11026740P1133;NEO771 I2X;—;;SOJA DEST STE O820 IPRO BG ST;C2;P1;BG;30.0;713.0;C2;713;30.0;Cam.A;QD.16;F2;SIM;1.0;24/06/2026;JUN;Renato de Castro;Sergio Mench do Prado;Rodrigo de Almeida;VALIDADO;
UBS I;GO;101.0;10.0;SOJA;11026740P2134;NEO771 I2X;—;;SOJA DEST STE O820 IPRO BG ST;C2;P2;BG;30.0;867.0;C2;867;30.0;Cam.A;QD.18;F1;SIM;1.0;24/06/2026;JUN;Renato de Castro;Sergio Mench do Prado;Rodrigo de Almeida;VALIDADO;
UBS I;GO;101.0;10.0;SOJA;11026740P1135;NEO771 I2X;—;;SOJA DEST STE O820 IPRO BG ST;C2;P1;BG;30.0;712.0;C2;712;30.0;Cam.A;QD.16;F1;SIM;1.0;24/06/2026;JUN;Renato de Castro;Sergio Mench do Prado;Rodrigo de Almeida;VALIDADO;
UBS I;GO;101.0;10.0;SOJA;11026740P2136;NEO771 I2X;—;;SOJA DEST STE O820 IPRO BG ST;C2;P2;BG;30.0;852.0;C2;852;30.0;Cam.A;QD.18;F2;SIM;1.0;24/06/2026;JUN;Renato de Castro;Sergio Mench do Prado;Rodrigo de Almeida;VALIDADO;
UBS I;GO;101.0;10.0;SOJA;11026740P1137;NEO771 I2X;—;;SOJA DEST STE O820 IPRO BG ST;C2;P1;BG;30.0;710.0;C2;710;30.0;Cam.A;QD.16;F3;SIM;1.0;24/06/2026;JUN;Renato de Castro;Sergio Mench do Prado;Rodrigo de Almeida;VALIDADO;
UBS I;GO;101.0;10.0;SOJA;11026740P1138;NEO771 I2X;—;;SOJA DEST STE O820 IPRO BG ST;C2;P1;BG;30.0;713.0;C2;713;30.0;Cam.A;QD.17;F2;SIM;1.0;24/06/2026;JUN;Renato de Castro;Sergio Mench do Prado;Rodrigo de Almeida;VALIDADO;
UBS I;GO;101.0;10.0;SOJA;11026740P2139;NEO771 I2X;—;;SOJA DEST STE O820 IPRO BG ST;C2;P2;BG;30.0;879.0;C2;879;30.0;Cam.A;QD.20;F1;SIM;1.0;24/06/2026;JUN;Renato de Castro;Sergio Mench do Prado;Rodrigo de Almeida;VALIDADO;
UBS I;GO;101.0;10.0;SOJA;11026740P1140;NEO771 I2X;—;;SOJA DEST STE O820 IPRO BG ST;C2;P1;BG;30.0;723.0;C2;723;30.0;Cam.A;QD.17;F1;SIM;1.0;24/06/2026;JUN;Renato de Castro;Sergio Mench do Prado;Rodrigo de Almeida;VALIDADO;
UBS I;GO;101.0;10.0;SOJA;11026740P2141;NEO771 I2X;—;;SOJA DEST STE O820 IPRO BG ST;C2;P2;BG;30.0;861.0;C2;861;30.0;Cam.A;QD.18;F3;SIM;1.0;24/06/2026;JUN;Renato de Castro;Sergio Mench do Prado;Rodrigo de Almeida;VALIDADO;
UBS I;GO;101.0;10.0;SOJA;11026740P1142;NEO771 I2X;—;;SOJA DEST STE O820 IPRO BG ST;C2;P1;BG;30.0;705.0;C2;705;30.0;Cam.A;QD.17;F3;SIM;1.0;24/06/2026;JUN;Renato de Castro;Sergio Mench do Prado;Rodrigo de Almeida;VALIDADO;
UBS I;GO;101.0;10.0;SOJA;11026740P2143;NEO771 I2X;—;;SOJA DEST STE O820 IPRO BG ST;C2;P2;BG;30.0;853.0;C2;853;30.0;Cam.A;QD.20;F2;SIM;1.0;24/06/2026;JUN;Renato de Castro;Sergio Mench do Prado;Rodrigo de Almeida;VALIDADO;
UBS I;GO;101.0;10.0;SOJA;11026740P1144;NEO771 I2X;—;;SOJA DEST STE O820 IPRO BG ST;C2;P1;BG;30.0;697.0;C2;697;30.0;Cam.A;QD.19;F1;SIM;1.0;24/06/2026;JUN;Renato de Castro;Sergio Mench do Prado;Rodrigo de Almeida;VALIDADO;
UBS I;GO;101.0;10.0;SOJA;11026740P1145;NEO771 I2X;—;;SOJA DEST STE O820 IPRO BG ST;C2;P1;BG;30.0;708.0;C2;708;30.0;Cam.A;QD.19;F2;SIM;1.0;24/06/2026;JUN;Renato de Castro;Sergio Mench do Prado;Rodrigo de Almeida;VALIDADO;
UBS I;GO;101.0;10.0;SOJA;11026740P1146;NEO771 I2X;—;;SOJA DEST STE O820 IPRO BG ST;C2;P1;BG;30.0;683.0;C2;683;30.0;Cam.B;QD.03;F2;SIM;1.0;24/06/2026;JUN;Renato de Castro;Sergio Mench do Prado;Rodrigo de Almeida;VALIDADO;
UBS I;GO;101.0;10.0;SOJA;11026740P1147;NEO771 I2X;—;;SOJA DEST STE O820 IPRO BG ST;C2;P1;BG;30.0;690.0;C2;690;30.0;Cam.A;QD.21;F1;SIM;1.0;24/06/2026;JUN;Renato de Castro;Sergio Mench do Prado;Rodrigo de Almeida;VALIDADO;
UBS I;GO;101.0;10.0;SOJA;11026740P2148;NEO771 I2X;—;;SOJA DEST STE O820 IPRO BG ST;C2;P2;BG;26.0;820.0;C2;820;26.0;Cam.A;QD.20;F3;SIM;1.0;24/06/2026;JUN;Renato de Castro;Sergio Mench do Prado;Rodrigo de Almeida;VALIDADO;
UBS I;GO;101.0;10.0;SOJA;11026740P1149;NEO771 I2X;—;;SOJA DEST STE O820 IPRO BG ST;C2;P1;BG;30.0;704.0;C2;704;30.0;Cam.A;QD.21;F2;SIM;1.0;24/06/2026;JUN;Renato de Castro;Sergio Mench do Prado;Rodrigo de Almeida;VALIDADO;
UBS I;GO;101.0;10.0;SOJA;11026740P1150;NEO771 I2X;—;;SOJA DEST STE O820 IPRO BG ST;C2;P1;BG;22.0;705.0;C2;705;22.0;Cam.A;QD.21;F3;SIM;1.0;24/06/2026;JUN;Renato de Castro;Sergio Mench do Prado;Rodrigo de Almeida;VALIDADO;
UBS I;GO;101.0;10.0;SOJA;11026715P2151;NEO761 I2X;—;;SOJA DEST STE O820 IPRO BG ST;C1;P2;BG;24.0;1045.0;C1;1045;24.0;Cam.A;QD.23;F1;SIM;1.0;24/06/2026;JUN;Renato de Castro;Sergio Mench do Prado;Rodrigo de Almeida;VALIDADO;
UBS I;GO;101.0;10.0;SOJA;11026715P2152;NEO761 I2X;—;;SOJA DEST STE O820 IPRO BG ST;C1;P2;BG;24.0;1075.0;C1;1075;24.0;Cam.A;QD.22;F2;SIM;1.0;24/06/2026;JUN;Renato de Castro;Sergio Mench do Prado;Rodrigo de Almeida;VALIDADO;
UBS I;GO;101.0;10.0;SOJA;11026715P1153;NEO761 I2X;—;;SOJA DEST STE O820 IPRO BG ST;C1;P1;BG;30.0;828.0;C1;828;30.0;Cam.C;QD.18;F2;SIM;1.0;24/06/2026;JUN;Renato de Castro;Sergio Mench do Prado;Rodrigo de Almeida;VALIDADO;
UBS I;GO;101.0;10.0;SOJA;11026715P2154;NEO761 I2X;—;;SOJA DEST STE O820 IPRO BG ST;S2;P2;BG;24.0;1061.0;S2;1061;24.0;Cam.A;QD.22;F1;SIM;1.0;24/06/2026;JUN;Renato de Castro;Sergio Mench do Prado;Rodrigo de Almeida;VALIDADO;
UBS I;GO;101.0;10.0;SOJA;11026715P2155;NEO761 I2X;—;;SOJA DEST STE O820 IPRO BG ST;S2;P2;BG;27.0;995.0;S2;995;27.0;Cam.B;QD.02;F2;SIM;1.0;24/06/2026;JUN;Renato de Castro;Sergio Mench do Prado;Rodrigo de Almeida;VALIDADO;
UBS I;GO;101.0;10.0;SOJA;11026715P1156;NEO761 I2X;—;;SOJA DEST STE O820 IPRO BG ST;S2;P1;BG;30.0;804.0;S2;804;30.0;Cam.C;QD.18;F1;SIM;1.0;24/06/2026;JUN;Renato de Castro;Sergio Mench do Prado;Rodrigo de Almeida;VALIDADO;
UBS I;GO;101.0;10.0;SOJA;11026715P2157;NEO761 I2X;—;;SOJA DEST STE O820 IPRO BG ST;S2;P2;BG;24.0;1049.0;S2;1049;24.0;Cam.B;QD.02;F1;SIM;1.0;24/06/2026;JUN;Renato de Castro;Sergio Mench do Prado;Rodrigo de Almeida;VALIDADO;
UBS I;GO;101.0;10.0;SOJA;11026715P2158;NEO761 I2X;—;;SOJA DEST STE O820 IPRO BG ST;S2;P2;BG;24.0;1050.0;S2;1050;24.0;Cam.A;QD.22;F3;SIM;1.0;24/06/2026;JUN;Renato de Castro;Sergio Mench do Prado;Rodrigo de Almeida;VALIDADO;
UBS I;GO;101.0;10.0;SOJA;11026715P2160;NEO761 I2X;—;;SOJA DEST STE O820 IPRO BG ST;S2;P2;BG;24.0;1032.0;S2;1032;24.0;Cam.A;QD.24;F2;SIM;1.0;24/06/2026;JUN;Renato de Castro;Sergio Mench do Prado;Rodrigo de Almeida;VALIDADO;
UBS I;GO;101.0;10.0;SOJA;11026715P1161;NEO761 I2X;—;;SOJA DEST STE O820 IPRO BG ST;S2;P1;BG;30.0;823.0;S2;823;30.0;Cam.C;QD.18;F3;SIM;1.0;24/06/2026;JUN;Renato de Castro;Sergio Mench do Prado;Rodrigo de Almeida;VALIDADO;
UBS I;GO;101.0;10.0;SOJA;11026715P2162;NEO761 I2X;—;;SOJA DEST STE O820 IPRO BG ST;S2;P2;BG;24.0;1048.0;S2;1048;24.0;Cam.A;QD.24;F3;SIM;1.0;24/06/2026;JUN;Renato de Castro;Sergio Mench do Prado;Rodrigo de Almeida;VALIDADO;
UBS I;GO;101.0;10.0;SOJA;11026715P2163;NEO761 I2X;—;;SOJA DEST STE O820 IPRO BG ST;S2;P2;BG;24.0;1064.0;S2;1064;24.0;Cam.A;QD.25;F1;SIM;1.0;24/06/2026;JUN;Renato de Castro;Sergio Mench do Prado;Rodrigo de Almeida;VALIDADO;
UBS I;GO;101.0;10.0;SOJA;11026715P2164;NEO761 I2X;—;;SOJA DEST STE O820 IPRO BG ST;S2;P2;BG;24.0;1078.0;S2;1078;24.0;Cam.A;QD.25;F2;SIM;1.0;24/06/2026;JUN;Renato de Castro;Sergio Mench do Prado;Rodrigo de Almeida;VALIDADO;
UBS I;GO;101.0;10.0;SOJA;11026715P2165;NEO761 I2X;—;;SOJA DEST STE O820 IPRO BG ST;S2;P2;BG;24.0;1073.0;S2;1073;24.0;Cam.A;QD.25;F3;SIM;1.0;24/06/2026;JUN;Renato de Castro;Sergio Mench do Prado;Rodrigo de Almeida;VALIDADO;
UBS I;GO;101.0;10.0;SOJA;11026715P2166;NEO761 I2X;—;;SOJA DEST STE O820 IPRO BG ST;S2;P2;BG;24.0;1065.0;S2;1065;24.0;Cam.A;QD.30;F2;SIM;1.0;24/06/2026;JUN;Renato de Castro;Sergio Mench do Prado;Rodrigo de Almeida;VALIDADO;
UBS I;GO;101.0;10.0;SOJA;11026715P1167;NEO761 I2X;—;;SOJA DEST STE O820 IPRO BG ST;S2;P1;BG;20.0;817.0;S2;817;20.0;Cam.C;QD.17;F1;SIM;1.0;24/06/2026;JUN;Renato de Castro;Sergio Mench do Prado;Rodrigo de Almeida;VALIDADO;
UBS I;GO;101.0;10.0;SOJA;11026715P2168;NEO761 I2X;—;;SOJA DEST STE O820 IPRO BG ST;S2;P2;BG;23.0;1077.0;S2;1077;23.0;Cam.A;QD.30;F1;SIM;1.0;24/06/2026;JUN;Renato de Castro;Sergio Mench do Prado;Rodrigo de Almeida;VALIDADO;
UBS I;GO;101.0;10.0;SOJA;11026740P1169;NEO771 I2X;—;;SOJA DEST STE O820 IPRO BG ST;C2;P1;BG;30.0;735.0;C2;735;30.0;Cam.A;QD.31;F2;SIM;1.0;24/06/2026;JUN;Renato de Castro;Sergio Mench do Prado;Rodrigo de Almeida;VALIDADO;
UBS I;GO;101.0;10.0;SOJA;11026740P2170;NEO771 I2X;—;;SOJA DEST STE O820 IPRO BG ST;C2;P2;BG;30.0;878.0;C2;878;30.0;Cam.B;QD.01;F1;SIM;1.0;24/06/2026;JUN;Renato de Castro;Sergio Mench do Prado;Rodrigo de Almeida;VALIDADO;
UBS I;GO;101.0;10.0;SOJA;11026740P1171;NEO771 I2X;—;;SOJA DEST STE O820 IPRO BG ST;C2;P1;BG;30.0;732.0;C2;732;30.0;Cam.A;QD.31;F1;SIM;1.0;24/06/2026;JUN;Renato de Castro;Sergio Mench do Prado;Rodrigo de Almeida;VALIDADO;
UBS I;GO;101.0;10.0;SOJA;11026740P2172;NEO771 I2X;—;;SOJA DEST STE O820 IPRO BG ST;C2;P2;BG;30.0;859.0;C2;859;30.0;Cam.A;QD.28;F1;SIM;1.0;24/06/2026;JUN;Renato de Castro;Sergio Mench do Prado;Rodrigo de Almeida;VALIDADO;
UBS I;GO;101.0;10.0;SOJA;11026740P1173;NEO771 I2X;—;;SOJA DEST STE O820 IPRO BG ST;C2;P1;BG;30.0;716.0;C2;716;30.0;Cam.A;QD.26;F1;SIM;1.0;24/06/2026;JUN;Renato de Castro;Sergio Mench do Prado;Rodrigo de Almeida;VALIDADO;
UBS I;GO;101.0;10.0;SOJA;11026740P2174;NEO771 I2X;—;;SOJA DEST STE O820 IPRO BG ST;C2;P2;BG;30.0;879.0;C2;879;30.0;Cam.B;QD.02;F3;SIM;1.0;24/06/2026;JUN;Renato de Castro;Sergio Mench do Prado;Rodrigo de Almeida;VALIDADO;
UBS I;GO;101.0;10.0;SOJA;11026740P1175;NEO771 I2X;—;;SOJA DEST STE O820 IPRO BG ST;C2;P1;BG;30.0;741.0;C2;741;30.0;Cam.A;QD.26;F2;SIM;1.0;24/06/2026;JUN;Renato de Castro;Sergio Mench do Prado;Rodrigo de Almeida;VALIDADO;
UBS I;GO;101.0;10.0;SOJA;11026740P1176;NEO771 I2X;—;;SOJA DEST STE O820 IPRO BG ST;C2;P1;BG;30.0;732.0;C2;732;30.0;Cam.A;QD.26;F3;SIM;1.0;24/06/2026;JUN;Renato de Castro;Sergio Mench do Prado;Rodrigo de Almeida;VALIDADO;
UBS I;GO;101.0;10.0;SOJA;11026740P2177;NEO771 I2X;—;;SOJA DEST STE O820 IPRO BG ST;C2;P2;BG;30.0;872.0;C2;872;30.0;Cam.A;QD.27;F2;SIM;1.0;24/06/2026;JUN;Renato de Castro;Sergio Mench do Prado;Rodrigo de Almeida;VALIDADO;
UBS I;GO;101.0;10.0;SOJA;11026740P1178;NEO771 I2X;—;;SOJA DEST STE O820 IPRO BG ST;C2;P1;BG;30.0;742.0;C2;742;30.0;Cam.B;QD.03;F1;SIM;1.0;24/06/2026;JUN;Renato de Castro;Sergio Mench do Prado;Rodrigo de Almeida;VALIDADO;
UBS I;GO;101.0;10.0;SOJA;11026740P2179;NEO771 I2X;—;;SOJA DEST STE O820 IPRO BG ST;C2;P2;BG;30.0;876.0;C2;876;30.0;Cam.A;QD.27;F1;SIM;1.0;24/06/2026;JUN;Renato de Castro;Sergio Mench do Prado;Rodrigo de Almeida;VALIDADO;
UBS I;GO;101.0;10.0;SOJA;11026740P2180;NEO771 I2X;—;;SOJA DEST STE O820 IPRO BG ST;C2;P2;BG;30.0;872.0;C2;872;30.0;Cam.B;QD.02;F4;SIM;1.0;24/06/2026;JUN;Renato de Castro;Sergio Mench do Prado;Rodrigo de Almeida;VALIDADO;
UBS I;GO;101.0;10.0;SOJA;11026740P1181;NEO771 I2X;—;;SOJA DEST STE O820 IPRO BG ST;C2;P1;BG;30.0;734.0;C2;734;30.0;Cam.A;QD.29;F2;SIM;1.0;24/06/2026;JUN;Renato de Castro;Sergio Mench do Prado;Rodrigo de Almeida;VALIDADO;
UBS I;GO;101.0;10.0;SOJA;11026740P2182;NEO771 I2X;—;;SOJA DEST STE O820 IPRO BG ST;C2;P2;BG;30.0;871.0;C2;871;30.0;Cam.B;QD.17;F2;SIM;1.0;24/06/2026;JUN;Renato de Castro;Sergio Mench do Prado;Rodrigo de Almeida;VALIDADO;
UBS I;GO;101.0;10.0;SOJA;11026740P1183;NEO771 I2X;—;;SOJA DEST STE O820 IPRO BG ST;C2;P1;BG;30.0;738.0;C2;738;30.0;Cam.A;QD.31;F3;SIM;1.0;24/06/2026;JUN;Renato de Castro;Sergio Mench do Prado;Rodrigo de Almeida;VALIDADO;
UBS I;GO;101.0;10.0;SOJA;11026740P2184;NEO771 I2X;—;;SOJA DEST STE O820 IPRO BG ST;C2;P2;BG;23.0;870.0;C2;870;23.0;Cam.B;QD.17;F1;SIM;1.0;24/06/2026;JUN;Renato de Castro;Sergio Mench do Prado;Rodrigo de Almeida;VALIDADO;
UBS I;GO;101.0;10.0;SOJA;11026740P1185;NEO771 I2X;—;;SOJA DEST STE O820 IPRO BG ST;C2;P1;BG;24.0;743.0;C2;743;24.0;Cam.A;QD.29;F1;SIM;1.0;24/06/2026;JUN;Renato de Castro;Sergio Mench do Prado;Rodrigo de Almeida;VALIDADO;
UBS I;GO;101.0;10.0;SOJA;11026714P2186;NEO790 IPRO;—;;SOJA DEST STE O820 IPRO BG ST;S1;P2;BG;27.0;954.0;S1;954;27.0;Cam.B;QD.04;F1;SIM;1.0;24/06/2026;JUN;Renato de Castro;Sergio Mench do Prado;Rodrigo de Almeida;VALIDADO;
UBS I;GO;101.0;10.0;SOJA;11026714P1187;NEO790 IPRO;—;;SOJA DEST STE O820 IPRO BG ST;S1;P1;BG;30.0;765.0;S1;765;30.0;Cam.B;QD.16;F1;SIM;1.0;24/06/2026;JUN;Renato de Castro;Sergio Mench do Prado;Rodrigo de Almeida;VALIDADO;
UBS I;GO;101.0;10.0;SOJA;11026714P1188;NEO790 IPRO;—;;SOJA DEST STE O820 IPRO BG ST;S1;P1;BG;30.0;771.0;S1;771;30.0;Cam.B;QD.16;F2;SIM;1.0;24/06/2026;JUN;Renato de Castro;Sergio Mench do Prado;Rodrigo de Almeida;VALIDADO;
UBS I;GO;101.0;10.0;SOJA;11026714P2189;NEO790 IPRO;—;;SOJA DEST STE O820 IPRO BG ST;S1;P2;BG;27.0;972.0;S1;972;27.0;Cam.B;QD.15;F1;SIM;1.0;24/06/2026;JUN;Renato de Castro;Sergio Mench do Prado;Rodrigo de Almeida;VALIDADO;
UBS I;GO;101.0;10.0;SOJA;11026714P1190;NEO790 IPRO;—;;SOJA DEST STE O820 IPRO BG ST;S1;P1;BG;30.0;780.0;S1;780;30.0;Cam.B;QD.17;F3;SIM;1.0;24/06/2026;JUN;Renato de Castro;Sergio Mench do Prado;Rodrigo de Almeida;VALIDADO;
UBS I;GO;101.0;10.0;SOJA;11026714P1191;NEO790 IPRO;—;;SOJA DEST STE O820 IPRO BG ST;S1;P1;BG;10.0;767.0;S1;767;10.0;Cam.B;QD.07;F2;SIM;1.0;24/06/2026;JUN;Renato de Castro;Sergio Mench do Prado;Rodrigo de Almeida;VALIDADO;
UBS I;GO;101.0;10.0;SOJA;11026714P2192;NEO790 IPRO;—;;SOJA DEST STE O820 IPRO BG ST;S1;P2;BG;6.0;941.0;S1;941;6.0;Cam.B;QD.05;F4;SIM;1.0;24/06/2026;JUN;Renato de Castro;Sergio Mench do Prado;Rodrigo de Almeida;VALIDADO;
UBS I;GO;101.0;10.0;SOJA;11026714P2193;NEO790 IPRO;—;;SOJA DEST STE O820 IPRO BG ST;S1;P2;BG;30.0;895.0;S1;895;30.0;Cam.B;QD.13;F3;SIM;1.0;24/06/2026;JUN;Renato de Castro;Sergio Mench do Prado;Rodrigo de Almeida;VALIDADO;
UBS I;GO;101.0;10.0;SOJA;11026714P1194;NEO790 IPRO;—;;SOJA DEST STE O820 IPRO BG ST;S1;P1;BG;30.0;695.0;S1;695;30.0;Cam.B;QD.16;F3;SIM;1.0;24/06/2026;JUN;Renato de Castro;Sergio Mench do Prado;Rodrigo de Almeida;VALIDADO;
UBS I;GO;101.0;10.0;SOJA;11026714P2195;NEO790 IPRO;—;;SOJA DEST STE O820 IPRO BG ST;S1;P2;BG;30.0;879.0;S1;879;30.0;Cam.B;QD.14;F1;SIM;1.0;24/06/2026;JUN;Renato de Castro;Sergio Mench do Prado;Rodrigo de Almeida;VALIDADO;
UBS I;GO;101.0;10.0;SOJA;11026714P1196;NEO790 IPRO;—;;SOJA DEST STE O820 IPRO BG ST;S1;P1;BG;30.0;694.0;S1;694;30.0;Cam.B;QD.13;F2;SIM;1.0;24/06/2026;JUN;Renato de Castro;Sergio Mench do Prado;Rodrigo de Almeida;VALIDADO;
UBS I;GO;101.0;10.0;SOJA;11026714P2197;NEO790 IPRO;—;;SOJA DEST STE O820 IPRO BG ST;S1;P2;BG;30.0;882.0;S1;882;30.0;Cam.A;QD.30;F3;SIM;1.0;24/06/2026;JUN;Renato de Castro;Sergio Mench do Prado;Rodrigo de Almeida;VALIDADO;
UBS I;GO;101.0;10.0;SOJA;11026714P2198;NEO790 IPRO;—;;SOJA DEST STE O820 IPRO BG ST;S1;P2;BG;27.0;921.0;S1;921;27.0;Cam.B;QD.15;F2;SIM;1.0;24/06/2026;JUN;Renato de Castro;Sergio Mench do Prado;Rodrigo de Almeida;VALIDADO;
UBS I;GO;101.0;10.0;SOJA;11026714P2199;NEO790 IPRO;—;;SOJA DEST STE O820 IPRO BG ST;S1;P2;BG;30.0;898.0;S1;898;30.0;Cam.B;QD.04;F2;SIM;1.0;24/06/2026;JUN;Renato de Castro;Sergio Mench do Prado;Rodrigo de Almeida;VALIDADO;
UBS I;GO;101.0;10.0;SOJA;11026714P1200;NEO790 IPRO;—;;SOJA DEST STE O820 IPRO BG ST;S1;P1;BG;30.0;696.0;S1;696;30.0;Cam.B;QD.13;F1;SIM;1.0;24/06/2026;JUN;Renato de Castro;Sergio Mench do Prado;Rodrigo de Almeida;VALIDADO;
UBS I;GO;101.0;10.0;SOJA;11026714P2201;NEO790 IPRO;—;;SOJA DEST STE O820 IPRO BG ST;S1;P2;BG;30.0;904.0;S1;904;30.0;Cam.B;QD.12;F1;SIM;1.0;24/06/2026;JUN;Renato de Castro;Sergio Mench do Prado;Rodrigo de Almeida;VALIDADO;
UBS I;GO;101.0;10.0;SOJA;11026273P1204;NEO800 I2X;—;;SOJA DEST STE O820 IPRO BG ST;S1;P1;BG;30.0;697.0;S1;697;30.0;Cam.B;QD.28;F1;SIM;1.0;24/06/2026;JUN;Renato de Castro;Sergio Mench do Prado;Rodrigo de Almeida;VALIDADO;
UBS I;GO;101.0;10.0;SOJA;11026273P2205;NEO800 I2X;—;;SOJA DEST STE O820 IPRO BG ST;S1;P2;BG;30.0;854.0;S1;854;30.0;Cam.B;QD.25;F1;SIM;1.0;24/06/2026;JUN;Renato de Castro;Sergio Mench do Prado;Rodrigo de Almeida;VALIDADO;
UBS I;GO;101.0;10.0;SOJA;11026273P1206;NEO800 I2X;—;;SOJA DEST STE O820 IPRO BG ST;S1;P1;BG;30.0;680.0;S1;680;30.0;Cam.B;QD.28;F3;SIM;1.0;24/06/2026;JUN;Renato de Castro;Sergio Mench do Prado;Rodrigo de Almeida;VALIDADO;
UBS I;GO;101.0;10.0;SOJA;11026273P2207;NEO800 I2X;—;;SOJA DEST STE O820 IPRO BG ST;S1;P2;BG;30.0;838.0;S1;838;30.0;Cam.B;QD.22;F3;SIM;1.0;24/06/2026;JUN;Renato de Castro;Sergio Mench do Prado;Rodrigo de Almeida;VALIDADO;
UBS I;GO;101.0;10.0;SOJA;11026273P1208;NEO800 I2X;—;;SOJA DEST STE O820 IPRO BG ST;S1;P1;BG;30.0;677.0;S1;677;30.0;Cam.B;QD.28;F2;SIM;1.0;24/06/2026;JUN;Renato de Castro;Sergio Mench do Prado;Rodrigo de Almeida;VALIDADO;
UBS I;GO;101.0;10.0;SOJA;11026273P1209;NEO800 I2X;—;;SOJA DEST STE O820 IPRO BG ST;S1;P1;BG;30.0;690.0;S1;690;30.0;Cam.B;QD.27;F2;SIM;1.0;24/06/2026;JUN;Renato de Castro;Sergio Mench do Prado;Rodrigo de Almeida;VALIDADO;
UBS I;GO;101.0;10.0;SOJA;11026273P2210;NEO800 I2X;—;;SOJA DEST STE O820 IPRO BG ST;S1;P2;BG;30.0;822.0;S1;822;30.0;Cam.B;QD.25;F2;SIM;1.0;24/06/2026;JUN;Renato de Castro;Sergio Mench do Prado;Rodrigo de Almeida;VALIDADO;
UBS I;GO;101.0;10.0;SOJA;11026273P1211;NEO800 I2X;—;;SOJA DEST STE O820 IPRO BG ST;S1;P1;BG;30.0;674.0;S1;674;30.0;Cam.B;QD.27;F1;SIM;1.0;24/06/2026;JUN;Renato de Castro;Sergio Mench do Prado;Rodrigo de Almeida;VALIDADO;
UBS I;GO;101.0;10.0;SOJA;11026273P1212;NEO800 I2X;—;;SOJA DEST STE O820 IPRO BG ST;S1;P1;BG;30.0;639.0;S1;639;30.0;Cam.B;QD.27;F3;SIM;1.0;24/06/2026;JUN;Renato de Castro;Sergio Mench do Prado;Rodrigo de Almeida;VALIDADO;
UBS I;GO;101.0;10.0;SOJA;11026273P2213;NEO800 I2X;—;;SOJA DEST STE O820 IPRO BG ST;S1;P2;BG;10.0;832.0;S1;832;10.0;Cam.B;QD.07;F3;SIM;1.0;24/06/2026;JUN;Renato de Castro;Sergio Mench do Prado;Rodrigo de Almeida;VALIDADO;
UBS I;GO;101.0;10.0;SOJA;11026760P1214;SOYTECH 745 I2X;—;;SOJA DEST STE O820 IPRO BG ST;C1;P1;BG;30.0;695.0;C1;695;30.0;Cam.B;QD.38;F1;SIM;1.0;24/06/2026;JUN;Renato de Castro;Sergio Mench do Prado;Rodrigo de Almeida;VALIDADO;
UBS I;GO;101.0;10.0;SOJA;11026760P2215;SOYTECH 745 I2X;—;;SOJA DEST STE O820 IPRO BG ST;C1;P2;BG;30.0;819.0;C1;819;30.0;Cam.B;QD.23;F2;SIM;1.0;24/06/2026;JUN;Renato de Castro;Sergio Mench do Prado;Rodrigo de Almeida;VALIDADO;
UBS I;GO;101.0;10.0;SOJA;11026760P2216;SOYTECH 745 I2X;—;;SOJA DEST STE O820 IPRO BG ST;C1;P2;BG;30.0;802.0;C1;802;30.0;Cam.B;QD.26;F2;SIM;1.0;24/06/2026;JUN;Renato de Castro;Sergio Mench do Prado;Rodrigo de Almeida;VALIDADO;
UBS I;GO;101.0;10.0;SOJA;11026760P1217;SOYTECH 745 I2X;—;;SOJA DEST STE O820 IPRO BG ST;C1;P1;BG;30.0;651.0;C1;651;30.0;Cam.B;QD.24;F2;SIM;1.0;24/06/2026;JUN;Renato de Castro;Sergio Mench do Prado;Rodrigo de Almeida;VALIDADO;
UBS I;GO;101.0;10.0;SOJA;11026760P1218;SOYTECH 745 I2X;—;;SOJA DEST STE O820 IPRO BG ST;C1;P1;BG;30.0;646.0;C1;646;30.0;Cam.B;QD.24;F1;SIM;1.0;24/06/2026;JUN;Renato de Castro;Sergio Mench do Prado;Rodrigo de Almeida;VALIDADO;
UBS I;GO;101.0;10.0;SOJA;11026760P2219;SOYTECH 745 I2X;—;;SOJA DEST STE O820 IPRO BG ST;C1;P2;BG;30.0;815.0;C1;815;30.0;Cam.B;QD.26;F1;SIM;1.0;24/06/2026;JUN;Renato de Castro;Sergio Mench do Prado;Rodrigo de Almeida;VALIDADO;
UBS I;GO;101.0;10.0;SOJA;11026760P2220;SOYTECH 745 I2X;—;;SOJA DEST STE O820 IPRO BG ST;C1;P2;BG;30.0;796.0;C1;796;30.0;Cam.B;QD.23;F1;SIM;1.0;24/06/2026;JUN;Renato de Castro;Sergio Mench do Prado;Rodrigo de Almeida;VALIDADO;
UBS I;GO;101.0;10.0;SOJA;11026760P1221;SOYTECH 745 I2X;—;;SOJA DEST STE O820 IPRO BG ST;C1;P1;BG;30.0;648.0;C1;648;30.0;Cam.B;QD.24;F3;SIM;1.0;24/06/2026;JUN;Renato de Castro;Sergio Mench do Prado;Rodrigo de Almeida;VALIDADO;
UBS I;GO;101.0;10.0;SOJA;11026760P2222;SOYTECH 745 I2X;—;;SOJA DEST STE O820 IPRO BG ST;C1;P2;BG;30.0;794.0;C1;794;30.0;Cam.B;QD.39;F2;SIM;1.0;24/06/2026;JUN;Renato de Castro;Sergio Mench do Prado;Rodrigo de Almeida;VALIDADO;
UBS I;GO;101.0;10.0;SOJA;11026760P1223;SOYTECH 745 I2X;—;;SOJA DEST STE O820 IPRO BG ST;C1;P1;BG;30.0;643.0;C1;643;30.0;Cam.B;QD.38;F2;SIM;1.0;24/06/2026;JUN;Renato de Castro;Sergio Mench do Prado;Rodrigo de Almeida;VALIDADO;
UBS I;GO;101.0;10.0;SOJA;11026760P2224;SOYTECH 745 I2X;—;;SOJA DEST STE O820 IPRO BG ST;C1;P2;BG;30.0;793.0;C1;793;30.0;Cam.B;QD.26;F3;SIM;1.0;24/06/2026;JUN;Renato de Castro;Sergio Mench do Prado;Rodrigo de Almeida;VALIDADO;
UBS I;GO;101.0;10.0;SOJA;11026760P2225;SOYTECH 745 I2X;—;;SOJA DEST STE O820 IPRO BG ST;C1;P2;BG;30.0;791.0;C1;791;30.0;Cam.B;QD.04;F4;SIM;1.0;24/06/2026;JUN;Renato de Castro;Sergio Mench do Prado;Rodrigo de Almeida;VALIDADO;
UBS I;GO;101.0;10.0;SOJA;11026760P1226;SOYTECH 745 I2X;—;;SOJA DEST STE O820 IPRO BG ST;C1;P1;BG;30.0;644.0;C1;644;30.0;Cam.B;QD.04;F3;SIM;1.0;24/06/2026;JUN;Renato de Castro;Sergio Mench do Prado;Rodrigo de Almeida;VALIDADO;
UBS I;GO;101.0;10.0;SOJA;11026760P2227;SOYTECH 745 I2X;—;;SOJA DEST STE O820 IPRO BG ST;C1;P2;BG;30.0;804.0;C1;804;30.0;Cam.B;QD.23;F3;SIM;1.0;24/06/2026;JUN;Renato de Castro;Sergio Mench do Prado;Rodrigo de Almeida;VALIDADO;
UBS I;GO;101.0;10.0;SOJA;11026760P1228;SOYTECH 745 I2X;—;;SOJA DEST STE O820 IPRO BG ST;C1;P1;BG;30.0;638.0;C1;638;30.0;Cam.B;QD.38;F3;SIM;1.0;24/06/2026;JUN;Renato de Castro;Sergio Mench do Prado;Rodrigo de Almeida;VALIDADO;
UBS I;GO;101.0;10.0;SOJA;11026760P2229;SOYTECH 745 I2X;—;;SOJA DEST STE O820 IPRO BG ST;C1;P2;BG;30.0;787.0;C1;787;30.0;Cam.B;QD.39;F3;SIM;1.0;24/06/2026;JUN;Renato de Castro;Sergio Mench do Prado;Rodrigo de Almeida;VALIDADO;
UBS I;GO;101.0;10.0;SOJA;11026760P2230;SOYTECH 745 I2X;—;;SOJA DEST STE O820 IPRO BG ST;C1;P2;BG;30.0;792.0;C1;792;30.0;Cam.B;QD.39;F1;SIM;1.0;24/06/2026;JUN;Renato de Castro;Sergio Mench do Prado;Rodrigo de Almeida;VALIDADO;
UBS I;GO;101.0;10.0;SOJA;11026760P1231;SOYTECH 745 I2X;—;;SOJA DEST STE O820 IPRO BG ST;C1;P1;BG;30.0;636.0;C1;636;30.0;Cam.B;QD.38;F4;SIM;1.0;24/06/2026;JUN;Renato de Castro;Sergio Mench do Prado;Rodrigo de Almeida;VALIDADO;
UBS I;GO;101.0;10.0;SOJA;11026760P2232;SOYTECH 745 I2X;—;;SOJA DEST STE O820 IPRO BG ST;C1;P2;BG;17.0;808.0;C1;808;17.0;Cam.B;QD.07;F4;SIM;1.0;24/06/2026;JUN;Renato de Castro;Sergio Mench do Prado;Rodrigo de Almeida;VALIDADO;
UBS I;GO;101.0;10.0;SOJA;11026756P1233;C2810CE;—;;SOJA DEST STE O820 IPRO BG ST;C1;P1;BG;30.0;730.0;C1;730;30.0;Cam.B;QD.40;F1;SIM;1.0;24/06/2026;JUN;Renato de Castro;Sergio Mench do Prado;Rodrigo de Almeida;VALIDADO;
UBS I;GO;101.0;10.0;SOJA;11026756P2234;C2810CE;—;;SOJA DEST STE O820 IPRO BG ST;C1;P2;BG;30.0;871.0;C1;871;30.0;Cam.B;QD.40;F3;SIM;1.0;24/06/2026;JUN;Renato de Castro;Sergio Mench do Prado;Rodrigo de Almeida;VALIDADO;
UBS I;GO;101.0;10.0;SOJA;11026756P1235;C2810CE;—;;SOJA DEST STE O820 IPRO BG ST;C1;P1;BG;30.0;734.0;C1;734;30.0;Cam.B;QD.40;F2;SIM;1.0;24/06/2026;JUN;Renato de Castro;Sergio Mench do Prado;Rodrigo de Almeida;VALIDADO;
UBS I;GO;101.0;10.0;SOJA;11026756P2236;C2810CE;—;;SOJA DEST STE O820 IPRO BG ST;C1;P2;BG;12.0;852.0;C1;852;12.0;Cam.B;QD.06;F2;SIM;1.0;24/06/2026;JUN;Renato de Castro;Sergio Mench do Prado;Rodrigo de Almeida;VALIDADO;
UBS I;GO;101.0;10.0;SOJA;11026714P2202;NEO790 IPRO;—;;SOJA DEST STE O820 IPRO BG ST;S1;P2;BG;30.0;909.0;S1;909;30.0;Cam.B;QD.12;F2;SIM;1.0;24/06/2026;JUN;Renato de Castro;Sergio Mench do Prado;Rodrigo de Almeida;VALIDADO;
UBS I;GO;101.0;10.0;SOJA;11026714P1203;NEO790 IPRO;—;;SOJA DEST STE O820 IPRO BG ST;S1;P1;BG;30.0;711.0;S1;711;30.0;Cam.B;QD.41;F1;SIM;1.0;24/06/2026;JUN;Renato de Castro;Sergio Mench do Prado;Rodrigo de Almeida;VALIDADO;
UBS I;GO;101.0;10.0;SOJA;11026714P2237;NEO790 IPRO;—;;SOJA DEST STE O820 IPRO BG ST;S1;P2;BG;30.0;900.0;S1;900;30.0;Cam.B;QD.42;F2;SIM;1.0;24/06/2026;JUN;Renato de Castro;Sergio Mench do Prado;Rodrigo de Almeida;VALIDADO;
UBS I;GO;101.0;10.0;SOJA;11026714P1238;NEO790 IPRO;—;;SOJA DEST STE O820 IPRO BG ST;S1;P1;BG;30.0;706.0;S1;706;30.0;Cam.B;QD.41;F2;SIM;1.0;24/06/2026;JUN;Renato de Castro;Sergio Mench do Prado;Rodrigo de Almeida;VALIDADO;
UBS I;GO;101.0;10.0;SOJA;11026714P2239;NEO790 IPRO;—;;SOJA DEST STE O820 IPRO BG ST;S1;P2;BG;30.0;898.0;S1;898;30.0;Cam.B;QD.42;F1;SIM;1.0;24/06/2026;JUN;Renato de Castro;Sergio Mench do Prado;Rodrigo de Almeida;VALIDADO;
UBS I;GO;101.0;10.0;SOJA;11026714P1240;NEO790 IPRO;—;;SOJA DEST STE O820 IPRO BG ST;S1;P1;BG;30.0;705.0;S1;705;30.0;Cam.B;QD.41;F3;SIM;1.0;24/06/2026;JUN;Renato de Castro;Sergio Mench do Prado;Rodrigo de Almeida;VALIDADO;
UBS I;GO;101.0;10.0;SOJA;11026714P2241;NEO790 IPRO;—;;SOJA DEST STE O820 IPRO BG ST;S1;P2;BG;27.0;927.0;S1;927;27.0;Cam.B;QD.14;F3;SIM;1.0;24/06/2026;JUN;Renato de Castro;Sergio Mench do Prado;Rodrigo de Almeida;VALIDADO;
UBS I;GO;101.0;10.0;SOJA;11026714P1242;NEO790 IPRO;—;;SOJA DEST STE O820 IPRO BG ST;S1;P1;BG;30.0;705.0;S1;705;30.0;Cam.B;QD.41;F4;SIM;1.0;24/06/2026;JUN;Renato de Castro;Sergio Mench do Prado;Rodrigo de Almeida;VALIDADO;
UBS I;GO;101.0;10.0;SOJA;11026714P2243;NEO790 IPRO;—;;SOJA DEST STE O820 IPRO BG ST;S1;P2;BG;30.0;904.0;S1;904;30.0;Cam.B;QD.42;F3;SIM;1.0;24/06/2026;JUN;Renato de Castro;Sergio Mench do Prado;Rodrigo de Almeida;VALIDADO;
UBS I;GO;101.0;10.0;SOJA;11026714P2244;NEO790 IPRO;—;;SOJA DEST STE O820 IPRO BG ST;S1;P2;BG;27.0;910.0;S1;910;27.0;Cam.B;QD.37;F1;SIM;1.0;24/06/2026;JUN;Renato de Castro;Sergio Mench do Prado;Rodrigo de Almeida;VALIDADO;
UBS I;GO;101.0;10.0;SOJA;11026714P1245;NEO790 IPRO;—;;SOJA DEST STE O820 IPRO BG ST;S1;P1;BG;30.0;711.0;S1;711;30.0;Cam.B;QD.36;F2;SIM;1.0;24/06/2026;JUN;Renato de Castro;Sergio Mench do Prado;Rodrigo de Almeida;VALIDADO;
UBS I;GO;101.0;10.0;SOJA;11026714P2246;NEO790 IPRO;—;;SOJA DEST STE O820 IPRO BG ST;S1;P2;BG;30.0;902.0;S1;902;30.0;Cam.B;QD.37;F3;SIM;1.0;24/06/2026;JUN;Renato de Castro;Sergio Mench do Prado;Rodrigo de Almeida;VALIDADO;
UBS I;GO;101.0;10.0;SOJA;11026714P2247;NEO790 IPRO;—;;SOJA DEST STE O820 IPRO BG ST;S1;P2;BG;30.0;899.0;S1;899;30.0;Cam.B;QD.12;F3;SIM;1.0;24/06/2026;JUN;Renato de Castro;Sergio Mench do Prado;Rodrigo de Almeida;VALIDADO;
UBS I;GO;101.0;10.0;SOJA;11026714P1248;NEO790 IPRO;—;;SOJA DEST STE O820 IPRO BG ST;S1;P1;BG;30.0;707.0;S1;707;30.0;Cam.B;QD.36;F1;SIM;1.0;24/06/2026;JUN;Renato de Castro;Sergio Mench do Prado;Rodrigo de Almeida;VALIDADO;
UBS I;GO;101.0;10.0;SOJA;11026714P2249;NEO790 IPRO;—;;SOJA DEST STE O820 IPRO BG ST;S1;P2;BG;27.0;917.0;S1;917;27.0;Cam.B;QD.37;F2;SIM;1.0;24/06/2026;JUN;Renato de Castro;Sergio Mench do Prado;Rodrigo de Almeida;VALIDADO;
UBS I;GO;101.0;10.0;SOJA;11026714P2250;NEO790 IPRO;—;;SOJA DEST STE O820 IPRO BG ST;S1;P2;BG;30.0;909.0;S1;909;30.0;Cam.B;QD.15;F3;SIM;1.0;24/06/2026;JUN;Renato de Castro;Sergio Mench do Prado;Rodrigo de Almeida;VALIDADO;
UBS I;GO;101.0;10.0;SOJA;11026714P1251;NEO790 IPRO;—;;SOJA DEST STE O820 IPRO BG ST;S1;P1;BG;30.0;701.0;S1;701;30.0;Cam.B;QD.36;F3;SIM;1.0;24/06/2026;JUN;Renato de Castro;Sergio Mench do Prado;Rodrigo de Almeida;VALIDADO;
UBS I;GO;101.0;10.0;SOJA;11026714P2252;NEO790 IPRO;—;;SOJA DEST STE O820 IPRO BG ST;S1;P2;BG;30.0;887.0;S1;887;30.0;Cam.B;QD.37;F4;SIM;1.0;24/06/2026;JUN;Renato de Castro;Sergio Mench do Prado;Rodrigo de Almeida;VALIDADO;
UBS I;GO;101.0;10.0;SOJA;11026714P1253;NEO790 IPRO;—;;SOJA DEST STE O820 IPRO BG ST;S1;P1;BG;30.0;700.0;S1;700;30.0;Cam.B;QD.36;F4;SIM;1.0;24/06/2026;JUN;Renato de Castro;Sergio Mench do Prado;Rodrigo de Almeida;VALIDADO;
UBS I;GO;101.0;10.0;SOJA;11026714P2254;NEO790 IPRO;—;;SOJA DEST STE O820 IPRO BG ST;S1;P2;BG;30.0;904.0;S1;904;30.0;Cam.B;QD.35;F3;SIM;1.0;24/06/2026;JUN;Renato de Castro;Sergio Mench do Prado;Rodrigo de Almeida;VALIDADO;
UBS I;GO;101.0;10.0;SOJA;11026714P2255;NEO790 IPRO;—;;SOJA DEST STE O820 IPRO BG ST;S1;P2;BG;27.0;920.0;S1;920;27.0;Cam.B;QD.35;F1;SIM;1.0;24/06/2026;JUN;Renato de Castro;Sergio Mench do Prado;Rodrigo de Almeida;VALIDADO;
UBS I;GO;101.0;10.0;SOJA;11026714P1256;NEO790 IPRO;—;;SOJA DEST STE O820 IPRO BG ST;S1;P1;BG;30.0;708.0;S1;708;30.0;Cam.B;QD.34;F4;SIM;1.0;24/06/2026;JUN;Renato de Castro;Sergio Mench do Prado;Rodrigo de Almeida;VALIDADO;
UBS I;GO;101.0;10.0;SOJA;11026714P2257;NEO790 IPRO;—;;SOJA DEST STE O820 IPRO BG ST;S1;P2;BG;30.0;894.0;S1;894;30.0;Cam.B;QD.35;F2;SIM;1.0;24/06/2026;JUN;Renato de Castro;Sergio Mench do Prado;Rodrigo de Almeida;VALIDADO;
UBS I;GO;101.0;10.0;SOJA;11026714P2258;NEO790 IPRO;—;;SOJA DEST STE O820 IPRO BG ST;S1;P2;BG;30.0;903.0;S1;903;30.0;Cam.B;QD.35;F4;SIM;1.0;24/06/2026;JUN;Renato de Castro;Sergio Mench do Prado;Rodrigo de Almeida;VALIDADO;
UBS I;GO;101.0;10.0;SOJA;11026714P1259;NEO790 IPRO;—;;SOJA DEST STE O820 IPRO BG ST;S1;P1;BG;30.0;702.0;S1;702;30.0;Cam.B;QD.34;F2;SIM;1.0;24/06/2026;JUN;Renato de Castro;Sergio Mench do Prado;Rodrigo de Almeida;VALIDADO;
UBS I;GO;101.0;10.0;SOJA;11026714P2260;NEO790 IPRO;—;;SOJA DEST STE O820 IPRO BG ST;S1;P2;BG;27.0;918.0;S1;918;27.0;Cam.B;QD.33;F2;SIM;1.0;24/06/2026;JUN;Renato de Castro;Sergio Mench do Prado;Rodrigo de Almeida;VALIDADO;
UBS I;GO;101.0;10.0;SOJA;11026714P1261;NEO790 IPRO;—;;SOJA DEST STE O820 IPRO BG ST;S1;P1;BG;30.0;692.0;S1;692;30.0;Cam.B;QD.34;F1;SIM;1.0;24/06/2026;JUN;Renato de Castro;Sergio Mench do Prado;Rodrigo de Almeida;VALIDADO;
UBS I;GO;101.0;10.0;SOJA;11026714P2262;NEO790 IPRO;—;;SOJA DEST STE O820 IPRO BG ST;S1;P2;BG;30.0;884.0;S1;884;30.0;Cam.B;QD.33;F1;SIM;1.0;24/06/2026;JUN;Renato de Castro;Sergio Mench do Prado;Rodrigo de Almeida;VALIDADO;
UBS I;GO;101.0;10.0;SOJA;11026714P1263;NEO790 IPRO;—;;SOJA DEST STE O820 IPRO BG ST;S1;P1;BG;30.0;705.0;S1;705;30.0;Cam.B;QD.34;F3;SIM;1.0;24/06/2026;JUN;Renato de Castro;Sergio Mench do Prado;Rodrigo de Almeida;VALIDADO;
UBS I;GO;101.0;10.0;SOJA;11026714P2264;NEO790 IPRO;—;;SOJA DEST STE O820 IPRO BG ST;S1;P2;BG;30.0;901.0;S1;901;30.0;Cam.B;QD.33;F3;SIM;1.0;24/06/2026;JUN;Renato de Castro;Sergio Mench do Prado;Rodrigo de Almeida;VALIDADO;
UBS I;GO;101.0;10.0;SOJA;11026714P2265;NEO790 IPRO;—;;SOJA DEST STE O820 IPRO BG ST;S1;P2;BG;30.0;896.0;S1;896;30.0;Cam.B;QD.33;F4;SIM;1.0;24/06/2026;JUN;Renato de Castro;Sergio Mench do Prado;Rodrigo de Almeida;VALIDADO;
UBS I;GO;101.0;10.0;SOJA;11026714P1266;NEO790 IPRO;—;;SOJA DEST STE O820 IPRO BG ST;S1;P1;BG;29.0;710.0;S1;710;29.0;Cam.B;QD.11;F1;SIM;1.0;24/06/2026;JUN;Renato de Castro;Sergio Mench do Prado;Rodrigo de Almeida;VALIDADO;
UBS I;GO;101.0;10.0;SOJA;11026714P2267;NEO790 IPRO;—;;SOJA DEST STE O820 IPRO BG ST;S1;P2;BG;24.0;925.0;S1;925;24.0;Cam.B;QD.14;F2;SIM;1.0;24/06/2026;JUN;Renato de Castro;Sergio Mench do Prado;Rodrigo de Almeida;VALIDADO;
UBS I;GO;101.0;10.0;SOJA;11026273P1268;NEO800 I2X;—;;SOJA DEST STE O820 IPRO BG ST;S1;P1;BG;30.0;629.0;S1;629;30.0;Cam.B;QD.22;F1;SIM;1.0;24/06/2026;JUN;Renato de Castro;Sergio Mench do Prado;Rodrigo de Almeida;VALIDADO;
UBS I;GO;101.0;10.0;SOJA;11026273P2269;NEO800 I2X;—;;SOJA DEST STE O820 IPRO BG ST;S1;P2;BG;30.0;814.0;S1;814;30.0;Cam.B;QD.32;F3;SIM;1.0;24/06/2026;JUN;Renato de Castro;Sergio Mench do Prado;Rodrigo de Almeida;VALIDADO;
UBS I;GO;101.0;10.0;SOJA;11026273P1270;NEO800 I2X;—;;SOJA DEST STE O820 IPRO BG ST;S1;P1;BG;30.0;651.0;S1;651;30.0;Cam.B;QD.22;F2;SIM;1.0;24/06/2026;JUN;Renato de Castro;Sergio Mench do Prado;Rodrigo de Almeida;VALIDADO;
UBS I;GO;101.0;10.0;SOJA;11026273P2271;NEO800 I2X;—;;SOJA DEST STE O820 IPRO BG ST;S1;P2;BG;30.0;834.0;S1;834;30.0;Cam.B;QD.32;F1;SIM;1.0;24/06/2026;JUN;Renato de Castro;Sergio Mench do Prado;Rodrigo de Almeida;VALIDADO;
UBS I;GO;101.0;10.0;SOJA;11026273P1272;NEO800 I2X;—;;SOJA DEST STE O820 IPRO BG ST;S1;P1;BG;30.0;628.0;S1;628;30.0;Cam.B;QD.31;F3;SIM;1.0;24/06/2026;JUN;Renato de Castro;Sergio Mench do Prado;Rodrigo de Almeida;VALIDADO;
UBS I;GO;101.0;10.0;SOJA;11026273P2273;NEO800 I2X;—;;SOJA DEST STE O820 IPRO BG ST;S1;P2;BG;30.0;828.0;S1;828;30.0;Cam.B;QD.31;F1;SIM;1.0;24/06/2026;JUN;Renato de Castro;Sergio Mench do Prado;Rodrigo de Almeida;VALIDADO;
UBS I;GO;101.0;10.0;SOJA;11026273P1274;NEO800 I2X;—;;SOJA DEST STE O820 IPRO BG ST;S1;P1;BG;30.0;649.0;S1;649;30.0;Cam.B;QD.25;F3;SIM;1.0;24/06/2026;JUN;Renato de Castro;Sergio Mench do Prado;Rodrigo de Almeida;VALIDADO;
UBS I;GO;101.0;10.0;SOJA;11026273P2275;NEO800 I2X;—;;SOJA DEST STE O820 IPRO BG ST;S1;P2;BG;30.0;862.0;S1;862;30.0;Cam.B;QD.32;F2;SIM;1.0;24/06/2026;JUN;Renato de Castro;Sergio Mench do Prado;Rodrigo de Almeida;VALIDADO;
UBS I;GO;101.0;10.0;SOJA;11026273P1276;NEO800 I2X;—;;SOJA DEST STE O820 IPRO BG ST;S1;P1;BG;30.0;664.0;S1;664;30.0;Cam.B;QD.21;F2;SIM;1.0;24/06/2026;JUN;Renato de Castro;Sergio Mench do Prado;Rodrigo de Almeida;VALIDADO;
UBS I;GO;101.0;10.0;SOJA;11026273P2277;NEO800 I2X;—;;SOJA DEST STE O820 IPRO BG ST;S1;P2;BG;30.0;852.0;S1;852;30.0;Cam.B;QD.31;F2;SIM;1.0;24/06/2026;JUN;Renato de Castro;Sergio Mench do Prado;Rodrigo de Almeida;VALIDADO;
UBS I;GO;101.0;10.0;SOJA;11026273P1278;NEO800 I2X;—;;SOJA DEST STE O820 IPRO BG ST;S1;P1;BG;30.0;645.0;S1;645;30.0;Cam.B;QD.21;F1;SIM;1.0;24/06/2026;JUN;Renato de Castro;Sergio Mench do Prado;Rodrigo de Almeida;VALIDADO;
UBS I;GO;101.0;10.0;SOJA;11026273P2279;NEO800 I2X;—;;SOJA DEST STE O820 IPRO BG ST;S1;P2;BG;30.0;835.0;S1;835;30.0;Cam.B;QD.32;F4;SIM;1.0;24/06/2026;JUN;Renato de Castro;Sergio Mench do Prado;Rodrigo de Almeida;VALIDADO;
UBS I;GO;101.0;10.0;SOJA;11026273P2280;NEO800 I2X;—;;SOJA DEST STE O820 IPRO BG ST;S1;P2;BG;30.0;826.0;S1;826;30.0;Cam.B;QD.10;F3;SIM;1.0;24/06/2026;JUN;Renato de Castro;Sergio Mench do Prado;Rodrigo de Almeida;VALIDADO;
UBS I;GO;101.0;10.0;SOJA;11026757P1282;NEO780 CE;—;;SOJA DEST STE O820 IPRO BG ST;C1;P1;BG;30.0;729.0;C1;729;30.0;Cam.B;QD.30;F1;SIM;1.0;24/06/2026;JUN;Renato de Castro;Sergio Mench do Prado;Rodrigo de Almeida;VALIDADO;
UBS I;GO;101.0;10.0;SOJA;11026757P2283;NEO780 CE;—;;SOJA DEST STE O820 IPRO BG ST;C1;P2;BG;30.0;929.0;C1;929;30.0;Cam.B;QD.29;F3;SIM;1.0;24/06/2026;JUN;Renato de Castro;Sergio Mench do Prado;Rodrigo de Almeida;VALIDADO;
UBS I;GO;101.0;10.0;SOJA;11026757P2284;NEO780 CE;—;;SOJA DEST STE O820 IPRO BG ST;C1;P2;BG;30.0;913.0;C1;913;30.0;Cam.B;QD.29;F1;SIM;1.0;24/06/2026;JUN;Renato de Castro;Sergio Mench do Prado;Rodrigo de Almeida;VALIDADO;
UBS I;GO;101.0;10.0;SOJA;11026757P1285;NEO780 CE;—;;SOJA DEST STE O820 IPRO BG ST;C1;P1;BG;30.0;760.0;C1;760;30.0;Cam.B;QD.30;F2;SIM;1.0;24/06/2026;JUN;Renato de Castro;Sergio Mench do Prado;Rodrigo de Almeida;VALIDADO;
UBS I;GO;101.0;10.0;SOJA;11026757P1286;NEO780 CE;—;;SOJA DEST STE O820 IPRO BG ST;C1;P1;BG;30.0;740.0;C1;740;30.0;Cam.B;QD.30;F3;SIM;1.0;24/06/2026;JUN;Renato de Castro;Sergio Mench do Prado;Rodrigo de Almeida;VALIDADO;
UBS I;GO;101.0;10.0;SOJA;11026757P2287;NEO780 CE;—;;SOJA DEST STE O820 IPRO BG ST;C1;P2;BG;30.0;900.0;C1;900;30.0;Cam.B;QD.29;F2;SIM;1.0;24/06/2026;JUN;Renato de Castro;Sergio Mench do Prado;Rodrigo de Almeida;VALIDADO;
UBS I;GO;101.0;10.0;SOJA;11026757P1288;NEO780 CE;—;;SOJA DEST STE O820 IPRO BG ST;C1;P1;BG;6.0;733.0;C1;733;6.0;Cam.B;QD.05;F3;SIM;1.0;24/06/2026;JUN;Renato de Castro;Sergio Mench do Prado;Rodrigo de Almeida;VALIDADO;
UBS I;GO;101.0;10.0;SOJA;11026764P2289;NEO791 CE;—;;SOJA DEST STE O820 IPRO BG ST;C1;P2;BG;30.0;712.0;C1;712;30.0;Cam.B;QD.18;F1;SIM;1.0;24/06/2026;JUN;Renato de Castro;Sergio Mench do Prado;Rodrigo de Almeida;VALIDADO;
UBS I;GO;101.0;10.0;SOJA;11026764P2291;NEO791 CE;—;;SOJA DEST STE O820 IPRO BG ST;C1;P2;BG;30.0;720.0;C1;720;30.0;Cam.B;QD.18;F2;SIM;1.0;24/06/2026;JUN;Renato de Castro;Sergio Mench do Prado;Rodrigo de Almeida;VALIDADO;
UBS I;GO;101.0;10.0;SOJA;11026764P1290;NEO791 CE;—;;SOJA DEST STE O820 IPRO BG ST;C1;P1;BG;30.0;583.0;C1;583;30.0;Cam.B;QD.20;F1;SIM;1.0;24/06/2026;JUN;Renato de Castro;Sergio Mench do Prado;Rodrigo de Almeida;VALIDADO;
UBS I;GO;101.0;10.0;SOJA;11026764P2292;NEO791 CE;—;;SOJA DEST STE O820 IPRO BG ST;C1;P2;BG;30.0;770.0;C1;770;30.0;Cam.B;QD.18;F3;SIM;1.0;24/06/2026;JUN;Renato de Castro;Sergio Mench do Prado;Rodrigo de Almeida;VALIDADO;
UBS I;GO;101.0;10.0;SOJA;11026764P2293;NEO791 CE;—;;SOJA DEST STE O820 IPRO BG ST;C1;P2;BG;30.0;718.0;C1;718;30.0;Cam.B;QD.18;F4;SIM;1.0;24/06/2026;JUN;Renato de Castro;Sergio Mench do Prado;Rodrigo de Almeida;VALIDADO;
UBS I;GO;101.0;10.0;SOJA;11026764P1294;NEO791 CE;—;;SOJA DEST STE O820 IPRO BG ST;C1;P1;BG;30.0;544.0;C1;544;30.0;Cam.B;QD.20;F2;SIM;1.0;24/06/2026;JUN;Renato de Castro;Sergio Mench do Prado;Rodrigo de Almeida;VALIDADO;
UBS I;GO;101.0;10.0;SOJA;11026764P2295;NEO791 CE;—;;SOJA DEST STE O820 IPRO BG ST;C1;P2;BG;30.0;720.0;C1;720;30.0;Cam.B;QD.19;F2;SIM;1.0;24/06/2026;JUN;Renato de Castro;Sergio Mench do Prado;Rodrigo de Almeida;VALIDADO;
UBS I;GO;101.0;10.0;SOJA;11026764P2296;NEO791 CE;—;;SOJA DEST STE O820 IPRO BG ST;C1;P2;BG;30.0;717.0;C1;717;30.0;Cam.B;QD.19;F3;SIM;1.0;24/06/2026;JUN;Renato de Castro;Sergio Mench do Prado;Rodrigo de Almeida;VALIDADO;
UBS I;GO;101.0;10.0;SOJA;11026764P2297;NEO791 CE;—;;SOJA DEST STE O820 IPRO BG ST;C1;P2;BG;30.0;725.0;C1;725;30.0;Cam.B;QD.19;F1;SIM;1.0;24/06/2026;JUN;Renato de Castro;Sergio Mench do Prado;Rodrigo de Almeida;VALIDADO;
UBS I;GO;101.0;10.0;SOJA;11026764P2298;NEO791 CE;—;;SOJA DEST STE O820 IPRO BG ST;C1;P2;BG;18.0;723.0;C1;723;18.0;Cam.B;QD.06;F1;SIM;1.0;24/06/2026;JUN;Renato de Castro;Sergio Mench do Prado;Rodrigo de Almeida;VALIDADO;
UBS I;GO;101.0;10.0;SOJA;11026764P1299;NEO791 CE;—;;SOJA DEST STE O820 IPRO BG ST;C1;P1;BG;9.0;553.0;C1;553;9.0;Cam.B;QD.05;F2;SIM;1.0;24/06/2026;JUN;Renato de Castro;Sergio Mench do Prado;Rodrigo de Almeida;VALIDADO;
UBS I;GO;101.0;10.0;SOJA;11026714P2300;NEO790 IPRO;—;;SOJA DEST STE O820 IPRO BG ST;S1;P2;BG;30.0;906.0;S1;906;30.0;Cam.B;QD.20;F4;SIM;1.0;24/06/2026;JUN;Renato de Castro;Sergio Mench do Prado;Rodrigo de Almeida;VALIDADO;
UBS I;GO;101.0;10.0;SOJA;11026714P1301;NEO790 IPRO;—;;SOJA DEST STE O820 IPRO BG ST;S1;P1;BG;30.0;702.0;S1;702;30.0;Cam.B;QD.19;F4;SIM;1.0;24/06/2026;JUN;Renato de Castro;Sergio Mench do Prado;Rodrigo de Almeida;VALIDADO;
UBS I;GO;101.0;10.0;SOJA;11026714P2302;NEO790 IPRO;—;;SOJA DEST STE O820 IPRO BG ST;S1;P2;BG;27.0;936.0;S1;936;27.0;Cam.B;QD.20;F3;SIM;1.0;24/06/2026;JUN;Renato de Castro;Sergio Mench do Prado;Rodrigo de Almeida;VALIDADO;
UBS I;GO;101.0;10.0;SOJA;11026714P2303;NEO790 IPRO;—;;SOJA DEST STE O820 IPRO BG ST;S1;P2;BG;14.0;920.0;S1;920;14.0;Cam.B;QD.07;F1;SIM;1.0;24/06/2026;JUN;Renato de Castro;Sergio Mench do Prado;Rodrigo de Almeida;VALIDADO;
UBS I;GO;101.0;10.0;SOJA;11026714P1304;NEO790 IPRO;—;;SOJA DEST STE O820 IPRO BG ST;S1;P1;BG;8.0;715.0;S1;715;8.0;Cam.B;QD.05;F5;SIM;1.0;24/06/2026;JUN;Renato de Castro;Sergio Mench do Prado;Rodrigo de Almeida;VALIDADO;
UBS I;GO;101.0;10.0;SOJA;11026273P1281;NEO800 I2X;—;;SOJA DEST STE O820 IPRO BG ST;S1;P1;BG;30.0;652.0;S1;652;30.0;Cam.B;QD.08;F1;SIM;1.0;24/06/2026;JUN;Renato de Castro;Sergio Mench do Prado;Rodrigo de Almeida;VALIDADO;
UBS I;GO;101.0;10.0;SOJA;11026273P2305;NEO800 I2X;—;;SOJA DEST STE O820 IPRO BG ST;S1;P2;BG;30.0;837.0;S1;837;30.0;Cam.B;QD.09;F2;SIM;1.0;24/06/2026;JUN;Renato de Castro;Sergio Mench do Prado;Rodrigo de Almeida;VALIDADO;
UBS I;GO;101.0;10.0;SOJA;11026273P1306;NEO800 I2X;—;;SOJA DEST STE O820 IPRO BG ST;S1;P1;BG;30.0;660.0;S1;660;30.0;Cam.B;QD.08;F2;SIM;1.0;24/06/2026;JUN;Renato de Castro;Sergio Mench do Prado;Rodrigo de Almeida;VALIDADO;
UBS I;GO;101.0;10.0;SOJA;11026273P2307;NEO800 I2X;—;;SOJA DEST STE O820 IPRO BG ST;S1;P2;BG;30.0;833.0;S1;833;30.0;Cam.B;QD.10;F2;SIM;1.0;24/06/2026;JUN;Renato de Castro;Sergio Mench do Prado;Rodrigo de Almeida;VALIDADO;
UBS I;GO;101.0;10.0;SOJA;11026273P1308;NEO800 I2X;—;;SOJA DEST STE O820 IPRO BG ST;S1;P1;BG;30.0;645.0;S1;645;30.0;Cam.B;QD.08;F3;SIM;1.0;24/06/2026;JUN;Renato de Castro;Sergio Mench do Prado;Rodrigo de Almeida;VALIDADO;
UBS I;GO;101.0;10.0;SOJA;11026273P2309;NEO800 I2X;—;;SOJA DEST STE O820 IPRO BG ST;S1;P2;BG;30.0;833.0;S1;833;30.0;Cam.C;QD.21;F3;SIM;1.0;24/06/2026;JUN;Renato de Castro;Sergio Mench do Prado;Rodrigo de Almeida;VALIDADO;
UBS I;GO;101.0;10.0;SOJA;11026273P2310;NEO800 I2X;—;;SOJA DEST STE O820 IPRO BG ST;S1;P2;BG;30.0;824.0;S1;824;30.0;Cam.B;QD.09;F1;SIM;1.0;24/06/2026;JUN;Renato de Castro;Sergio Mench do Prado;Rodrigo de Almeida;VALIDADO;
UBS I;GO;101.0;10.0;SOJA;11026273P1311;NEO800 I2X;—;;SOJA DEST STE O820 IPRO BG ST;S1;P1;BG;30.0;628.0;S1;628;30.0;Cam.C;QD.12;F3;SIM;1.0;24/06/2026;JUN;Renato de Castro;Sergio Mench do Prado;Rodrigo de Almeida;VALIDADO;
UBS I;GO;101.0;10.0;SOJA;11026273P1312;NEO800 I2X;—;;SOJA DEST STE O820 IPRO BG ST;S1;P1;BG;30.0;635.0;S1;635;30.0;Cam.C;QD.12;F2;SIM;1.0;24/06/2026;JUN;Renato de Castro;Sergio Mench do Prado;Rodrigo de Almeida;VALIDADO;
UBS I;GO;101.0;10.0;SOJA;11026273P2313;NEO800 I2X;—;;SOJA DEST STE O820 IPRO BG ST;S1;P2;BG;30.0;827.0;S1;827;30.0;Cam.C;QD.21;F2;SIM;1.0;24/06/2026;JUN;Renato de Castro;Sergio Mench do Prado;Rodrigo de Almeida;VALIDADO;
UBS I;GO;101.0;10.0;SOJA;11026273P2314;NEO800 I2X;—;;SOJA DEST STE O820 IPRO BG ST;S1;P2;BG;30.0;835.0;S1;835;30.0;Cam.B;QD.09;F3;SIM;1.0;24/06/2026;JUN;Renato de Castro;Sergio Mench do Prado;Rodrigo de Almeida;VALIDADO;
UBS I;GO;101.0;10.0;SOJA;11026273P1315;NEO800 I2X;—;;SOJA DEST STE O820 IPRO BG ST;S1;P1;BG;30.0;648.0;S1;648;30.0;Cam.C;QD.12;F1;SIM;1.0;24/06/2026;JUN;Renato de Castro;Sergio Mench do Prado;Rodrigo de Almeida;VALIDADO;
UBS I;GO;101.0;10.0;SOJA;11026273P2316;NEO800 I2X;—;;SOJA DEST STE O820 IPRO BG ST;S1;P2;BG;30.0;828.0;S1;828;30.0;Cam.C;QD.36;F2;SIM;1.0;24/06/2026;JUN;Renato de Castro;Sergio Mench do Prado;Rodrigo de Almeida;VALIDADO;
UBS I;GO;101.0;10.0;SOJA;11026273P1317;NEO800 I2X;—;;SOJA DEST STE O820 IPRO BG ST;S1;P1;BG;30.0;641.0;S1;641;30.0;Cam.C;QD.21;F4;SIM;1.0;24/06/2026;JUN;Renato de Castro;Sergio Mench do Prado;Rodrigo de Almeida;VALIDADO;
UBS I;GO;101.0;10.0;SOJA;11026273P2318;NEO800 I2X;—;;SOJA DEST STE O820 IPRO BG ST;S1;P2;BG;30.0;840.0;S1;840;30.0;Cam.C;QD.36;F3;SIM;1.0;24/06/2026;JUN;Renato de Castro;Sergio Mench do Prado;Rodrigo de Almeida;VALIDADO;
UBS I;GO;101.0;10.0;SOJA;11026273P2319;NEO800 I2X;—;;SOJA DEST STE O820 IPRO BG ST;S1;P2;BG;18.0;836.0;S1;836;18.0;Cam.B;QD.06;F3;SIM;1.0;24/06/2026;JUN;Renato de Castro;Sergio Mench do Prado;Rodrigo de Almeida;VALIDADO;
UBS I;GO;101.0;10.0;SOJA;11026273P1320;NEO800 I2X;—;;SOJA DEST STE O820 IPRO BG ST;S1;P1;BG;10.0;652.0;S1;652;10.0;Cam.B;QD.05;F1;SIM;1.0;24/06/2026;JUN;Renato de Castro;Sergio Mench do Prado;Rodrigo de Almeida;VALIDADO;
UBS I;GO;101.0;10.0;SOJA;11026739P2321;NEO700 I2X;—;;SOJA DEST STE O820 IPRO BG ST;C2;P2;BG;27.0;988.0;C2;988;27.0;Cam.C;QD.17;F3;SIM;1.0;24/06/2026;JUN;Renato de Castro;Sergio Mench do Prado;Rodrigo de Almeida;VALIDADO;
UBS I;GO;101.0;10.0;SOJA;11026739P1322;NEO700 I2X;—;;SOJA DEST STE O820 IPRO BG ST;C2;P1;BG;30.0;824.0;C2;824;30.0;Cam.C;QD.11;F1;SIM;1.0;24/06/2026;JUN;Renato de Castro;Sergio Mench do Prado;Rodrigo de Almeida;VALIDADO;
UBS I;GO;101.0;10.0;SOJA;11026739P2323;NEO700 I2X;—;;SOJA DEST STE O820 IPRO BG ST;C2;P2;BG;27.0;977.0;C2;977;27.0;Cam.C;QD.11;F2;SIM;1.0;24/06/2026;JUN;Renato de Castro;Sergio Mench do Prado;Rodrigo de Almeida;VALIDADO;
UBS I;GO;101.0;10.0;SOJA;11026739P1324;NEO700 I2X;—;;SOJA DEST STE O820 IPRO BG ST;C2;P1;BG;30.0;818.0;C2;818;30.0;Cam.C;QD.10;F1;SIM;1.0;24/06/2026;JUN;Renato de Castro;Sergio Mench do Prado;Rodrigo de Almeida;VALIDADO;
UBS I;GO;101.0;10.0;SOJA;11026739P2325;NEO700 I2X;—;;SOJA DEST STE O820 IPRO BG ST;C2;P2;BG;27.0;986.0;C2;986;27.0;Cam.C;QD.11;F3;SIM;1.0;24/06/2026;JUN;Renato de Castro;Sergio Mench do Prado;Rodrigo de Almeida;VALIDADO;
UBS I;GO;101.0;10.0;SOJA;11026739P2326;NEO700 I2X;—;;SOJA DEST STE O820 IPRO BG ST;C2;P2;BG;27.0;983.0;C2;983;27.0;Cam.C;QD.10;F2;SIM;1.0;24/06/2026;JUN;Renato de Castro;Sergio Mench do Prado;Rodrigo de Almeida;VALIDADO;
UBS I;GO;101.0;10.0;SOJA;11026739P2327;NEO700 I2X;—;;SOJA DEST STE O820 IPRO BG ST;C2;P2;BG;27.0;968.0;C2;968;27.0;Cam.C;QD.10;F3;SIM;1.0;24/06/2026;JUN;Renato de Castro;Sergio Mench do Prado;Rodrigo de Almeida;VALIDADO;
UBS I;GO;101.0;10.0;SOJA;11026739P1328;NEO700 I2X;—;;SOJA DEST STE O820 IPRO BG ST;C2;P1;BG;30.0;827.0;C2;827;30.0;Cam.C;QD.13;F1;SIM;1.0;24/06/2026;JUN;Renato de Castro;Sergio Mench do Prado;Rodrigo de Almeida;VALIDADO;
UBS I;GO;101.0;10.0;SOJA;11026739P1329;NEO700 I2X;—;;SOJA DEST STE O820 IPRO BG ST;C2;P1;BG;30.0;822.0;C2;822;30.0;Cam.C;QD.13;F2;SIM;1.0;24/06/2026;JUN;Renato de Castro;Sergio Mench do Prado;Rodrigo de Almeida;VALIDADO;
UBS I;GO;101.0;10.0;SOJA;11026739P2330;NEO700 I2X;—;;SOJA DEST STE O820 IPRO BG ST;S2;P2;BG;27.0;955.0;S2;955;27.0;Cam.C;QD.28;F3;SIM;1.0;24/06/2026;JUN;Renato de Castro;Sergio Mench do Prado;Rodrigo de Almeida;VALIDADO;
UBS I;GO;101.0;10.0;SOJA;11026739P2331;NEO700 I2X;—;;SOJA DEST STE O820 IPRO BG ST;S2;P2;BG;27.0;939.0;S2;939;27.0;Cam.C;QD.17;F2;SIM;1.0;24/06/2026;JUN;Renato de Castro;Sergio Mench do Prado;Rodrigo de Almeida;VALIDADO;
UBS I;GO;101.0;10.0;SOJA;11026739P1332;NEO700 I2X;—;;SOJA DEST STE O820 IPRO BG ST;S2 ;P1;BG;20.0;828.0;S2 ;828;20.0;Cam.C;QD.14;F1;SIM;1.0;24/06/2026;JUN;Renato de Castro;Sergio Mench do Prado;Rodrigo de Almeida;VALIDADO;
UBS I;GO;101.0;10.0;SOJA;11026739P2333;NEO700 I2X;—;;SOJA DEST STE O820 IPRO BG ST;S2;P2;BG;27.0;970.0;S2;970;27.0;Cam.C;QD.28;F2;SIM;1.0;24/06/2026;JUN;Renato de Castro;Sergio Mench do Prado;Rodrigo de Almeida;VALIDADO;
UBS I;GO;101.0;10.0;SOJA;11026739P2334;NEO700 I2X;—;;SOJA DEST STE O820 IPRO BG ST;S2;P2;BG;27.0;985.0;S2;985;27.0;Cam.C;QD.13;F3;SIM;1.0;24/06/2026;JUN;Renato de Castro;Sergio Mench do Prado;Rodrigo de Almeida;VALIDADO;
UBS I;GO;101.0;10.0;SOJA;11026739P2335;NEO700 I2X;—;;SOJA DEST STE O820 IPRO BG ST;S2;P2;BG;16.0;989.0;S2;989;16.0;Cam.C;QD.26;F4;SIM;1.0;24/06/2026;JUN;Renato de Castro;Sergio Mench do Prado;Rodrigo de Almeida;VALIDADO;
UBS I;GO;101.0;10.0;SOJA;11026755P1336;M 7535 I2X;—;;SOJA DEST STE O820 IPRO BG ST;C1;P1;BG;30.0;752.0;C1;752;30.0;Cam.C;QD.16;F1;SIM;1.0;24/06/2026;JUN;Renato de Castro;Sergio Mench do Prado;Rodrigo de Almeida;VALIDADO;
UBS I;GO;101.0;10.0;SOJA;11026755P2337;M 7535 I2X;—;;SOJA DEST STE O820 IPRO BG ST;C1;P2;BG;30.0;888.0;C1;888;30.0;Cam.C;QD.16;F3;SIM;1.0;24/06/2026;JUN;Renato de Castro;Sergio Mench do Prado;Rodrigo de Almeida;VALIDADO;
UBS I;GO;101.0;10.0;SOJA;11026755P2338;M 7535 I2X;—;;SOJA DEST STE O820 IPRO BG ST;C1;P2;BG;30.0;889.0;C1;889;30.0;Cam.C;QD.16;F2;SIM;1.0;24/06/2026;JUN;Renato de Castro;Sergio Mench do Prado;Rodrigo de Almeida;VALIDADO;
UBS I;GO;101.0;10.0;SOJA;11026755P1339;M 7535 I2X;—;;SOJA DEST STE O820 IPRO BG ST;C1;P1;BG;8.0;746.0;C1;746;8.0;Cam.C;QD.04;F1;SIM;1.0;24/06/2026;JUN;Renato de Castro;Sergio Mench do Prado;Rodrigo de Almeida;VALIDADO;
UBS I;GO;101.0;10.0;SOJA;11026755P2340;M 7535 I2X;—;;SOJA DEST STE O820 IPRO BG ST;C1;P2;BG;10.0;878.0;C1;878;10.0;Cam.C;QD.04;F2;SIM;1.0;24/06/2026;JUN;Renato de Castro;Sergio Mench do Prado;Rodrigo de Almeida;VALIDADO;
UBS I;GO;101.0;10.0;SOJA;11026715P2159;NEO761 I2X;—;;SOJA DEST STE O820 IPRO BG ST;S2;P2;BG;24.0;1062.0;S2;1062;24.0;Cam.A;QD.24;F1;SIM;1.0;24/06/2026;JUN;Renato de Castro;Sergio Mench do Prado;Rodrigo de Almeida;VALIDADO;
LPCO;GO;101.0;11.0;SOJA;11728P2005;6930I2X;—;;SOJA DEST STE O820 IPRO BG ST;C2;P2;BG;24.0;1010.0;C2;1010;24.0;Cam.A;QD.36;F6;SIM;1.0;25/06/2026;JUN;Renato de Castro;Joselia Soares da Silva;Lucas Lima;VALIDADO;
LPCO;GO;101.0;11.0;SOJA;11728P1004;6930I2X;—;;SOJA DEST STE O820 IPRO BG ST;C2;P1;BG;30.0;812.0;C2;812;30.0;Cam.A;QD.35;F5;SIM;1.0;25/06/2026;JUN;Renato de Castro;Joselia Soares da Silva;Lucas Lima;VALIDADO;
LPCO;GO;101.0;11.0;SOJA;11728P1003;6930I2X;—;;SOJA DEST STE O820 IPRO BG ST;C2;P1;BG;30.0;828.0;C2;828;30.0;Cam.A;QD.35;F6;SIM;1.0;25/06/2026;JUN;Renato de Castro;Joselia Soares da Silva;Lucas Lima;VALIDADO;
LPCO;GO;101.0;11.0;SOJA;11728P2002;6930I2X;—;;SOJA DEST STE O820 IPRO BG ST;C2;P2;BG;24.0;1035.0;C2;1035;24.0;Cam.A;QD.36;F7;SIM;1.0;25/06/2026;JUN;Renato de Castro;Joselia Soares da Silva;Lucas Lima;VALIDADO;
LPCO;GO;101.0;11.0;SOJA;11728P1001;6930I2X;—;;SOJA DEST STE O820 IPRO BG ST;C2;P1;BG;30.0;835.0;C2;835;30.0;Cam.A;QD.35;F7;SIM;1.0;25/06/2026;JUN;Renato de Castro;Joselia Soares da Silva;Lucas Lima;VALIDADO;
LPCO;GO;101.0;11.0;SOJA;11149P1616;NEO680 IPRO;—;;SOJA DEST STE O820 IPRO BG ST;S2;P1;BG;30.0;765.0;S2;765;30.0;Cam.A;QD.49;F6;SIM;1.0;25/06/2026;JUN;Renato de Castro;Joselia Soares da Silva;Lucas Lima;VALIDADO;
LPCO;GO;101.0;11.0;SOJA;11728P1006;6930I2X;—;;SOJA DEST STE O820 IPRO BG ST;C2;P1;BG;30.0;801.0;C2;801;30.0;Cam.A;QD.35;F4;SIM;1.0;25/06/2026;JUN;Renato de Castro;Joselia Soares da Silva;Lucas Lima;VALIDADO;
LPCO;GO;101.0;11.0;SOJA;11728P2011;6930I2X;—;;SOJA DEST STE O820 IPRO BG ST;C2;P2;BG;24.0;1019.0;C2;1019;24.0;Cam.A;QD.36;F3;SIM;1.0;25/06/2026;JUN;Renato de Castro;Joselia Soares da Silva;Lucas Lima;VALIDADO;
LPCO;GO;101.0;11.0;SOJA;11728P2009;6930I2X;—;;SOJA DEST STE O820 IPRO BG ST;C2;P2;BG;24.0;1021.0;C2;1021;24.0;Cam.A;QD.36;F4;SIM;1.0;25/06/2026;JUN;Renato de Castro;Joselia Soares da Silva;Lucas Lima;VALIDADO;
LPCO;GO;101.0;11.0;SOJA;11728P1010;6930I2X;—;;SOJA DEST STE O820 IPRO BG ST;C2;P1;BG;30.0;827.0;C2;827;30.0;Cam.A;QD.35;F2;SIM;1.0;25/06/2026;JUN;Renato de Castro;Joselia Soares da Silva;Lucas Lima;VALIDADO;
LPCO;GO;101.0;11.0;SOJA;11728P1008;6930I2X;—;;SOJA DEST STE O820 IPRO BG ST;C2;P1;BG;30.0;821.0;C2;821;30.0;Cam.A;QD.35;F3;SIM;1.0;25/06/2026;JUN;Renato de Castro;Joselia Soares da Silva;Lucas Lima;VALIDADO;
LPCO;GO;101.0;11.0;SOJA;11728P2007;6930I2X;—;;SOJA DEST STE O820 IPRO BG ST;C2;P2;BG;24.0;1010.0;C2;1010;24.0;Cam.A;QD.36;F5;SIM;1.0;25/06/2026;JUN;Renato de Castro;Joselia Soares da Silva;Lucas Lima;VALIDADO;
LPCO;GO;101.0;11.0;SOJA;11728P2013;6930I2X;—;;SOJA DEST STE O820 IPRO BG ST;C2;P2;BG;24.0;1056.0;C2;1056;24.0;Cam.A;QD.36;F2;SIM;1.0;25/06/2026;JUN;Renato de Castro;Joselia Soares da Silva;Lucas Lima;VALIDADO;
LPCO;GO;101.0;11.0;SOJA;11728P1014;6930I2X;—;;SOJA DEST STE O820 IPRO BG ST;C2;P1;BG;30.0;804.0;C2;804;30.0;Cam.A;QD.37;F7;SIM;1.0;25/06/2026;JUN;Renato de Castro;Joselia Soares da Silva;Lucas Lima;VALIDADO;
LPCO;GO;101.0;11.0;SOJA;11728P1012;6930I2X;—;;SOJA DEST STE O820 IPRO BG ST;C2;P1;BG;30.0;813.0;C2;813;30.0;Cam.A;QD.35;F1;SIM;1.0;25/06/2026;JUN;Renato de Castro;Joselia Soares da Silva;Lucas Lima;VALIDADO;
LPCO;GO;101.0;11.0;SOJA;11714P2102;O790 IPRO;—;;SOJA DEST STE O820 IPRO BG ST;S1;P2;BG;24.0;1028.0;S1;1028;24.0;Cam.B;QD.72;F6;SIM;1.0;25/06/2026;JUN;Renato de Castro;Joselia Soares da Silva;Lucas Lima;VALIDADO;
LPCO;GO;101.0;11.0;SOJA;11714P1101;O790 IPRO;—;;SOJA DEST STE O820 IPRO BG ST;S1;P1;BG;30.0;792.0;S1;792;30.0;Cam.B;QD.71;;SIM;1.0;25/06/2026;JUN;Renato de Castro;Joselia Soares da Silva;Lucas Lima;VALIDADO;
LPCO;GO;101.0;11.0;SOJA;11715P2722;761 I2X;—;;SOJA DEST STE O820 IPRO BG ST;S2;P2;BG;24.0;1032.0;S2;1032;24.0;Cam.A;QD.57;F4;SIM;1.0;25/06/2026;JUN;Renato de Castro;Joselia Soares da Silva;Lucas Lima;VALIDADO;
LPCO;GO;101.0;11.0;SOJA;11714P1103;O790 IPRO;—;;SOJA DEST STE O820 IPRO BG ST;S1;P1;BG;30.0;775.0;S1;775;30.0;Cam.B;QD.71;F2;SIM;1.0;25/06/2026;JUN;Renato de Castro;Joselia Soares da Silva;Lucas Lima;VALIDADO;
LPCO;GO;101.0;11.0;SOJA;11728P2015;6930I2X;—;;SOJA DEST STE O820 IPRO BG ST;C2;P2;BG;24.0;1065.0;C2;1065;24.0;Cam.A;QD.36;F1;SIM;1.0;25/06/2026;JUN;Renato de Castro;Joselia Soares da Silva;Lucas Lima;VALIDADO;
LPCO;GO;101.0;11.0;SOJA;11714P2106;O790 IPRO;—;;SOJA DEST STE O820 IPRO BG ST;S1;P2;BG;24.0;1033.0;S1;1033;24.0;Cam.B;QD.72;F3;SIM;1.0;25/06/2026;JUN;Renato de Castro;Joselia Soares da Silva;Lucas Lima;VALIDADO;
LPCO;GO;101.0;11.0;SOJA;11714P1105;O790 IPRO;—;;SOJA DEST STE O820 IPRO BG ST;S1;P1;BG;30.0;818.0;S1;818;30.0;Cam.B;QD.71;F3;SIM;1.0;25/06/2026;JUN;Renato de Castro;Joselia Soares da Silva;Lucas Lima;VALIDADO;
LPCO;GO;101.0;11.0;SOJA;11714P2104;O790 IPRO;—;;SOJA DEST STE O820 IPRO BG ST;S1;P2;BG;24.0;1029.0;S1;1029;24.0;Cam.B;QD.72;F7;SIM;1.0;25/06/2026;JUN;Renato de Castro;Joselia Soares da Silva;Lucas Lima;VALIDADO;
LPCO;GO;101.0;11.0;SOJA;11728P1016;6930I2X;—;;SOJA DEST STE O820 IPRO BG ST;C2;P1;BG;29.0;842.0;C2;842;29.0;Cam.A;QD.37;F6;SIM;1.0;25/06/2026;JUN;Renato de Castro;Joselia Soares da Silva;Lucas Lima;VALIDADO;
LPCO;GO;101.0;11.0;SOJA;11272P1205;690 I2X;—;;SOJA DEST STE O820 IPRO BG ST;S1;P1;BG;30.0;755.0;S1;755;30.0;Cam.A;QD.39;F5;SIM;1.0;25/06/2026;JUN;Renato de Castro;Joselia Soares da Silva;Lucas Lima;VALIDADO;
LPCO;GO;101.0;11.0;SOJA;11272P2204;690 I2X;—;;SOJA DEST STE O820 IPRO BG ST;S1;P2;BG;30.0;898.0;S1;898;30.0;Cam.A;QD.38;F6;SIM;1.0;25/06/2026;JUN;Renato de Castro;Joselia Soares da Silva;Lucas Lima;VALIDADO;
LPCO;GO;101.0;11.0;SOJA;11272P1203;690 I2X;—;;SOJA DEST STE O820 IPRO BG ST;S1;P1;BG;30.0;742.0;S1;742;30.0;Cam.A;QD.39;F6;SIM;1.0;25/06/2026;JUN;Renato de Castro;Joselia Soares da Silva;Lucas Lima;VALIDADO;
LPCO;GO;101.0;11.0;SOJA;11272P2202;690 I2X;—;;SOJA DEST STE O820 IPRO BG ST;S1;P2;BG;27.0;915.0;S1;915;27.0;Cam.A;QD.38;F7;SIM;1.0;25/06/2026;JUN;Renato de Castro;Joselia Soares da Silva;Lucas Lima;VALIDADO;
LPCO;GO;101.0;11.0;SOJA;11272P1201;690 I2X;—;;SOJA DEST STE O820 IPRO BG ST;S1;P1;BG;30.0;759.0;S1;759;30.0;Cam.A;QD.39;F7;SIM;1.0;25/06/2026;JUN;Renato de Castro;Joselia Soares da Silva;Lucas Lima;VALIDADO;
LPCO;GO;101.0;11.0;SOJA;11272P2207;690 I2X;—;;SOJA DEST STE O820 IPRO BG ST;S1;P2;BG;27.0;909.0;S1;909;27.0;Cam.A;QD.38;F5;SIM;1.0;25/06/2026;JUN;Renato de Castro;Joselia Soares da Silva;Lucas Lima;VALIDADO;
LPCO;GO;101.0;11.0;SOJA;11272P1206;690 I2X;—;;SOJA DEST STE O820 IPRO BG ST;S1;P1;BG;30.0;755.0;S1;755;30.0;Cam.A;QD.39;F4;SIM;1.0;25/06/2026;JUN;Renato de Castro;Joselia Soares da Silva;Lucas Lima;VALIDADO;
LPCO;GO;101.0;11.0;SOJA;11741P2305;NEO801 CE;—;;SOJA DEST STE O820 IPRO BG ST;C2;P2;BG;24.0;1019.0;C2;1019;24.0;Cam.B;QD.88;F3;SIM;1.0;25/06/2026;JUN;Renato de Castro;Joselia Soares da Silva;Lucas Lima;VALIDADO;
LPCO;GO;101.0;11.0;SOJA;11741P1301;NEO801 CE;—;;SOJA DEST STE O820 IPRO BG ST;C2;P1;BG;30.0;815.0;C2;815;30.0;Cam.B;QD.89;F1;SIM;1.0;25/06/2026;JUN;Renato de Castro;Joselia Soares da Silva;Lucas Lima;VALIDADO;
LPCO;GO;101.0;11.0;SOJA;11272P1211;690 I2X;—;;SOJA DEST STE O820 IPRO BG ST;S1;P1;BG;30.0;750.0;S1;750;30.0;Cam.A;QD.39;F1;SIM;1.0;25/06/2026;JUN;Renato de Castro;Joselia Soares da Silva;Lucas Lima;VALIDADO;
LPCO;GO;101.0;11.0;SOJA;11741P2303;NEO801 CE;—;;SOJA DEST STE O820 IPRO BG ST;C2;P2;BG;27.0;1000.0;C2;1000;27.0;Cam.B;QD.88;F2;SIM;1.0;25/06/2026;JUN;Renato de Castro;Joselia Soares da Silva;Lucas Lima;VALIDADO;
LPCO;GO;101.0;11.0;SOJA;11272P1209;690 I2X;—;;SOJA DEST STE O820 IPRO BG ST;S1;P1;BG;30.0;746.0;S1;746;30.0;Cam.A;QD.39;F2;SIM;1.0;25/06/2026;JUN;Renato de Castro;Joselia Soares da Silva;Lucas Lima;VALIDADO;
LPCO;GO;101.0;11.0;SOJA;11741P2302;NEO801 CE;—;;SOJA DEST STE O820 IPRO BG ST;C2;P2;BG;24.0;1003.0;C2;1003;24.0;Cam.B;QD.88;F1;SIM;1.0;25/06/2026;JUN;Renato de Castro;Joselia Soares da Silva;Lucas Lima;VALIDADO;
LPCO;GO;101.0;11.0;SOJA;11272P1208;690 I2X;—;;SOJA DEST STE O820 IPRO BG ST;S1;P1;BG;30.0;767.0;S1;767;30.0;Cam.A;QD.39;F3;SIM;1.0;25/06/2026;JUN;Renato de Castro;Joselia Soares da Silva;Lucas Lima;VALIDADO;
LPCO;GO;101.0;11.0;SOJA;11741P1306;NEO801 CE;—;;SOJA DEST STE O820 IPRO BG ST;C2;P1;BG;19.0;832.0;C2;832;19.0;Cam.B;QD.89;F3;SIM;1.0;25/06/2026;JUN;Renato de Castro;Joselia Soares da Silva;Lucas Lima;VALIDADO;
LPCO;GO;101.0;11.0;SOJA;11741P2307;NEO801 CE;—;;SOJA DEST STE O820 IPRO BG ST;C2;P2;BG;14.0;955.0;C2;955;14.0;Cam.B;QD.88;F4;SIM;1.0;25/06/2026;JUN;Renato de Castro;Joselia Soares da Silva;Lucas Lima;VALIDADO;
LPCO;GO;101.0;11.0;SOJA;11272P2213;690 I2X;—;;SOJA DEST STE O820 IPRO BG ST;S1;P2;BG;27.0;929.0;S1;929;27.0;Cam.A;QD.38;F3;SIM;1.0;25/06/2026;JUN;Renato de Castro;Joselia Soares da Silva;Lucas Lima;VALIDADO;
LPCO;GO;101.0;11.0;SOJA;11272P1214;690 I2X;—;;SOJA DEST STE O820 IPRO BG ST;S1;P1;BG;30.0;768.0;S1;768;30.0;Cam.A;QD.40;F6;SIM;1.0;25/06/2026;JUN;Renato de Castro;Joselia Soares da Silva;Lucas Lima;VALIDADO;
LPCO;GO;101.0;11.0;SOJA;11272P1212;690 I2X;—;;SOJA DEST STE O820 IPRO BG ST;S1;P1;BG;30.0;765.0;S1;765;30.0;Cam.A;QD.40;F7;SIM;1.0;25/06/2026;JUN;Renato de Castro;Joselia Soares da Silva;Lucas Lima;VALIDADO;
LPCO;GO;101.0;11.0;SOJA;11741P1304;NEO801 CE;—;;SOJA DEST STE O820 IPRO BG ST;C2;P1;BG;30.0;823.0;C2;823;30.0;Cam.B;QD.89;F3;SIM;1.0;25/06/2026;JUN;Renato de Castro;Joselia Soares da Silva;Lucas Lima;VALIDADO;
LPCO;GO;101.0;11.0;SOJA;11272P2210;690 I2X;—;;SOJA DEST STE O820 IPRO BG ST;S1;P2;BG;27.0;916.0;S1;916;27.0;Cam.A;QD.38;F4;SIM;1.0;25/06/2026;JUN;Renato de Castro;Joselia Soares da Silva;Lucas Lima;VALIDADO;
LPCO;GO;101.0;11.0;SOJA;11272P2219;690 I2X;—;;SOJA DEST STE O820 IPRO BG ST;S1;P2;BG;30.0;891.0;S1;891;30.0;Cam.A;QD.38;F1;SIM;1.0;25/06/2026;JUN;Renato de Castro;Joselia Soares da Silva;Lucas Lima;VALIDADO;
LPCO;GO;101.0;11.0;SOJA;11272P1218;690 I2X;—;;SOJA DEST STE O820 IPRO BG ST;S1;P1;BG;30.0;757.0;S1;757;30.0;Cam.A;QD.40;F3;SIM;1.0;25/06/2026;JUN;Renato de Castro;Joselia Soares da Silva;Lucas Lima;VALIDADO;
LPCO;GO;101.0;11.0;SOJA;11272P2216;690 I2X;—;;SOJA DEST STE O820 IPRO BG ST;S1;P2;BG;27.0;914.0;S1;914;27.0;Cam.A;QD.38;F2;SIM;1.0;25/06/2026;JUN;Renato de Castro;Joselia Soares da Silva;Lucas Lima;VALIDADO;
LPCO;GO;101.0;11.0;SOJA;11272P1217;690 I2X;—;;SOJA DEST STE O820 IPRO BG ST;S1;P1;BG;30.0;761.0;S1;761;30.0;Cam.A;QD.40;F4;SIM;1.0;25/06/2026;JUN;Renato de Castro;Joselia Soares da Silva;Lucas Lima;VALIDADO;
LPCO;GO;101.0;11.0;SOJA;11272P1215;690 I2X;—;;SOJA DEST STE O820 IPRO BG ST;S1;P1;BG;30.0;763.0;S1;763;30.0;Cam.A;QD.40;F5;SIM;1.0;25/06/2026;JUN;Renato de Castro;Joselia Soares da Silva;Lucas Lima;VALIDADO;
LPCO;GO;101.0;11.0;SOJA;11272P1222;690 I2X;—;;SOJA DEST STE O820 IPRO BG ST;S1;P1;BG;30.0;750.0;S1;750;30.0;Cam.A;QD.40;F2;SIM;1.0;25/06/2026;JUN;Renato de Castro;Joselia Soares da Silva;Lucas Lima;VALIDADO;
LPCO;GO;101.0;11.0;SOJA;11272P1220;690 I2X;—;;SOJA DEST STE O820 IPRO BG ST;S1;P1;BG;30.0;767.0;S1;767;30.0;Cam.A;QD.40;F1;SIM;1.0;25/06/2026;JUN;Renato de Castro;Joselia Soares da Silva;Lucas Lima;VALIDADO;
LPCO;GO;101.0;11.0;SOJA;11272P2224;690 I2X;—;;SOJA DEST STE O820 IPRO BG ST;S1;P2;BG;7.0;908.0;S1;908;7.0;Cam.A;QD.70;;SIM;1.0;25/06/2026;JUN;Renato de Castro;Joselia Soares da Silva;Lucas Lima;VALIDADO;
LPCO;GO;101.0;11.0;SOJA;11272P1223;690 I2X;—;;SOJA DEST STE O820 IPRO BG ST;S1;P1;BG;30.0;759.0;S1;759;30.0;Cam.B;QD.80;F2;SIM;1.0;25/06/2026;JUN;Renato de Castro;Joselia Soares da Silva;Lucas Lima;VALIDADO;
LPCO;GO;101.0;11.0;SOJA;11272P2221;690 I2X;—;;SOJA DEST STE O820 IPRO BG ST;S1;P2;BG;27.0;920.0;S1;920;27.0;Cam.A;CORREDOR;F5;SIM;1.0;25/06/2026;JUN;Renato de Castro;Joselia Soares da Silva;Lucas Lima;VALIDADO;
LPCO;GO;101.0;11.0;SOJA;11754P1401;7222I2X;—;;SOJA DEST STE O820 IPRO BG ST;C1;P1;BG;24.0;1050.0;C1;1050;24.0;Cam.A;QD.42;F2;SIM;1.0;25/06/2026;JUN;Renato de Castro;Joselia Soares da Silva;Lucas Lima;VALIDADO;
LPCO;GO;101.0;11.0;SOJA;11754P1407;7222I2X;—;;SOJA DEST STE O820 IPRO BG ST;C1;P1;BG;14.0;1033.0;C1;1033;14.0;Cam.A;QD.43;F6;SIM;1.0;25/06/2026;JUN;Renato de Castro;Joselia Soares da Silva;Lucas Lima;VALIDADO;
LPCO;GO;101.0;11.0;SOJA;11758P2501;C2705CE;—;;SOJA DEST STE O820 IPRO BG ST;C1;P2;BG;24.0;1112.0;C1;1112;24.0;Cam.B;QD.73;F1;SIM;1.0;25/06/2026;JUN;Renato de Castro;Joselia Soares da Silva;Lucas Lima;VALIDADO;
LPCO;GO;101.0;11.0;SOJA;11758P1502;C2705CE;—;;SOJA DEST STE O820 IPRO BG ST;C1;P1;BG;27.0;913.0;C1;913;27.0;Cam.B;QD.74;F1;SIM;1.0;25/06/2026;JUN;Renato de Castro;Joselia Soares da Silva;Lucas Lima;VALIDADO;
LPCO;GO;101.0;11.0;SOJA;11754P1405;7222I2X;—;;SOJA DEST STE O820 IPRO BG ST;C1;P1;BG;24.0;1029.0;C1;1029;24.0;Cam.A;QD.42;F1;SIM;1.0;25/06/2026;JUN;Renato de Castro;Joselia Soares da Silva;Lucas Lima;VALIDADO;
LPCO;GO;101.0;11.0;SOJA;11272P1225;690 I2X;—;;SOJA DEST STE O820 IPRO BG ST;S1;P1;BG;8.0;766.0;S1;766;8.0;Cam.A;QD.70;;SIM;1.0;25/06/2026;JUN;Renato de Castro;Joselia Soares da Silva;Lucas Lima;VALIDADO;
LPCO;GO;101.0;11.0;SOJA;11754P2404;7222I2X;—;;SOJA DEST STE O820 IPRO BG ST;C1;P2;BG;18.0;1201.0;C1;1201;18.0;Cam.A;QD.41;F2;SIM;1.0;25/06/2026;JUN;Renato de Castro;Joselia Soares da Silva;Lucas Lima;VALIDADO;
LPCO;GO;101.0;11.0;SOJA;11754P1403;7222I2X;—;;SOJA DEST STE O820 IPRO BG ST;C1;P1;BG;24.0;1031.0;C1;1031;24.0;Cam.A;QD.42;F3;SIM;1.0;25/06/2026;JUN;Renato de Castro;Joselia Soares da Silva;Lucas Lima;VALIDADO;
LPCO;GO;101.0;11.0;SOJA;11754P2402;7222I2X;—;;SOJA DEST STE O820 IPRO BG ST;C1;P2;BG;18.0;1203.0;C1;1203;18.0;Cam.A;QD.43;F1;SIM;1.0;25/06/2026;JUN;Renato de Castro;Joselia Soares da Silva;Lucas Lima;VALIDADO;
LPCO;GO;101.0;11.0;SOJA;11714P1107;O790 IPRO;—;;SOJA DEST STE O820 IPRO BG ST;S1;P1;BG;30.0;806.0;S1;806;30.0;Cam.B;QD.71;F3;SIM;1.0;25/06/2026;JUN;Renato de Castro;Joselia Soares da Silva;Lucas Lima;VALIDADO;
LPCO;GO;101.0;11.0;SOJA;11758P2506;C2705CE;—;;SOJA DEST STE O820 IPRO BG ST;C1;P2;BG;21.0;1105.0;C1;1105;21.0;Cam.B;QD.73;F3;SIM;1.0;25/06/2026;JUN;Renato de Castro;Joselia Soares da Silva;Lucas Lima;VALIDADO;
LPCO;GO;101.0;11.0;SOJA;11758P2504;C2705CE;—;;SOJA DEST STE O820 IPRO BG ST;C1;P2;BG;24.0;1102.0;C1;1102;24.0;Cam.B;QD.73;F2;SIM;1.0;25/06/2026;JUN;Renato de Castro;Joselia Soares da Silva;Lucas Lima;VALIDADO;
LPCO;GO;101.0;11.0;SOJA;11758P1503;C2705CE;—;;SOJA DEST STE O820 IPRO BG ST;C1;P1;BG;27.0;917.0;C1;917;27.0;Cam.B;QD.74;F2;SIM;1.0;25/06/2026;JUN;Renato de Castro;Joselia Soares da Silva;Lucas Lima;VALIDADO;
LPCO;GO;101.0;11.0;SOJA;11754P2406;7222I2X;—;;SOJA DEST STE O820 IPRO BG ST;C1;P2;BG;9.0;1200.0;C1;1200;9.0;Cam.A;QD.41;F1;SIM;1.0;25/06/2026;JUN;Renato de Castro;Joselia Soares da Silva;Lucas Lima;VALIDADO;
LPCO;GO;101.0;11.0;SOJA;11728P1018;6930I2X;—;;SOJA DEST STE O820 IPRO BG ST;C2;P1;BG;30.0;830.0;C2;830;30.0;Cam.A;QD.37;F5;SIM;1.0;25/06/2026;JUN;Renato de Castro;Joselia Soares da Silva;Lucas Lima;VALIDADO;
LPCO;GO;101.0;11.0;SOJA;11728P2019;6930I2X;—;;SOJA DEST STE O820 IPRO BG ST;C2;P2;BG;24.0;1042.0;C2;1042;24.0;Cam.A;CORREDOR;F6;SIM;1.0;25/06/2026;JUN;Renato de Castro;Joselia Soares da Silva;Lucas Lima;VALIDADO;
LPCO;GO;101.0;11.0;SOJA;11728P2017;6930I2X;—;;SOJA DEST STE O820 IPRO BG ST;C2;P2;BG;24.0;1007.0;C2;1007;24.0;Cam.A;CORREDOR;F5;SIM;1.0;25/06/2026;JUN;Renato de Castro;Joselia Soares da Silva;Lucas Lima;VALIDADO;
LPCO;GO;101.0;11.0;SOJA;11758P1507;C2705CE;—;;SOJA DEST STE O820 IPRO BG ST;C1;P1;BG;4.0;905.0;C1;905;4.0;Cam.B;QD.74;F4;SIM;1.0;25/06/2026;JUN;Renato de Castro;Joselia Soares da Silva;Lucas Lima;VALIDADO;
LPCO;GO;101.0;11.0;SOJA;11758P1505;C2705CE;—;;SOJA DEST STE O820 IPRO BG ST;C1;P1;BG;27.0;912.0;C1;912;27.0;Cam.B;QD.74;F3;SIM;1.0;25/06/2026;JUN;Renato de Castro;Joselia Soares da Silva;Lucas Lima;VALIDADO;
LPCO;GO;101.0;11.0;SOJA;11728P1020;6930I2X;—;;SOJA DEST STE O820 IPRO BG ST;C2;P1;BG;30.0;834.0;C2;834;30.0;Cam.A;QD.37;F4;SIM;1.0;25/06/2026;JUN;Renato de Castro;Joselia Soares da Silva;Lucas Lima;VALIDADO;
LPCO;GO;101.0;11.0;SOJA;11714P2108;O790 IPRO;—;;SOJA DEST STE O820 IPRO BG ST;S1;P2;BG;24.0;1031.0;S1;1031;24.0;Cam.B;QD.72;F4;SIM;1.0;25/06/2026;JUN;Renato de Castro;Joselia Soares da Silva;Lucas Lima;VALIDADO;
LPCO;GO;101.0;11.0;SOJA;11728P1022;6930I2X;—;;SOJA DEST STE O820 IPRO BG ST;C2;P1;BG;30.0;822.0;C2;822;30.0;Cam.A;QD.37;F3;SIM;1.0;25/06/2026;JUN;Renato de Castro;Joselia Soares da Silva;Lucas Lima;VALIDADO;
LPCO;GO;101.0;11.0;SOJA;11714P2110;O790 IPRO;—;;SOJA DEST STE O820 IPRO BG ST;S1;P2;BG;24.0;1030.0;S1;1030;24.0;Cam.B;QD.75;F1;SIM;1.0;25/06/2026;JUN;Renato de Castro;Joselia Soares da Silva;Lucas Lima;VALIDADO;
LPCO;GO;101.0;11.0;SOJA;11714P1109;O790 IPRO;—;;SOJA DEST STE O820 IPRO BG ST;S1;P1;BG;30.0;800.0;S1;800;30.0;Cam.B;QD.76;F1;SIM;1.0;25/06/2026;JUN;Renato de Castro;Joselia Soares da Silva;Lucas Lima;VALIDADO;
LPCO;GO;101.0;11.0;SOJA;11728P2025;6930I2X;—;;SOJA DEST STE O820 IPRO BG ST;C2;P2;BG;24.0;1050.0;C2;1050;24.0;Cam.A;CORREDOR;F4;SIM;1.0;25/06/2026;JUN;Renato de Castro;Joselia Soares da Silva;Lucas Lima;VALIDADO;
LPCO;GO;101.0;11.0;SOJA;11728P2023;6930I2X;—;;SOJA DEST STE O820 IPRO BG ST;C2;P2;BG;24.0;1078.0;C2;1078;24.0;Cam.A;CORREDOR;F2;SIM;1.0;25/06/2026;JUN;Renato de Castro;Joselia Soares da Silva;Lucas Lima;VALIDADO;
LPCO;GO;101.0;11.0;SOJA;11714P1111;O790 IPRO;—;;SOJA DEST STE O820 IPRO BG ST;S1;P1;BG;30.0;803.0;S1;803;30.0;Cam.B;QD.76;F2;SIM;1.0;25/06/2026;JUN;Renato de Castro;Joselia Soares da Silva;Lucas Lima;VALIDADO;
LPCO;GO;101.0;11.0;SOJA;11728P2021;6930I2X;—;;SOJA DEST STE O820 IPRO BG ST;C2;P2;BG;24.0;1034.0;C2;1034;24.0;Cam.A;CORREDOR;F1;SIM;1.0;25/06/2026;JUN;Renato de Castro;Joselia Soares da Silva;Lucas Lima;VALIDADO;
LPCO;GO;101.0;11.0;SOJA;11714P2115;O790 IPRO;—;;SOJA DEST STE O820 IPRO BG ST;S1;P2;BG;24.0;1020.0;S1;1020;24.0;Cam.B;QD.75;F3;SIM;1.0;25/06/2026;JUN;Renato de Castro;Joselia Soares da Silva;Lucas Lima;VALIDADO;
LPCO;GO;101.0;11.0;SOJA;11728P1027;6930I2X;—;;SOJA DEST STE O820 IPRO BG ST;C2;P1;BG;2.0;835.0;C2;835;2.0;Cam.A;QD.37;F1;SIM;1.0;25/06/2026;JUN;Renato de Castro;Joselia Soares da Silva;Lucas Lima;VALIDADO;
LPCO;GO;101.0;11.0;SOJA;11728P2026;6930I2X;—;;SOJA DEST STE O820 IPRO BG ST;C2;P2;BG;21.0;1029.0;C2;1029;21.0;Cam.A;CORREDOR;F3;SIM;1.0;25/06/2026;JUN;Renato de Castro;Joselia Soares da Silva;Lucas Lima;VALIDADO;
LPCO;GO;101.0;11.0;SOJA;11728P1024;6930I2X;—;;SOJA DEST STE O820 IPRO BG ST;C2;P1;BG;30.0;836.0;C2;836;30.0;Cam.A;QD.37;F2;SIM;1.0;25/06/2026;JUN;Renato de Castro;Joselia Soares da Silva;Lucas Lima;VALIDADO;
LPCO;GO;101.0;11.0;SOJA;11714P1113;O790 IPRO;—;;SOJA DEST STE O820 IPRO BG ST;S1;P1;BG;30.0;801.0;S1;801;30.0;Cam.B;QD.76;F3;SIM;1.0;25/06/2026;JUN;Renato de Castro;Joselia Soares da Silva;Lucas Lima;VALIDADO;
LPCO;GO;101.0;11.0;SOJA;11714P2114;O790 IPRO;—;;SOJA DEST STE O820 IPRO BG ST;S1;P2;BG;24.0;1022.0;S1;1022;24.0;Cam.B;QD.75;F4;SIM;1.0;25/06/2026;JUN;Renato de Castro;Joselia Soares da Silva;Lucas Lima;VALIDADO;
LPCO;GO;101.0;11.0;SOJA;11714P2112;O790 IPRO;—;;SOJA DEST STE O820 IPRO BG ST;S1;P2;BG;24.0;1028.0;S1;1028;24.0;Cam.B;QD.75;;SIM;1.0;25/06/2026;JUN;Renato de Castro;Joselia Soares da Silva;Lucas Lima;VALIDADO;
LPCO;GO;101.0;11.0;SOJA;11714P2119;O790 IPRO;—;;SOJA DEST STE O820 IPRO BG ST;S1;P2;BG;24.0;1041.0;S1;1041;24.0;Cam.B;QD.75;F5;SIM;1.0;25/06/2026;JUN;Renato de Castro;Joselia Soares da Silva;Lucas Lima;VALIDADO;
LPCO;GO;101.0;11.0;SOJA;11149P1603;NEO680 IPRO;—;;SOJA DEST STE O820 IPRO BG ST;S2;P1;BG;30.0;826.0;S2;826;30.0;Cam.A;QD.52;F5;SIM;1.0;25/06/2026;JUN;Renato de Castro;Joselia Soares da Silva;Lucas Lima;VALIDADO;
LPCO;GO;101.0;11.0;SOJA;11149P1601;NEO680 IPRO;—;;SOJA DEST STE O820 IPRO BG ST;S2;P1;BG;30.0;838.0;S2;838;30.0;Cam.A;QD.52;F6;SIM;1.0;25/06/2026;JUN;Renato de Castro;Joselia Soares da Silva;Lucas Lima;VALIDADO;
LPCO;GO;101.0;11.0;SOJA;11714P1118;O790 IPRO;—;;SOJA DEST STE O820 IPRO BG ST;S1;P1;BG;30.0;811.0;S1;811;30.0;Cam.B;QD.77;F1;SIM;1.0;25/06/2026;JUN;Renato de Castro;Joselia Soares da Silva;Lucas Lima;VALIDADO;
LPCO;GO;101.0;11.0;SOJA;11714P2117;O790 IPRO;—;;SOJA DEST STE O820 IPRO BG ST;S1;P2;BG;24.0;1038.0;S1;1038;24.0;Cam.B;QD.72;F5;SIM;1.0;25/06/2026;JUN;Renato de Castro;Joselia Soares da Silva;Lucas Lima;VALIDADO;
LPCO;GO;101.0;11.0;SOJA;11714P1116;O790 IPRO;—;;SOJA DEST STE O820 IPRO BG ST;S1;P1;BG;30.0;810.0;S1;810;30.0;Cam.B;QD.76;F4;SIM;1.0;25/06/2026;JUN;Renato de Castro;Joselia Soares da Silva;Lucas Lima;VALIDADO;
LPCO;GO;101.0;11.0;SOJA;11714P2121;O790 IPRO;—;;SOJA DEST STE O820 IPRO BG ST;S1;P2;BG;24.0;1053.0;S1;1053;24.0;Cam.B;QD.78;F1;SIM;1.0;25/06/2026;JUN;Renato de Castro;Joselia Soares da Silva;Lucas Lima;VALIDADO;
LPCO;GO;101.0;11.0;SOJA;11149P1604;NEO680 IPRO;—;;SOJA DEST STE O820 IPRO BG ST;S2;P1;BG;30.0;822.0;S2;822;30.0;Cam.A;QD.52;F4;SIM;1.0;25/06/2026;JUN;Renato de Castro;Joselia Soares da Silva;Lucas Lima;VALIDADO;
LPCO;GO;101.0;11.0;SOJA;11149P2602;NEO680 IPRO;—;;SOJA DEST STE O820 IPRO BG ST;S2;P2;BG;24.0;1010.0;S2;1010;24.0;Cam.A;QD.51;F4;SIM;1.0;25/06/2026;JUN;Renato de Castro;Joselia Soares da Silva;Lucas Lima;VALIDADO;
LPCO;GO;101.0;11.0;SOJA;11714P1120;O790 IPRO;—;;SOJA DEST STE O820 IPRO BG ST;S1;P1;BG;30.0;805.0;S1;805;30.0;Cam.B;QD.71;F5;SIM;1.0;25/06/2026;JUN;Renato de Castro;Joselia Soares da Silva;Lucas Lima;VALIDADO;
LPCO;GO;101.0;11.0;SOJA;11714P2125;O790 IPRO;—;;SOJA DEST STE O820 IPRO BG ST;S1;P2;BG;24.0;1015.0;S1;1015;24.0;Cam.B;QD.78;F2;SIM;1.0;25/06/2026;JUN;Renato de Castro;Joselia Soares da Silva;Lucas Lima;VALIDADO;
LPCO;GO;101.0;11.0;SOJA;11714P1124;O790 IPRO;—;;SOJA DEST STE O820 IPRO BG ST;S1;P1;BG;30.0;791.0;S1;791;30.0;Cam.B;QD.77;F3;SIM;1.0;25/06/2026;JUN;Renato de Castro;Joselia Soares da Silva;Lucas Lima;VALIDADO;
LPCO;GO;101.0;11.0;SOJA;11149P1606;NEO680 IPRO;—;;SOJA DEST STE O820 IPRO BG ST;S2;P1;BG;30.0;830.0;S2;830;30.0;Cam.A;QD.52;F2;SIM;1.0;25/06/2026;JUN;Renato de Castro;Joselia Soares da Silva;Lucas Lima;VALIDADO;
LPCO;GO;101.0;11.0;SOJA;11714P2123;O790 IPRO;—;;SOJA DEST STE O820 IPRO BG ST;S1;P2;BG;24.0;1038.0;S1;1038;24.0;Cam.B;QD.78;F4;SIM;1.0;25/06/2026;JUN;Renato de Castro;Joselia Soares da Silva;Lucas Lima;VALIDADO;
LPCO;GO;101.0;11.0;SOJA;11714P1122;O790 IPRO;—;;SOJA DEST STE O820 IPRO BG ST;S1;P1;BG;30.0;791.0;S1;791;30.0;Cam.B;QD.77;F3;SIM;1.0;25/06/2026;JUN;Renato de Castro;Joselia Soares da Silva;Lucas Lima;VALIDADO;
LPCO;GO;101.0;11.0;SOJA;11149P1607;NEO680 IPRO;—;;SOJA DEST STE O820 IPRO BG ST;S2;P1;BG;30.0;794.0;S2;794;30.0;Cam.A;QD.52;F3;SIM;1.0;25/06/2026;JUN;Renato de Castro;Joselia Soares da Silva;Lucas Lima;VALIDADO;
LPCO;GO;101.0;11.0;SOJA;11714P2127;O790 IPRO;—;;SOJA DEST STE O820 IPRO BG ST;S1;P2;BG;24.0;1045.0;S1;1045;24.0;Cam.B;QD.78;F3;SIM;1.0;25/06/2026;JUN;Renato de Castro;Joselia Soares da Silva;Lucas Lima;VALIDADO;
LPCO;GO;101.0;11.0;SOJA;11714P1126;O790 IPRO;—;;SOJA DEST STE O820 IPRO BG ST;S1;P1;BG;30.0;814.0;S1;814;30.0;Cam.B;QD.77;F4;SIM;1.0;25/06/2026;JUN;Renato de Castro;Joselia Soares da Silva;Lucas Lima;VALIDADO;
LPCO;GO;101.0;11.0;SOJA;11149P1613;NEO680 IPRO;—;;SOJA DEST STE O820 IPRO BG ST;S2;P1;BG;30.0;764.0;S2;764;30.0;Cam.A;QD.56;F2;SIM;1.0;25/06/2026;JUN;Renato de Castro;Joselia Soares da Silva;Lucas Lima;VALIDADO;
LPCO;GO;101.0;11.0;SOJA;11714P2131;O790 IPRO;—;;SOJA DEST STE O820 IPRO BG ST;S1;P2;BG;18.0;1023.0;S1;1023;18.0;Cam.B;QD.80;F1;SIM;1.0;25/06/2026;JUN;Renato de Castro;Joselia Soares da Silva;Lucas Lima;VALIDADO;
LPCO;GO;101.0;11.0;SOJA;11149P1609;NEO680 IPRO;—;;SOJA DEST STE O820 IPRO BG ST;S2;P1;BG;30.0;789.0;S2;789;30.0;Cam.A;QD.52;F1;SIM;1.0;25/06/2026;JUN;Renato de Castro;Joselia Soares da Silva;Lucas Lima;VALIDADO;
LPCO;GO;101.0;11.0;SOJA;11714P2128;O790 IPRO;—;;SOJA DEST STE O820 IPRO BG ST;S1;P2;BG;24.0;1015.0;S1;1015;24.0;Cam.B;QD.78;F5;SIM;1.0;25/06/2026;JUN;Renato de Castro;Joselia Soares da Silva;Lucas Lima;VALIDADO;
LPCO;GO;101.0;11.0;SOJA;11714P1129;O790 IPRO;—;;SOJA DEST STE O820 IPRO BG ST;S1;P1;BG;30.0;799.0;S1;799;30.0;Cam.B;QD.77;F5;SIM;1.0;25/06/2026;JUN;Renato de Castro;Joselia Soares da Silva;Lucas Lima;VALIDADO;
LPCO;GO;101.0;11.0;SOJA;11149P1608;NEO680 IPRO;—;;SOJA DEST STE O820 IPRO BG ST;S2;P1;BG;30.0;785.0;S2;785;30.0;Cam.A;QD.56;F6;SIM;1.0;25/06/2026;JUN;Renato de Castro;Joselia Soares da Silva;Lucas Lima;VALIDADO;
LPCO;GO;101.0;11.0;SOJA;11149P1612;NEO680 IPRO;—;;SOJA DEST STE O820 IPRO BG ST;S2;P1;BG;30.0;797.0;S2;797;30.0;Cam.A;QD.56;F3;SIM;1.0;25/06/2026;JUN;Renato de Castro;Joselia Soares da Silva;Lucas Lima;VALIDADO;
LPCO;GO;101.0;11.0;SOJA;11715P1702;761 I2X;—;;SOJA DEST STE O820 IPRO BG ST;S2;P1;BG;30.0;846.0;S2;846;30.0;Cam.A;QD.54;F5;SIM;1.0;25/06/2026;JUN;Renato de Castro;Joselia Soares da Silva;Lucas Lima;VALIDADO;
LPCO;GO;101.0;11.0;SOJA;11149P1611;NEO680 IPRO;—;;SOJA DEST STE O820 IPRO BG ST;S2;P1;BG;30.0;802.0;S2;802;30.0;Cam.A;QD.56;F4;SIM;1.0;25/06/2026;JUN;Renato de Castro;Joselia Soares da Silva;Lucas Lima;VALIDADO;
LPCO;GO;101.0;11.0;SOJA;11714P1130;O790 IPRO;—;;SOJA DEST STE O820 IPRO BG ST;S1;P1;BG;20.0;792.0;S1;792;20.0;Cam.B;QD.76;F5;SIM;1.0;25/06/2026;JUN;Renato de Castro;Joselia Soares da Silva;Lucas Lima;VALIDADO;
LPCO;GO;101.0;11.0;SOJA;11149P1610;NEO680 IPRO;—;;SOJA DEST STE O820 IPRO BG ST;S2;P1;BG;30.0;792.0;S2;792;30.0;Cam.A;QD.56;F5;SIM;1.0;25/06/2026;JUN;Renato de Castro;Joselia Soares da Silva;Lucas Lima;VALIDADO;
LPCO;GO;101.0;11.0;SOJA;11149P2605;NEO680 IPRO;—;;SOJA DEST STE O820 IPRO BG ST;S2;P2;BG;27.0;998.0;S2;998;27.0;Cam.A;QD.51;F2;SIM;1.0;25/06/2026;JUN;Renato de Castro;Joselia Soares da Silva;Lucas Lima;VALIDADO;
LPCO;GO;101.0;11.0;SOJA;11715P1705;761 I2X;—;;SOJA DEST STE O820 IPRO BG ST;S2;P1;BG;30.0;853.0;S2;853;30.0;Cam.A;QD.54;F3;SIM;1.0;25/06/2026;JUN;Renato de Castro;Joselia Soares da Silva;Lucas Lima;VALIDADO;
LPCO;GO;101.0;11.0;SOJA;11715P2704;761 I2X;—;;SOJA DEST STE O820 IPRO BG ST;S2;P2;BG;24.0;1030.0;S2;1030;24.0;Cam.A;QD.55;F5;SIM;1.0;25/06/2026;JUN;Renato de Castro;Joselia Soares da Silva;Lucas Lima;VALIDADO;
LPCO;GO;101.0;11.0;SOJA;11715P1703;761 I2X;—;;SOJA DEST STE O820 IPRO BG ST;S2;P1;BG;30.0;834.0;S2;834;30.0;Cam.A;QD.70;;SIM;1.0;25/06/2026;JUN;Renato de Castro;Joselia Soares da Silva;Lucas Lima;VALIDADO;
LPCO;GO;101.0;11.0;SOJA;11715P2701;761 I2X;—;;SOJA DEST STE O820 IPRO BG ST;S2;P2;BG;24.0;1029.0;S2;1029;24.0;Cam.A;QD.70;;SIM;1.0;25/06/2026;JUN;Renato de Castro;Joselia Soares da Silva;Lucas Lima;VALIDADO;
LPCO;GO;101.0;11.0;SOJA;11149P2615;NEO680 IPRO;—;;SOJA DEST STE O820 IPRO BG ST;S2;P2;BG;27.0;931.0;S2;931;27.0;Cam.A;QD.51;F3;SIM;1.0;25/06/2026;JUN;Renato de Castro;Joselia Soares da Silva;Lucas Lima;VALIDADO;
LPCO;GO;101.0;11.0;SOJA;11715P2713;761 I2X;—;;SOJA DEST STE O820 IPRO BG ST;S2;P2;BG;24.0;1019.0;S2;1019;24.0;Cam.A;QD.55;F1;SIM;1.0;25/06/2026;JUN;Renato de Castro;Joselia Soares da Silva;Lucas Lima;VALIDADO;
LPCO;GO;101.0;11.0;SOJA;11715P1712;761 I2X;—;;SOJA DEST STE O820 IPRO BG ST;S2;P1;BG;30.0;844.0;S2;844;30.0;Cam.A;QD.56;F6;SIM;1.0;25/06/2026;JUN;Renato de Castro;Joselia Soares da Silva;Lucas Lima;VALIDADO;
LPCO;GO;101.0;11.0;SOJA;11715P2711;761 I2X;—;;SOJA DEST STE O820 IPRO BG ST;S2;P2;BG;24.0;1031.0;S2;1031;24.0;Cam.A;QD.55;F2;SIM;1.0;25/06/2026;JUN;Renato de Castro;Joselia Soares da Silva;Lucas Lima;VALIDADO;
LPCO;GO;101.0;11.0;SOJA;11715P1710;761 I2X;—;;SOJA DEST STE O820 IPRO BG ST;S2;P1;BG;30.0;833.0;S2;833;30.0;Cam.A;QD.54;F2;SIM;1.0;25/06/2026;JUN;Renato de Castro;Joselia Soares da Silva;Lucas Lima;VALIDADO;
LPCO;GO;101.0;11.0;SOJA;11715P2709;761 I2X;—;;SOJA DEST STE O820 IPRO BG ST;S2;P2;BG;24.0;1023.0;S2;1023;24.0;Cam.A;QD.55;F3;SIM;1.0;25/06/2026;JUN;Renato de Castro;Joselia Soares da Silva;Lucas Lima;VALIDADO;
LPCO;GO;101.0;11.0;SOJA;11149P1614;NEO680 IPRO;—;;SOJA DEST STE O820 IPRO BG ST;S2;P1;BG;30.0;764.0;S2;764;30.0;Cam.A;QD.56;F1;SIM;1.0;25/06/2026;JUN;Renato de Castro;Joselia Soares da Silva;Lucas Lima;VALIDADO;
LPCO;GO;101.0;11.0;SOJA;11715P1708;761 I2X;—;;SOJA DEST STE O820 IPRO BG ST;S2;P1;BG;30.0;853.0;S2;853;30.0;Cam.A;QD.54;F1;SIM;1.0;25/06/2026;JUN;Renato de Castro;Joselia Soares da Silva;Lucas Lima;VALIDADO;
LPCO;GO;101.0;11.0;SOJA;11715P1707;761 I2X;—;;SOJA DEST STE O820 IPRO BG ST;S2;P1;BG;30.0;849.0;S2;849;30.0;Cam.A;QD.54;F4;SIM;1.0;25/06/2026;JUN;Renato de Castro;Joselia Soares da Silva;Lucas Lima;VALIDADO;
LPCO;GO;101.0;11.0;SOJA;11715P2706;761 I2X;—;;SOJA DEST STE O820 IPRO BG ST;S2;P2;BG;24.0;1026.0;S2;1026;24.0;Cam.A;QD.55;F4;SIM;1.0;25/06/2026;JUN;Renato de Castro;Joselia Soares da Silva;Lucas Lima;VALIDADO;
LPCO;GO;101.0;11.0;SOJA;11740P1928;NEO771 I2X;—;;SOJA DEST STE O820 IPRO BG ST;C2;P1;BG;5.0;676.0;C2;676;5.0;Cam.B;QD.97;;SIM;1.0;25/06/2026;JUN;Renato de Castro;Joselia Soares da Silva;Lucas Lima;VALIDADO;
LPCO;GO;101.0;11.0;SOJA;11715P1717;761 I2X;—;;SOJA DEST STE O820 IPRO BG ST;S2;P1;BG;30.0;838.0;S2;838;30.0;Cam.A;QD.56;F3;SIM;1.0;25/06/2026;JUN;Renato de Castro;Joselia Soares da Silva;Lucas Lima;VALIDADO;
LPCO;GO;101.0;11.0;SOJA;11715P1715;761 I2X;—;;SOJA DEST STE O820 IPRO BG ST;S2;P1;BG;30.0;853.0;S2;853;30.0;Cam.A;QD.56;F4;SIM;1.0;25/06/2026;JUN;Renato de Castro;Joselia Soares da Silva;Lucas Lima;VALIDADO;
LPCO;GO;101.0;11.0;SOJA;11149P1617;NEO680 IPRO;—;;SOJA DEST STE O820 IPRO BG ST;S2;P1;BG;30.0;762.0;S2;762;30.0;Cam.A;QD.49;F5;SIM;1.0;25/06/2026;JUN;Renato de Castro;Joselia Soares da Silva;Lucas Lima;VALIDADO;
LPCO;GO;101.0;11.0;SOJA;11715P1714;761 I2X;—;;SOJA DEST STE O820 IPRO BG ST;S2;P1;BG;30.0;842.0;S2;842;30.0;Cam.A;QD.56;F5;SIM;1.0;25/06/2026;JUN;Renato de Castro;Joselia Soares da Silva;Lucas Lima;VALIDADO;
LPCO;GO;101.0;11.0;SOJA;11149P1621;NEO680 IPRO;—;;SOJA DEST STE O820 IPRO BG ST;C1;P1;BG;30.0;778.0;C1;778;30.0;Cam.A;QD.48;F5;SIM;1.0;25/06/2026;JUN;Renato de Castro;Joselia Soares da Silva;Lucas Lima;VALIDADO;
LPCO;GO;101.0;11.0;SOJA;11149P2619;NEO680 IPRO;—;;SOJA DEST STE O820 IPRO BG ST;C1;P2;BG;27.0;928.0;C1;928;27.0;Cam.A;QD.47;F4;SIM;1.0;25/06/2026;JUN;Renato de Castro;Joselia Soares da Silva;Lucas Lima;VALIDADO;
LPCO;GO;101.0;11.0;SOJA;11149P1620;NEO680 IPRO;—;;SOJA DEST STE O820 IPRO BG ST;C1;P1;BG;30.0;787.0;C1;787;30.0;Cam.A;QD.48;F4;SIM;1.0;25/06/2026;JUN;Renato de Castro;Joselia Soares da Silva;Lucas Lima;VALIDADO;
LPCO;GO;101.0;11.0;SOJA;11715P1720;761 I2X;—;;SOJA DEST STE O820 IPRO BG ST;S2;P1;BG;30.0;825.0;S2;825;30.0;Cam.A;QD.56;F1;SIM;1.0;25/06/2026;JUN;Renato de Castro;Joselia Soares da Silva;Lucas Lima;VALIDADO;
LPCO;GO;101.0;11.0;SOJA;11715P1718;761 I2X;—;;SOJA DEST STE O820 IPRO BG ST;S2;P1;BG;30.0;842.0;S2;842;30.0;Cam.A;QD.56;F2;SIM;1.0;25/06/2026;JUN;Renato de Castro;Joselia Soares da Silva;Lucas Lima;VALIDADO;
LPCO;GO;101.0;11.0;SOJA;11149P1618;NEO680 IPRO;—;;SOJA DEST STE O820 IPRO BG ST;S2;P1;BG;30.0;787.0;S2;787;30.0;Cam.A;QD.49;F4;SIM;1.0;25/06/2026;JUN;Renato de Castro;Joselia Soares da Silva;Lucas Lima;VALIDADO;
LPCO;GO;101.0;11.0;SOJA;11715P2716;761 I2X;—;;SOJA DEST STE O820 IPRO BG ST;S2;P2;BG;24.0;1029.0;S2;1029;24.0;Cam.A;QD.57;F6;SIM;1.0;25/06/2026;JUN;Renato de Castro;Joselia Soares da Silva;Lucas Lima;VALIDADO;
LPCO;GO;101.0;11.0;SOJA;11715P1721;761 I2X;—;;SOJA DEST STE O820 IPRO BG ST;S2;P1;BG;30.0;842.0;S2;842;30.0;Cam.A;QD.58;F6;SIM;1.0;25/06/2026;JUN;Renato de Castro;Joselia Soares da Silva;Lucas Lima;VALIDADO;
LPCO;GO;101.0;11.0;SOJA;11149P1622;NEO680 IPRO;—;;SOJA DEST STE O820 IPRO BG ST;C1;P1;BG;30.0;785.0;C1;785;30.0;Cam.A;QD.48;F6;SIM;1.0;25/06/2026;JUN;Renato de Castro;Joselia Soares da Silva;Lucas Lima;VALIDADO;
LPCO;GO;101.0;11.0;SOJA;11715P2719;761 I2X;—;;SOJA DEST STE O820 IPRO BG ST;S2;P2;BG;24.0;1027.0;S2;1027;24.0;Cam.A;QD.57;F5;SIM;1.0;25/06/2026;JUN;Renato de Castro;Joselia Soares da Silva;Lucas Lima;VALIDADO;
LPCO;GO;101.0;11.0;SOJA;11149P2625;NEO680 IPRO;—;;SOJA DEST STE O820 IPRO BG ST;C1;P2;BG;27.0;934.0;C1;934;27.0;Cam.A;QD.47;F2;SIM;1.0;25/06/2026;JUN;Renato de Castro;Joselia Soares da Silva;Lucas Lima;VALIDADO;
LPCO;GO;101.0;11.0;SOJA;11149P1626;NEO680 IPRO;—;;SOJA DEST STE O820 IPRO BG ST;C1;P1;BG;30.0;783.0;C1;783;30.0;Cam.A;QD.48;F1;SIM;1.0;25/06/2026;JUN;Renato de Castro;Joselia Soares da Silva;Lucas Lima;VALIDADO;
LPCO;GO;101.0;11.0;SOJA;11149P1624;NEO680 IPRO;—;;SOJA DEST STE O820 IPRO BG ST;C1;P1;BG;30.0;789.0;C1;789;30.0;Cam.A;QD.48;F3;SIM;1.0;25/06/2026;JUN;Renato de Castro;Joselia Soares da Silva;Lucas Lima;VALIDADO;
LPCO;GO;101.0;11.0;SOJA;11715P1723;761 I2X;—;;SOJA DEST STE O820 IPRO BG ST;S2;P1;BG;30.0;851.0;S2;851;30.0;Cam.A;QD.58;F5;SIM;1.0;25/06/2026;JUN;Renato de Castro;Joselia Soares da Silva;Lucas Lima;VALIDADO;
LPCO;GO;101.0;11.0;SOJA;11149P2623;NEO680 IPRO;—;;SOJA DEST STE O820 IPRO BG ST;C1;P2;BG;27.0;937.0;C1;937;27.0;Cam.A;QD.47;F3;SIM;1.0;25/06/2026;JUN;Renato de Castro;Joselia Soares da Silva;Lucas Lima;VALIDADO;
LPCO;GO;101.0;11.0;SOJA;11149P2629;NEO680 IPRO;—;;SOJA DEST STE O820 IPRO BG ST;S2;P2;BG;27.0;917.0;S2;917;27.0;Cam.A;QD.51;F1;SIM;1.0;25/06/2026;JUN;Renato de Castro;Joselia Soares da Silva;Lucas Lima;VALIDADO;
LPCO;GO;101.0;11.0;SOJA;11149P1630;NEO680 IPRO;—;;SOJA DEST STE O820 IPRO BG ST;S2;P1;BG;30.0;786.0;S2;786;30.0;Cam.A;QD.49;F1;SIM;1.0;25/06/2026;JUN;Renato de Castro;Joselia Soares da Silva;Lucas Lima;VALIDADO;
LPCO;GO;101.0;11.0;SOJA;11149P1628;NEO680 IPRO;—;;SOJA DEST STE O820 IPRO BG ST;C1;P1;BG;30.0;747.0;C1;747;30.0;Cam.A;QD.47;F1;SIM;1.0;25/06/2026;JUN;Renato de Castro;Joselia Soares da Silva;Lucas Lima;VALIDADO;
LPCO;GO;101.0;11.0;SOJA;11715P2725;761 I2X;—;;SOJA DEST STE O820 IPRO BG ST;S2;P2;BG;24.0;1039.0;S2;1039;24.0;Cam.A;QD.57;F3;SIM;1.0;25/06/2026;JUN;Renato de Castro;Joselia Soares da Silva;Lucas Lima;VALIDADO;
LPCO;GO;101.0;11.0;SOJA;11715P1726;761 I2X;—;;SOJA DEST STE O820 IPRO BG ST;S2;P1;BG;30.0;850.0;S2;850;30.0;Cam.A;QD.58;F3;SIM;1.0;25/06/2026;JUN;Renato de Castro;Joselia Soares da Silva;Lucas Lima;VALIDADO;
LPCO;GO;101.0;11.0;SOJA;11149P1627;NEO680 IPRO;—;;SOJA DEST STE O820 IPRO BG ST;C1;P1;BG;30.0;775.0;C1;775;30.0;Cam.A;QD.48;F2;SIM;1.0;25/06/2026;JUN;Renato de Castro;Joselia Soares da Silva;Lucas Lima;VALIDADO;
LPCO;GO;101.0;11.0;SOJA;11715P1724;761 I2X;—;;SOJA DEST STE O820 IPRO BG ST;S2;P1;BG;30.0;850.0;S2;850;30.0;Cam.A;QD.58;F2;SIM;1.0;25/06/2026;JUN;Renato de Castro;Joselia Soares da Silva;Lucas Lima;VALIDADO;
LPCO;GO;101.0;11.0;SOJA;11715P2731;761 I2X;—;;SOJA DEST STE O820 IPRO BG ST;S2;P2;BG;24.0;1045.0;S2;1045;24.0;Cam.A;QD.57;F1;SIM;1.0;25/06/2026;JUN;Renato de Castro;Joselia Soares da Silva;Lucas Lima;VALIDADO;
LPCO;GO;101.0;11.0;SOJA;11149P1633;NEO680 IPRO;—;;SOJA DEST STE O820 IPRO BG ST;S2;P1;BG;30.0;763.0;S2;763;30.0;Cam.A;QD.62;F5;SIM;1.0;25/06/2026;JUN;Renato de Castro;Joselia Soares da Silva;Lucas Lima;VALIDADO;
LPCO;GO;101.0;11.0;SOJA;11715P1730;761 I2X;—;;SOJA DEST STE O820 IPRO BG ST;S2;P1;BG;30.0;841.0;S2;841;30.0;Cam.A;QD.69;F5;SIM;1.0;25/06/2026;JUN;Renato de Castro;Joselia Soares da Silva;Lucas Lima;VALIDADO;
LPCO;GO;101.0;11.0;SOJA;11149P1632;NEO680 IPRO;—;;SOJA DEST STE O820 IPRO BG ST;S2;P1;BG;30.0;760.0;S2;760;30.0;Cam.A;QD.49;F2;SIM;1.0;25/06/2026;JUN;Renato de Castro;Joselia Soares da Silva;Lucas Lima;VALIDADO;
LPCO;GO;101.0;11.0;SOJA;11715P2728;761 I2X;—;;SOJA DEST STE O820 IPRO BG ST;S2;P2;BG;24.0;1029.0;S2;1029;24.0;Cam.A;QD.57;F2;SIM;1.0;25/06/2026;JUN;Renato de Castro;Joselia Soares da Silva;Lucas Lima;VALIDADO;
LPCO;GO;101.0;11.0;SOJA;11715P1729;761 I2X;—;;SOJA DEST STE O820 IPRO BG ST;S2;P1;BG;30.0;846.0;S2;846;30.0;Cam.A;QD.58;F1;SIM;1.0;25/06/2026;JUN;Renato de Castro;Joselia Soares da Silva;Lucas Lima;VALIDADO;
LPCO;GO;101.0;11.0;SOJA;11149P1631;NEO680 IPRO;—;;SOJA DEST STE O820 IPRO BG ST;S2;P1;BG;30.0;759.0;S2;759;30.0;Cam.A;QD.49;F3;SIM;1.0;25/06/2026;JUN;Renato de Castro;Joselia Soares da Silva;Lucas Lima;VALIDADO;
LPCO;GO;101.0;11.0;SOJA;11715P1727;761 I2X;—;;SOJA DEST STE O820 IPRO BG ST;S2;P1;BG;30.0;830.0;S2;830;30.0;Cam.A;QD.58;F4;SIM;1.0;25/06/2026;JUN;Renato de Castro;Joselia Soares da Silva;Lucas Lima;VALIDADO;
LPCO;GO;101.0;11.0;SOJA;11741P1309;NEO801 CE;—;;SOJA DEST STE O820 IPRO BG ST;C2;P1;BG;30.0;689.0;C2;689;30.0;Cam.A;QD.46;F7;SIM;1.0;25/06/2026;JUN;Renato de Castro;Joselia Soares da Silva;Lucas Lima;VALIDADO;
LPCO;GO;101.0;11.0;SOJA;11741P1310;NEO801 CE;—;;SOJA DEST STE O820 IPRO BG ST;C2;P1;BG;30.0;668.0;C2;668;30.0;Cam.A;QD.46;F6;SIM;1.0;25/06/2026;JUN;Renato de Castro;Joselia Soares da Silva;Lucas Lima;VALIDADO;
LPCO;GO;101.0;11.0;SOJA;11715P1734;761 I2X;—;;SOJA DEST STE O820 IPRO BG ST;S2;P1;BG;30.0;858.0;S2;858;30.0;Cam.A;QD.69;F3;SIM;1.0;25/06/2026;JUN;Renato de Castro;Joselia Soares da Silva;Lucas Lima;VALIDADO;
LPCO;GO;101.0;11.0;SOJA;11715P2733;761 I2X;—;;SOJA DEST STE O820 IPRO BG ST;S2;P2;BG;24.0;1030.0;S2;1030;24.0;Cam.A;QD.58;;SIM;1.0;25/06/2026;JUN;Renato de Castro;Joselia Soares da Silva;Lucas Lima;VALIDADO;
LPCO;GO;101.0;11.0;SOJA;11149P1636;NEO680 IPRO;—;;SOJA DEST STE O820 IPRO BG ST;S2;P1;BG;30.0;739.0;S2;739;30.0;Cam.A;QD.62;F3;SIM;1.0;25/06/2026;JUN;Renato de Castro;Joselia Soares da Silva;Lucas Lima;VALIDADO;
LPCO;GO;101.0;11.0;SOJA;11149P1635;NEO680 IPRO;—;;SOJA DEST STE O820 IPRO BG ST;S2;P1;BG;30.0;769.0;S2;769;30.0;Cam.A;QD.62;F4;SIM;1.0;25/06/2026;JUN;Renato de Castro;Joselia Soares da Silva;Lucas Lima;VALIDADO;
LPCO;GO;101.0;11.0;SOJA;11715P1732;761 I2X;—;;SOJA DEST STE O820 IPRO BG ST;S2;P1;BG;30.0;857.0;S2;857;30.0;Cam.A;QD.69;F4;SIM;1.0;25/06/2026;JUN;Renato de Castro;Joselia Soares da Silva;Lucas Lima;VALIDADO;
LPCO;GO;101.0;11.0;SOJA;11149P2640;NEO680 IPRO;—;;SOJA DEST STE O820 IPRO BG ST;S2;P2;BG;30.0;911.0;S2;911;30.0;Cam.A;QD.61;F3;SIM;1.0;25/06/2026;JUN;Renato de Castro;Joselia Soares da Silva;Lucas Lima;VALIDADO;
LPCO;GO;101.0;11.0;SOJA;11149P1639;NEO680 IPRO;—;;SOJA DEST STE O820 IPRO BG ST;S2;P1;BG;30.0;746.0;S2;746;30.0;Cam.A;QD.60;F3;SIM;1.0;25/06/2026;JUN;Renato de Castro;Joselia Soares da Silva;Lucas Lima;VALIDADO;
LPCO;GO;101.0;11.0;SOJA;11149P2634;NEO680 IPRO;—;;SOJA DEST STE O820 IPRO BG ST;S2;P2;BG;27.0;933.0;S2;933;27.0;Cam.A;QD.61;F4;SIM;1.0;25/06/2026;JUN;Renato de Castro;Joselia Soares da Silva;Lucas Lima;VALIDADO;
LPCO;GO;101.0;11.0;SOJA;11715P2736;761 I2X;—;;SOJA DEST STE O820 IPRO BG ST;S2;P2;BG;24.0;1020.0;S2;1020;24.0;Cam.A;QD.65;F5;SIM;1.0;25/06/2026;JUN;Renato de Castro;Joselia Soares da Silva;Lucas Lima;VALIDADO;
LPCO;GO;101.0;11.0;SOJA;11149P1638;NEO680 IPRO;—;;SOJA DEST STE O820 IPRO BG ST;S2;P1;BG;30.0;755.0;S2;755;30.0;Cam.A;QD.62;F1;SIM;1.0;25/06/2026;JUN;Renato de Castro;Joselia Soares da Silva;Lucas Lima;VALIDADO;
LPCO;GO;101.0;11.0;SOJA;11149P1637;NEO680 IPRO;—;;SOJA DEST STE O820 IPRO BG ST;S2;P1;BG;30.0;720.0;S2;720;30.0;Cam.A;QD.62;F2;SIM;1.0;25/06/2026;JUN;Renato de Castro;Joselia Soares da Silva;Lucas Lima;VALIDADO;
LPCO;GO;101.0;11.0;SOJA;11715P2740;761 I2X;—;;SOJA DEST STE O820 IPRO BG ST;S2;P2;BG;24.0;1025.0;S2;1025;24.0;Cam.A;QD.65;F3;SIM;1.0;25/06/2026;JUN;Renato de Castro;Joselia Soares da Silva;Lucas Lima;VALIDADO;
LPCO;GO;101.0;11.0;SOJA;11715P1739;761 I2X;—;;SOJA DEST STE O820 IPRO BG ST;S2;P1;BG;30.0;863.0;S2;863;30.0;Cam.A;QD.67;F5;SIM;1.0;25/06/2026;JUN;Renato de Castro;Joselia Soares da Silva;Lucas Lima;VALIDADO;
LPCO;GO;101.0;11.0;SOJA;11715P2738;761 I2X;—;;SOJA DEST STE O820 IPRO BG ST;S2;P2;BG;24.0;1016.0;S2;1016;24.0;Cam.A;QD.65;F4;SIM;1.0;25/06/2026;JUN;Renato de Castro;Joselia Soares da Silva;Lucas Lima;VALIDADO;
LPCO;GO;101.0;11.0;SOJA;11149P1641;NEO680 IPRO;—;;SOJA DEST STE O820 IPRO BG ST;S2;P1;BG;30.0;800.0;S2;800;30.0;Cam.A;QD.60;F2;SIM;1.0;25/06/2026;JUN;Renato de Castro;Joselia Soares da Silva;Lucas Lima;VALIDADO;
LPCO;GO;101.0;11.0;SOJA;11715P1737;761 I2X;—;;SOJA DEST STE O820 IPRO BG ST;S2;P1;BG;30.0;854.0;S2;854;30.0;Cam.A;QD.69;F1;SIM;1.0;25/06/2026;JUN;Renato de Castro;Joselia Soares da Silva;Lucas Lima;VALIDADO;
LPCO;GO;101.0;11.0;SOJA;11715P2743;761 I2X;—;;SOJA DEST STE O820 IPRO BG ST;S2;P2;BG;24.0;1027.0;S2;1027;24.0;Cam.A;QD.65;F2;SIM;1.0;25/06/2026;JUN;Renato de Castro;Joselia Soares da Silva;Lucas Lima;VALIDADO;
LPCO;GO;101.0;11.0;SOJA;11715P1744;761 I2X;—;;SOJA DEST STE O820 IPRO BG ST;S2;P1;BG;30.0;833.0;S2;833;30.0;Cam.A;QD.67;F2;SIM;1.0;25/06/2026;JUN;Renato de Castro;Joselia Soares da Silva;Lucas Lima;VALIDADO;
LPCO;GO;101.0;11.0;SOJA;11715P1742;761 I2X;—;;SOJA DEST STE O820 IPRO BG ST;S2;P1;BG;30.0;857.0;S2;857;30.0;Cam.A;QD.67;F3;SIM;1.0;25/06/2026;JUN;Renato de Castro;Joselia Soares da Silva;Lucas Lima;VALIDADO;
LPCO;GO;101.0;11.0;SOJA;11149P1644;NEO680 IPRO;—;;SOJA DEST STE O820 IPRO BG ST;S2;P1;BG;9.0;777.0;S2;777;9.0;Cam.A;QD.61;F2;SIM;1.0;25/06/2026;JUN;Renato de Castro;Joselia Soares da Silva;Lucas Lima;VALIDADO;
LPCO;GO;101.0;11.0;SOJA;11149P2642;NEO680 IPRO;—;;SOJA DEST STE O820 IPRO BG ST;S2;P2;BG;11.0;928.0;S2;928;11.0;Cam.A;QD.61;F1;SIM;1.0;25/06/2026;JUN;Renato de Castro;Joselia Soares da Silva;Lucas Lima;VALIDADO;
LPCO;GO;101.0;11.0;SOJA;11715P1741;761 I2X;—;;SOJA DEST STE O820 IPRO BG ST;S2;P1;BG;30.0;844.0;S2;844;30.0;Cam.A;QD.67;F4;SIM;1.0;25/06/2026;JUN;Renato de Castro;Joselia Soares da Silva;Lucas Lima;VALIDADO;
LPCO;GO;101.0;11.0;SOJA;11149P1643;NEO680 IPRO;—;;SOJA DEST STE O820 IPRO BG ST;S2;P1;BG;30.0;766.0;S2;766;30.0;Cam.A;QD.60;F1;SIM;1.0;25/06/2026;JUN;Renato de Castro;Joselia Soares da Silva;Lucas Lima;VALIDADO;
LPCO;GO;101.0;11.0;SOJA;11715P1735;761 I2X;—;;SOJA DEST STE O820 IPRO BG ST;S2;P1;BG;30.0;852.0;S2;852;30.0;Cam.A;QD.69;F2;SIM;1.0;25/06/2026;JUN;Renato de Castro;Joselia Soares da Silva;Lucas Lima;VALIDADO;
LPCO;GO;101.0;11.0;SOJA;11757P2804;NEO780 CE;—;;SOJA DEST STE O820 IPRO BG ST;C1;P2;BG;24.0;1032.0;C1;1032;24.0;Cam.B;QD.82;F2;SIM;1.0;25/06/2026;JUN;Renato de Castro;Joselia Soares da Silva;Lucas Lima;VALIDADO;
LPCO;GO;101.0;11.0;SOJA;11715P2747;761 I2X;—;;SOJA DEST STE O820 IPRO BG ST;S2;P2;BG;24.0;1030.0;S2;1030;24.0;Cam.A;QD.65;F1;SIM;1.0;25/06/2026;JUN;Renato de Castro;Joselia Soares da Silva;Lucas Lima;VALIDADO;
LPCO;GO;101.0;11.0;SOJA;11715P1748;761 I2X;—;;SOJA DEST STE O820 IPRO BG ST;S2;P1;BG;30.0;830.0;S2;830;30.0;Cam.A;QD.53;F5;SIM;1.0;25/06/2026;JUN;Renato de Castro;Joselia Soares da Silva;Lucas Lima;VALIDADO;
LPCO;GO;101.0;11.0;SOJA;11757P2802;NEO780 CE;—;;SOJA DEST STE O820 IPRO BG ST;C1;P2;BG;24.0;1039.0;C1;1039;24.0;Cam.B;QD.82;F1;SIM;1.0;25/06/2026;JUN;Renato de Castro;Joselia Soares da Silva;Lucas Lima;VALIDADO;
LPCO;GO;101.0;11.0;SOJA;11715P1746;761 I2X;—;;SOJA DEST STE O820 IPRO BG ST;S2;P1;BG;30.0;830.0;S2;830;30.0;Cam.A;QD.53;F6;SIM;1.0;25/06/2026;JUN;Renato de Castro;Joselia Soares da Silva;Lucas Lima;VALIDADO;
LPCO;GO;101.0;11.0;SOJA;11757P1801;NEO780 CE;—;;SOJA DEST STE O820 IPRO BG ST;C1;P1;BG;30.0;846.0;C1;846;30.0;Cam.B;QD.81;F1;SIM;1.0;25/06/2026;JUN;Renato de Castro;Joselia Soares da Silva;Lucas Lima;VALIDADO;
LPCO;GO;101.0;11.0;SOJA;11715P1745;761 I2X;—;;SOJA DEST STE O820 IPRO BG ST;S2;P1;BG;30.0;862.0;S2;862;30.0;Cam.A;QD.67;F1;SIM;1.0;25/06/2026;JUN;Renato de Castro;Joselia Soares da Silva;Lucas Lima;VALIDADO;
LPCO;GO;101.0;11.0;SOJA;11715P1752;761 I2X;—;;SOJA DEST STE O820 IPRO BG ST;S2;P1;BG;30.0;851.0;S2;851;30.0;Cam.A;QD.53;F2;SIM;1.0;25/06/2026;JUN;Renato de Castro;Joselia Soares da Silva;Lucas Lima;VALIDADO;
LPCO;GO;101.0;11.0;SOJA;11757P1805;NEO780 CE;—;;SOJA DEST STE O820 IPRO BG ST;C1;P1;BG;30.0;855.0;C1;855;30.0;Cam.B;QD.81;F3;SIM;1.0;25/06/2026;JUN;Renato de Castro;Joselia Soares da Silva;Lucas Lima;VALIDADO;
LPCO;GO;101.0;11.0;SOJA;11715P2750;761 I2X;—;;SOJA DEST STE O820 IPRO BG ST;S2;P2;BG;24.0;1012.0;S2;1012;24.0;Cam.A;CORREDOR;F2;SIM;1.0;25/06/2026;JUN;Renato de Castro;Joselia Soares da Silva;Lucas Lima;VALIDADO;
LPCO;GO;101.0;11.0;SOJA;11715P1751;761 I2X;—;;SOJA DEST STE O820 IPRO BG ST;S2;P1;BG;30.0;845.0;S2;845;30.0;Cam.A;QD.53;F3;SIM;1.0;25/06/2026;JUN;Renato de Castro;Joselia Soares da Silva;Lucas Lima;VALIDADO;
LPCO;GO;101.0;11.0;SOJA;11715P1749;761 I2X;—;;SOJA DEST STE O820 IPRO BG ST;S2;P1;BG;30.0;839.0;S2;839;30.0;Cam.A;QD.53;F4;SIM;1.0;25/06/2026;JUN;Renato de Castro;Joselia Soares da Silva;Lucas Lima;VALIDADO;
LPCO;GO;101.0;11.0;SOJA;11757P1803;NEO780 CE;—;;SOJA DEST STE O820 IPRO BG ST;C1;P1;BG;30.0;848.0;C1;848;30.0;Cam.B;QD.81;F2;SIM;1.0;25/06/2026;JUN;Renato de Castro;Joselia Soares da Silva;Lucas Lima;VALIDADO;
LPCO;GO;101.0;11.0;SOJA;11715P2756;761 I2X;—;;SOJA DEST STE O820 IPRO BG ST;S2;P2;BG;15.0;1033.0;S2;1033;15.0;Cam.A;CORREDOR;F3;SIM;1.0;25/06/2026;JUN;Renato de Castro;Joselia Soares da Silva;Lucas Lima;VALIDADO;
LPCO;GO;101.0;11.0;SOJA;11757P1807;NEO780 CE;—;;SOJA DEST STE O820 IPRO BG ST;C1;P1;BG;30.0;846.0;C1;846;30.0;Cam.B;QD.81;F4;SIM;1.0;25/06/2026;JUN;Renato de Castro;Joselia Soares da Silva;Lucas Lima;VALIDADO;
LPCO;GO;101.0;11.0;SOJA;11715P2753;761 I2X;—;;SOJA DEST STE O820 IPRO BG ST;S2;P2;BG;24.0;1023.0;S2;1023;24.0;Cam.A;CORREDOR;F1;SIM;1.0;25/06/2026;JUN;Renato de Castro;Joselia Soares da Silva;Lucas Lima;VALIDADO;
LPCO;GO;101.0;11.0;SOJA;11715P1754;761 I2X;—;;SOJA DEST STE O820 IPRO BG ST;S2;P1;BG;30.0;857.0;S2;857;30.0;Cam.A;QD.53;F1;SIM;1.0;25/06/2026;JUN;Renato de Castro;Joselia Soares da Silva;Lucas Lima;VALIDADO;
LPCO;GO;101.0;11.0;SOJA;11759P2408;NEO811 I2X;—;;SOJA DEST STE O820 IPRO BG ST;C1;P2;BG;30.0;809.0;C1;809;30.0;Cam.B;QD.84;F1;SIM;1.0;25/06/2026;JUN;Renato de Castro;Joselia Soares da Silva;Lucas Lima;VALIDADO;
LPCO;GO;101.0;11.0;SOJA;11757P2806;NEO780 CE;—;;SOJA DEST STE O820 IPRO BG ST;C1;P2;BG;24.0;1032.0;C1;1032;24.0;Cam.B;QD.82;F3;SIM;1.0;25/06/2026;JUN;Renato de Castro;Joselia Soares da Silva;Lucas Lima;VALIDADO;
LPCO;GO;101.0;11.0;SOJA;11715P1755;761 I2X;—;;SOJA DEST STE O820 IPRO BG ST;S2;P1;BG;29.0;864.0;S2;864;29.0;Cam.A;CORREDOR;F4;SIM;1.0;25/06/2026;JUN;Renato de Castro;Joselia Soares da Silva;Lucas Lima;VALIDADO;
LPCO;GO;101.0;11.0;SOJA;11757P2809;NEO780 CE;—;;SOJA DEST STE O820 IPRO BG ST;C1;P2;BG;17.0;1029.0;C1;1029;17.0;Cam.B;QD.82;F4;SIM;1.0;25/06/2026;JUN;Renato de Castro;Joselia Soares da Silva;Lucas Lima;VALIDADO;
LPCO;GO;101.0;11.0;SOJA;11759P1410;NEO811 I2X;—;;SOJA DEST STE O820 IPRO BG ST;C1;P1;BG;30.0;656.0;C1;656;30.0;Cam.B;QD.83;F2;SIM;1.0;25/06/2026;JUN;Renato de Castro;Joselia Soares da Silva;Lucas Lima;VALIDADO;
LPCO;GO;101.0;11.0;SOJA;11757P1810;NEO780 CE;—;;SOJA DEST STE O820 IPRO BG ST;C1;P1;BG;2.0;851.0;C1;851;2.0;Cam.B;QD.82;F5;SIM;1.0;25/06/2026;JUN;Renato de Castro;Joselia Soares da Silva;Lucas Lima;VALIDADO;
LPCO;GO;101.0;11.0;SOJA;11759P1409;NEO811 I2X;—;;SOJA DEST STE O820 IPRO BG ST;C1;P1;BG;30.0;652.0;C1;652;30.0;Cam.B;QD.83;F1;SIM;1.0;25/06/2026;JUN;Renato de Castro;Joselia Soares da Silva;Lucas Lima;VALIDADO;
LPCO;GO;101.0;11.0;SOJA;11757P1808;NEO780 CE;—;;SOJA DEST STE O820 IPRO BG ST;C1;P1;BG;30.0;850.0;C1;850;30.0;Cam.B;QD.81;F5;SIM;1.0;25/06/2026;JUN;Renato de Castro;Joselia Soares da Silva;Lucas Lima;VALIDADO;
LPCO;GO;101.0;11.0;SOJA;11740P1901;NEO771 I2X;—;;SOJA DEST STE O820 IPRO BG ST;C2;P1;BG;30.0;771.0;C2;771;30.0;Cam.B;QD.90;F1;SIM;1.0;25/06/2026;JUN;Renato de Castro;Joselia Soares da Silva;Lucas Lima;VALIDADO;
LPCO;GO;101.0;11.0;SOJA;11759P2413;NEO811 I2X;—;;SOJA DEST STE O820 IPRO BG ST;C1;P2;BG;30.0;826.0;C1;826;30.0;Cam.B;QD.84;F3;SIM;1.0;25/06/2026;JUN;Renato de Castro;Joselia Soares da Silva;Lucas Lima;VALIDADO;
LPCO;GO;101.0;11.0;SOJA;11759P1414;NEO811 I2X;—;;SOJA DEST STE O820 IPRO BG ST;C1;P1;BG;30.0;658.0;C1;658;30.0;Cam.B;QD.83;F4;SIM;1.0;25/06/2026;JUN;Renato de Castro;Joselia Soares da Silva;Lucas Lima;VALIDADO;
LPCO;GO;101.0;11.0;SOJA;11759P1412;NEO811 I2X;—;;SOJA DEST STE O820 IPRO BG ST;C1;P1;BG;30.0;656.0;C1;656;30.0;Cam.B;QD.83;F3;SIM;1.0;25/06/2026;JUN;Renato de Castro;Joselia Soares da Silva;Lucas Lima;VALIDADO;
LPCO;GO;101.0;11.0;SOJA;11759P2411;NEO811 I2X;—;;SOJA DEST STE O820 IPRO BG ST;C1;P2;BG;30.0;801.0;C1;801;30.0;Cam.B;QD.84;F2;SIM;1.0;25/06/2026;JUN;Renato de Castro;Joselia Soares da Silva;Lucas Lima;VALIDADO;
LPCO;GO;101.0;11.0;SOJA;11740P2904;NEO771 I2X;—;;SOJA DEST STE O820 IPRO BG ST;C2;P2;BG;30.0;870.0;C2;870;30.0;Cam.B;QD.91;F2;SIM;1.0;25/06/2026;JUN;Renato de Castro;Joselia Soares da Silva;Lucas Lima;VALIDADO;
LPCO;GO;101.0;11.0;SOJA;11740P1903;NEO771 I2X;—;;SOJA DEST STE O820 IPRO BG ST;C2;P1;BG;30.0;683.0;C2;683;30.0;Cam.B;QD.90;F2;SIM;1.0;25/06/2026;JUN;Renato de Castro;Joselia Soares da Silva;Lucas Lima;VALIDADO;
LPCO;GO;101.0;11.0;SOJA;11759P2416;NEO811 I2X;—;;SOJA DEST STE O820 IPRO BG ST;C1;P2;BG;1.0;794.0;C1;794;1.0;Cam.B;QD.84;F5;SIM;1.0;25/06/2026;JUN;Renato de Castro;Joselia Soares da Silva;Lucas Lima;VALIDADO;
LPCO;GO;101.0;11.0;SOJA;11759P1415;NEO811 I2X;—;;SOJA DEST STE O820 IPRO BG ST;C1;P1;BG;18.0;640.0;C1;640;18.0;Cam.B;QD.84;F4;SIM;1.0;25/06/2026;JUN;Renato de Castro;Joselia Soares da Silva;Lucas Lima;VALIDADO;
LPCO;GO;101.0;11.0;SOJA;11740P2902;NEO771 I2X;—;;SOJA DEST STE O820 IPRO BG ST;C2;P2;BG;27.0;941.0;C2;941;27.0;Cam.B;QD.91;F1;SIM;1.0;25/06/2026;JUN;Renato de Castro;Joselia Soares da Silva;Lucas Lima;VALIDADO;
LPCO;GO;101.0;11.0;SOJA;11743P2423;22213I2X;—;;SOJA DEST STE O820 IPRO BG ST;C2;P2;BG;27.0;929.0;C2;929;27.0;Cam.B;QD.86;F4;SIM;1.0;25/06/2026;JUN;Renato de Castro;Joselia Soares da Silva;Lucas Lima;VALIDADO;
LPCO;GO;101.0;11.0;SOJA;11740P2906;NEO771 I2X;—;;SOJA DEST STE O820 IPRO BG ST;C2;P2;BG;30.0;874.0;C2;874;30.0;Cam.B;QD.91;F3;SIM;1.0;25/06/2026;JUN;Renato de Castro;Joselia Soares da Silva;Lucas Lima;VALIDADO;
LPCO;GO;101.0;11.0;SOJA;11743P1420;22213I2X;—;;SOJA DEST STE O820 IPRO BG ST;C2;P1;BG;30.0;733.0;C2;733;30.0;Cam.B;QD.85;F2;SIM;1.0;25/06/2026;JUN;Renato de Castro;Joselia Soares da Silva;Lucas Lima;VALIDADO;
LPCO;GO;101.0;11.0;SOJA;11743P2419;22213I2X;—;;SOJA DEST STE O820 IPRO BG ST;C2;P2;BG;27.0;936.0;C2;936;27.0;Cam.B;QD.86;F2;SIM;1.0;25/06/2026;JUN;Renato de Castro;Joselia Soares da Silva;Lucas Lima;VALIDADO;
LPCO;GO;101.0;11.0;SOJA;11743P1417;22213I2X;—;;SOJA DEST STE O820 IPRO BG ST;C2;P1;BG;30.0;761.0;C2;761;30.0;Cam.B;QD.85;F1;SIM;1.0;25/06/2026;JUN;Renato de Castro;Joselia Soares da Silva;Lucas Lima;VALIDADO;
LPCO;GO;101.0;11.0;SOJA;11740P1905;NEO771 I2X;—;;SOJA DEST STE O820 IPRO BG ST;C2;P1;BG;30.0;688.0;C2;688;30.0;Cam.B;QD.90;F3;SIM;1.0;25/06/2026;JUN;Renato de Castro;Joselia Soares da Silva;Lucas Lima;VALIDADO;
LPCO;GO;101.0;11.0;SOJA;11743P2418;22213I2X;—;;SOJA DEST STE O820 IPRO BG ST;C2;P2;BG;27.0;953.0;C2;953;27.0;Cam.B;QD.86;F1;SIM;1.0;25/06/2026;JUN;Renato de Castro;Joselia Soares da Silva;Lucas Lima;VALIDADO;
LPCO;GO;101.0;11.0;SOJA;11740P1910;NEO771 I2X;—;;SOJA DEST STE O820 IPRO BG ST;C2;P1;BG;30.0;685.0;C2;685;30.0;Cam.B;QD.92;F2;SIM;1.0;25/06/2026;JUN;Renato de Castro;Joselia Soares da Silva;Lucas Lima;VALIDADO;
LPCO;GO;101.0;11.0;SOJA;11740P1911;NEO771 I2X;—;;SOJA DEST STE O820 IPRO BG ST;C2;P1;BG;30.0;680.0;C2;680;30.0;Cam.B;QD.92;F3;SIM;1.0;25/06/2026;JUN;Renato de Castro;Joselia Soares da Silva;Lucas Lima;VALIDADO;
LPCO;GO;101.0;11.0;SOJA;11740P2909;NEO771 I2X;—;;SOJA DEST STE O820 IPRO BG ST;C2;P2;BG;30.0;865.0;C2;865;30.0;Cam.B;QD.93;F2;SIM;1.0;25/06/2026;JUN;Renato de Castro;Joselia Soares da Silva;Lucas Lima;VALIDADO;
LPCO;GO;101.0;11.0;SOJA;11743P1424;22213I2X;—;;SOJA DEST STE O820 IPRO BG ST;C2;P1;BG;23.0;731.0;C2;731;23.0;Cam.B;QD.85;F4;SIM;1.0;25/06/2026;JUN;Renato de Castro;Joselia Soares da Silva;Lucas Lima;VALIDADO;
LPCO;GO;101.0;11.0;SOJA;11740P2908;NEO771 I2X;—;;SOJA DEST STE O820 IPRO BG ST;C2;P2;BG;30.0;874.0;C2;874;30.0;Cam.B;QD.93;F1;SIM;1.0;25/06/2026;JUN;Renato de Castro;Joselia Soares da Silva;Lucas Lima;VALIDADO;
LPCO;GO;101.0;11.0;SOJA;11740P1907;NEO771 I2X;—;;SOJA DEST STE O820 IPRO BG ST;C2;P1;BG;30.0;689.0;C2;689;30.0;Cam.B;QD.92;F1;SIM;1.0;25/06/2026;JUN;Renato de Castro;Joselia Soares da Silva;Lucas Lima;VALIDADO;
LPCO;GO;101.0;11.0;SOJA;11743P2421;22213I2X;—;;SOJA DEST STE O820 IPRO BG ST;C2;P2;BG;27.0;948.0;C2;948;27.0;Cam.B;QD.86;F3;SIM;1.0;25/06/2026;JUN;Renato de Castro;Joselia Soares da Silva;Lucas Lima;VALIDADO;
LPCO;GO;101.0;11.0;SOJA;11743P1422;22213I2X;—;;SOJA DEST STE O820 IPRO BG ST;C2;P1;BG;30.0;748.0;C2;748;30.0;Cam.B;QD.85;F3;SIM;1.0;25/06/2026;JUN;Renato de Castro;Joselia Soares da Silva;Lucas Lima;VALIDADO;
LPCO;GO;101.0;11.0;SOJA;11743P2425;22213I2X;—;;SOJA DEST STE O820 IPRO BG ST;C2;P2;BG;14.0;949.0;C2;949;14.0;Cam.B;QD.86;F5;SIM;1.0;25/06/2026;JUN;Renato de Castro;Joselia Soares da Silva;Lucas Lima;VALIDADO;
LPCO;GO;101.0;11.0;SOJA;11740P2912;NEO771 I2X;—;;SOJA DEST STE O820 IPRO BG ST;C2;P2;BG;30.0;872.0;C2;872;30.0;Cam.B;QD.93;F3;SIM;1.0;25/06/2026;JUN;Renato de Castro;Joselia Soares da Silva;Lucas Lima;VALIDADO;
LPCO;GO;101.0;11.0;SOJA;11264P1426;O820 IPRO;—;;SOJA DEST STE O820 IPRO BG ST;S1;P1;BG;27.0;967.0;S1;967;27.0;Cam.B;QD.99;F3;SIM;1.0;25/06/2026;JUN;Renato de Castro;Joselia Soares da Silva;Lucas Lima;VALIDADO;
LPCO;GO;101.0;11.0;SOJA;11740P2915;NEO771 I2X;—;;SOJA DEST STE O820 IPRO BG ST;C2;P2;BG;30.0;885.0;C2;885;30.0;Cam.B;QD.94;F2;SIM;1.0;25/06/2026;JUN;Renato de Castro;Joselia Soares da Silva;Lucas Lima;VALIDADO;
LPCO;GO;101.0;11.0;SOJA;11740P2914;NEO771 I2X;—;;SOJA DEST STE O820 IPRO BG ST;C2;P2;BG;30.0;878.0;C2;878;30.0;Cam.B;QD.94;F1;SIM;1.0;25/06/2026;JUN;Renato de Castro;Joselia Soares da Silva;Lucas Lima;VALIDADO;
LPCO;GO;101.0;11.0;SOJA;11740P1913;NEO771 I2X;—;;SOJA DEST STE O820 IPRO BG ST;C2;P1;BG;30.0;688.0;C2;688;30.0;Cam.A;QD.95;F3;SIM;1.0;25/06/2026;JUN;Renato de Castro;Joselia Soares da Silva;Lucas Lima;VALIDADO;
LPCO;GO;101.0;11.0;SOJA;11264P1428;O820 IPRO;—;;SOJA DEST STE O820 IPRO BG ST;S1;P1;BG;27.0;981.0;S1;981;27.0;Cam.B;QD.99;F2;SIM;1.0;25/06/2026;JUN;Renato de Castro;Joselia Soares da Silva;Lucas Lima;VALIDADO;
LPCO;GO;101.0;11.0;SOJA;11740P2917;NEO771 I2X;—;;SOJA DEST STE O820 IPRO BG ST;C2;P2;BG;30.0;871.0;C2;871;30.0;Cam.B;QD.94;F3;SIM;1.0;25/06/2026;JUN;Renato de Castro;Joselia Soares da Silva;Lucas Lima;VALIDADO;
LPCO;GO;101.0;11.0;SOJA;11264P2427;O820 IPRO;—;;SOJA DEST STE O820 IPRO BG ST;S1;P2;BG;18.0;1177.0;S1;1177;18.0;Cam.B;QD.100;F3;SIM;1.0;25/06/2026;JUN;Renato de Castro;Joselia Soares da Silva;Lucas Lima;VALIDADO;
LPCO;GO;101.0;11.0;SOJA;11740P1916;NEO771 I2X;—;;SOJA DEST STE O820 IPRO BG ST;C2;P1;BG;30.0;688.0;C2;688;30.0;Cam.A;QD.95;F2;SIM;1.0;25/06/2026;JUN;Renato de Castro;Joselia Soares da Silva;Lucas Lima;VALIDADO;
LPCO;GO;101.0;11.0;SOJA;11264P2431;O820 IPRO;—;;SOJA DEST STE O820 IPRO BG ST;S1;P2;BG;18.0;1182.0;S1;1182;18.0;Cam.B;QD.100;F1;SIM;1.0;25/06/2026;JUN;Renato de Castro;Joselia Soares da Silva;Lucas Lima;VALIDADO;
LPCO;GO;101.0;11.0;SOJA;11264P1432;O820 IPRO;—;;SOJA DEST STE O820 IPRO BG ST;S1;P1;BG;27.0;984.0;S1;984;27.0;Cam.B;QD.101;F2;SIM;1.0;25/06/2026;JUN;Renato de Castro;Joselia Soares da Silva;Lucas Lima;VALIDADO;
LPCO;GO;101.0;11.0;SOJA;11740P1920;NEO771 I2X;—;;SOJA DEST STE O820 IPRO BG ST;C2;P1;BG;30.0;678.0;C2;678;30.0;Cam.B;QD.97;F2;SIM;1.0;25/06/2026;JUN;Renato de Castro;Joselia Soares da Silva;Lucas Lima;VALIDADO;
LPCO;GO;101.0;11.0;SOJA;11740P2921;NEO771 I2X;—;;SOJA DEST STE O820 IPRO BG ST;C2;P2;BG;30.0;878.0;C2;878;30.0;Cam.B;QD.96;F3;SIM;1.0;25/06/2026;JUN;Renato de Castro;Joselia Soares da Silva;Lucas Lima;VALIDADO;
LPCO;GO;101.0;11.0;SOJA;11264P2429;O820 IPRO;—;;SOJA DEST STE O820 IPRO BG ST;S1;P2;BG;18.0;1178.0;S1;1178;18.0;Cam.B;QD.100;F2;SIM;1.0;25/06/2026;JUN;Renato de Castro;Joselia Soares da Silva;Lucas Lima;VALIDADO;
LPCO;GO;101.0;11.0;SOJA;11264P1430;O820 IPRO;—;;SOJA DEST STE O820 IPRO BG ST;S1;P1;BG;27.0;995.0;S1;995;27.0;Cam.B;QD.99;F1;SIM;1.0;25/06/2026;JUN;Renato de Castro;Joselia Soares da Silva;Lucas Lima;VALIDADO;
LPCO;GO;101.0;11.0;SOJA;11740P1918;NEO771 I2X;—;;SOJA DEST STE O820 IPRO BG ST;C2;P1;BG;30.0;679.0;C2;679;30.0;Cam.A;QD.95;F1;SIM;1.0;25/06/2026;JUN;Renato de Castro;Joselia Soares da Silva;Lucas Lima;VALIDADO;
LPCO;GO;101.0;11.0;SOJA;11740P2919;NEO771 I2X;—;;SOJA DEST STE O820 IPRO BG ST;C2;P2;BG;30.0;879.0;C2;879;30.0;Cam.B;QD.96;F3;SIM;1.0;25/06/2026;JUN;Renato de Castro;Joselia Soares da Silva;Lucas Lima;VALIDADO;
LPCO;GO;101.0;11.0;SOJA;11264P2433;O820 IPRO;—;;SOJA DEST STE O820 IPRO BG ST;S1;P2;BG;4.0;1193.0;S1;1193;4.0;Cam.B;QD.100;;SIM;1.0;25/06/2026;JUN;Renato de Castro;Joselia Soares da Silva;Lucas Lima;VALIDADO;
LPCO;GO;101.0;11.0;SOJA;11264P1434;O820 IPRO;—;;SOJA DEST STE O820 IPRO BG ST;S1;P1;BG;11.0;1002.0;S1;1002;11.0;Cam.B;QD.101;F1;SIM;1.0;25/06/2026;JUN;Renato de Castro;Joselia Soares da Silva;Lucas Lima;VALIDADO;
LPCO;GO;101.0;11.0;SOJA;11740P2922;NEO771 I2X;—;;SOJA DEST STE O820 IPRO BG ST;C2;P2;BG;30.0;870.0;C2;870;30.0;Cam.B;QD.96;F1;SIM;1.0;25/06/2026;JUN;Renato de Castro;Joselia Soares da Silva;Lucas Lima;VALIDADO;
LPCO;GO;101.0;11.0;SOJA;11740P1925;NEO771 I2X;—;;SOJA DEST STE O820 IPRO BG ST;C2;P1;BG;30.0;673.0;C2;673;30.0;Cam.B;QD.98;F1;SIM;1.0;25/06/2026;JUN;Renato de Castro;Joselia Soares da Silva;Lucas Lima;VALIDADO;
LPCO;GO;101.0;11.0;SOJA;11740P1923;NEO771 I2X;—;;SOJA DEST STE O820 IPRO BG ST;C2;P1;BG;30.0;682.0;C2;682;30.0;Cam.B;QD.30;F3;SIM;1.0;25/06/2026;JUN;Renato de Castro;Joselia Soares da Silva;Lucas Lima;VALIDADO;
LPCO;GO;101.0;11.0;SOJA;11740P2924;NEO771 I2X;—;;SOJA DEST STE O820 IPRO BG ST;C2;P2;BG;30.0;874.0;C2;874;30.0;Cam.B;QD.98;F3;SIM;1.0;25/06/2026;JUN;Renato de Castro;Joselia Soares da Silva;Lucas Lima;VALIDADO;
LPCO;GO;101.0;11.0;SOJA;11740P2926;NEO771 I2X;—;;SOJA DEST STE O820 IPRO BG ST;C2;P2;BG;30.0;866.0;C2;866;30.0;Cam.A;QD.98;F2;SIM;1.0;25/06/2026;JUN;Renato de Castro;Joselia Soares da Silva;Lucas Lima;VALIDADO;
LPCO;GO;101.0;11.0;SOJA;11740P2927;NEO771 I2X;—;;SOJA DEST STE O820 IPRO BG ST;C2;P2;BG;27.0;881.0;C2;881;27.0;Cam.B;QD.98;F1;SIM;1.0;25/06/2026;JUN;Renato de Castro;Joselia Soares da Silva;Lucas Lima;VALIDADO;
LPCO;GO;101.0;11.0;SOJA;11741P1312;NEO801 CE;—;;SOJA DEST STE O820 IPRO BG ST;C2;P1;BG;30.0;668.0;C2;668;30.0;Cam.A;QD.46;F5;SIM;1.0;25/06/2026;JUN;Renato de Castro;Joselia Soares da Silva;Lucas Lima;VALIDADO;
LPCO;GO;101.0;11.0;SOJA;11741P1314;NEO801 CE;—;;SOJA DEST STE O820 IPRO BG ST;C2;P1;BG;30.0;673.0;C2;673;30.0;Cam.A;QD.46;F4;SIM;1.0;25/06/2026;JUN;Renato de Castro;Joselia Soares da Silva;Lucas Lima;VALIDADO;
LPCO;GO;101.0;11.0;SOJA;11741P1315;NEO801 CE;—;;SOJA DEST STE O820 IPRO BG ST;C2;P1;BG;30.0;669.0;C2;669;30.0;Cam.A;QD.46;F3;SIM;1.0;25/06/2026;JUN;Renato de Castro;Joselia Soares da Silva;Lucas Lima;VALIDADO;
LPCO;GO;101.0;11.0;SOJA;11741P1317;NEO801 CE;—;;SOJA DEST STE O820 IPRO BG ST;C2;P1;BG;30.0;676.0;C2;676;30.0;Cam.A;QD.46;F2;SIM;1.0;25/06/2026;JUN;Renato de Castro;Joselia Soares da Silva;Lucas Lima;VALIDADO;
LPCO;GO;101.0;11.0;SOJA;11741P1319;NEO801 CE;—;;SOJA DEST STE O820 IPRO BG ST;C2;P1;BG;30.0;667.0;C2;667;30.0;Cam.A;QD.46;F1;SIM;1.0;25/06/2026;JUN;Renato de Castro;Joselia Soares da Silva;Lucas Lima;VALIDADO;
LPCO;GO;101.0;11.0;SOJA;11741P1320;NEO801 CE;—;;SOJA DEST STE O820 IPRO BG ST;C2;P1;BG;30.0;680.0;C2;680;30.0;Cam.A;QD.43;F5;SIM;1.0;25/06/2026;JUN;Renato de Castro;Joselia Soares da Silva;Lucas Lima;VALIDADO;
LPCO;GO;101.0;11.0;SOJA;11741P1322;NEO801 CE;—;;SOJA DEST STE O820 IPRO BG ST;C2;P1;BG;30.0;703.0;C2;703;30.0;Cam.A;QD.43;F4;SIM;1.0;25/06/2026;JUN;Renato de Castro;Joselia Soares da Silva;Lucas Lima;VALIDADO;
LPCO;GO;101.0;11.0;SOJA;11741P1324;NEO801 CE;—;;SOJA DEST STE O820 IPRO BG ST;C2;P1;BG;11.0;702.0;C2;702;11.0;Cam.A;QD.43;F3;SIM;1.0;25/06/2026;JUN;Renato de Castro;Joselia Soares da Silva;Lucas Lima;VALIDADO;
LPCO;GO;101.0;11.0;SOJA;11741P2308;NEO801 CE;—;;SOJA DEST STE O820 IPRO BG ST;C2;P2;BG;30.0;884.0;C2;884;30.0;Cam.A;QD.45;F7;SIM;1.0;25/06/2026;JUN;Renato de Castro;Joselia Soares da Silva;Lucas Lima;VALIDADO;
LPCO;GO;101.0;11.0;SOJA;11741P2311;NEO801 CE;—;;SOJA DEST STE O820 IPRO BG ST;C2;P2;BG;30.0;859.0;C2;859;30.0;Cam.A;QD.45;F6;SIM;1.0;25/06/2026;JUN;Renato de Castro;Joselia Soares da Silva;Lucas Lima;VALIDADO;
LPCO;GO;101.0;11.0;SOJA;11741P2313;NEO801 CE;—;;SOJA DEST STE O820 IPRO BG ST;C2;P2;BG;30.0;868.0;C2;868;30.0;Cam.A;QD.45;F4;SIM;1.0;25/06/2026;JUN;Renato de Castro;Joselia Soares da Silva;Lucas Lima;VALIDADO;
LPCO;GO;101.0;11.0;SOJA;11741P2316;NEO801 CE;—;;SOJA DEST STE O820 IPRO BG ST;C2;P2;BG;30.0;861.0;C2;861;30.0;Cam.A;QD.45;F5;SIM;1.0;25/06/2026;JUN;Renato de Castro;Joselia Soares da Silva;Lucas Lima;VALIDADO;
LPCO;GO;101.0;11.0;SOJA;11741P2318;NEO801 CE;—;;SOJA DEST STE O820 IPRO BG ST;C2;P2;BG;30.0;869.0;C2;869;30.0;Cam.A;QD.45;F3;SIM;1.0;25/06/2026;JUN;Renato de Castro;Joselia Soares da Silva;Lucas Lima;VALIDADO;
LPCO;GO;101.0;11.0;SOJA;11741P2321;NEO801 CE;—;;SOJA DEST STE O820 IPRO BG ST;C2;P2;BG;30.0;880.0;C2;880;30.0;Cam.A;QD.45;F1;SIM;1.0;25/06/2026;JUN;Renato de Castro;Joselia Soares da Silva;Lucas Lima;VALIDADO;
LPCO;GO;101.0;11.0;SOJA;11741P2323;NEO801 CE;—;;SOJA DEST STE O820 IPRO BG ST;C2;P2;BG;30.0;884.0;C2;884;30.0;Cam.A;QD.45;F2;SIM;1.0;25/06/2026;JUN;Renato de Castro;Joselia Soares da Silva;Lucas Lima;VALIDADO;
LPCO;GO;101.0;11.0;SOJA;11741P2325;NEO801 CE;—;;SOJA DEST STE O820 IPRO BG ST;C2;P2;BG;21.0;884.0;C2;884;21.0;Cam.A;QD.43;F2;SIM;1.0;25/06/2026;JUN;Renato de Castro;Joselia Soares da Silva;Lucas Lima;VALIDADO;
UBS I;GO;101.0;10.0;MILHO;242504306;CRV2874 PRO4;—;;SOJA DEST STE O820 IPRO BG ST;S1;;SC;1.0;;S1;;2.0;Cam.A;;;NÃO;1.0;24/06/2026;JUN;;;;DIVERGÊNCIA;QTD FÍSICA diferente da QTD SISTEMA
UBS I;GO;101.0;10.0;MILHO;CRV2I04002;CRV2874 PRO4;—;;SOJA DEST STE O820 IPRO BG ST;S1;R3L;SC;61.0;;S1;;55.0;Cam.A;;;NÃO;1.0;24/06/2026;JUN;;;;DIVERGÊNCIA;QTD FÍSICA diferente da QTD SISTEMA
UBS I;GO;101.0;10.0;MILHO;CRV2I04016;CRV2874 PRO4;—;;SOJA DEST STE O820 IPRO BG ST;S1;C3C;SC;8.0;;S1;;8.0;Cam.A;;;SIM;1.0;24/06/2026;JUN;;;;VALIDADO;
UBS I;GO;101.0;10.0;MILHO;CRV2I04018;CRV2874 PRO4;—;;SOJA DEST STE O820 IPRO BG ST;S1;R4C;SC;16.0;;S1;;16.0;Cam.A;;;SIM;1.0;24/06/2026;JUN;;;;VALIDADO;
UBS I;GO;101.0;10.0;MILHO;CRV2I04020;CRV2874 PRO4;—;;SOJA DEST STE O820 IPRO BG ST;S1;C4C;SC;36.0;;S1;;36.0;Cam.A;;;SIM;1.0;24/06/2026;JUN;;;;VALIDADO;
UBS I;GO;101.0;10.0;MILHO;CRV2I04021;CRV2874 PRO4;—;;SOJA DEST STE O820 IPRO BG ST;S1;R5C;SC;11.0;;S1;;11.0;Cam.A;;;SIM;1.0;24/06/2026;JUN;;;;VALIDADO;
UBS I;GO;101.0;10.0;MILHO;CRV2I04022;CRV2874 PRO4;—;;SOJA DEST STE O820 IPRO BG ST;S1;C5L;SC;23.0;;S1;;23.0;Cam.A;;;SIM;1.0;24/06/2026;JUN;;;;VALIDADO;
UBS I;GO;101.0;10.0;MILHO;CRV2I04025;CRV2874 PRO4;—;;SOJA DEST STE O820 IPRO BG ST;S1;C5C;SC;3.0;;S1;;3.0;Cam.A;;;SIM;1.0;24/06/2026;JUN;;;;VALIDADO;
UBS I;GO;101.0;10.0;MILHO;CRV2I05007;CRV2874 PRO4;—;;SOJA DEST STE O820 IPRO BG ST;S1;R4C;SC;87.0;;S1;;88.0;Cam.A;;;NÃO;1.0;24/06/2026;JUN;;;;DIVERGÊNCIA;QTD FÍSICA diferente da QTD SISTEMA
UBS I;GO;101.0;10.0;MILHO;CRV2I05010;CRV2874 PRO4;—;;SOJA DEST STE O820 IPRO BG ST;S1;;SC;305.0;;S1;;305.0;Cam.A;;;SIM;1.0;24/06/2026;JUN;;;;VALIDADO;
UBS I;GO;101.0;10.0;MILHO;CRV2I05012;CRV2874 PRO4;—;;SOJA DEST STE O820 IPRO BG ST;S1;C5L;SC;204.0;;S1;;204.0;Cam.A;;;SIM;1.0;24/06/2026;JUN;;;;VALIDADO;
UBS I;GO;101.0;10.0;MILHO;CRV2I05014;CRV2874 PRO4;—;;SOJA DEST STE O820 IPRO BG ST;S1;C3L;SC;12.0;;S1;;12.0;Cam.A;;;SIM;1.0;24/06/2026;JUN;;;;VALIDADO;
UBS I;GO;101.0;10.0;MILHO;CRV2I05016;CRV2874 PRO4;—;;SOJA DEST STE O820 IPRO BG ST;S1;C4L;SC;162.0;;S1;;167.0;Cam.A;;;NÃO;1.0;24/06/2026;JUN;;;;DIVERGÊNCIA;QTD FÍSICA diferente da QTD SISTEMA
UBS I;GO;101.0;10.0;MILHO;CRV2I410TC;CRV2874 PRO4;—;;SOJA DEST STE O820 IPRO BG ST;S1;R5L;SC;1.0;;;;;;;;;1.0;24/06/2026;JUN;;;;;Conferência com divergência
UBS I;GO;101.0;10.0;MILHO;34Z35501PB;SS183E VIP3;—;;SOJA DEST STE O820 IPRO BG ST;S1;R4C;BG;3.0;;S1;787;3.0;Cam.A;;;SIM;1.0;24/06/2026;JUN;;;;VALIDADO;
UBS I;GO;101.0;10.0;MILHO;44X35501ON;SS183E VIP3;—;;SOJA DEST STE O820 IPRO BG ST;S1;C4C;BG;14.0;;S1;728.5;14.0;Cam.A;;;SIM;1.0;24/06/2026;JUN;;;;VALIDADO;
UBS I;GO;101.0;10.0;MILHO;44X35505ON;SS183E VIP3;—;;SOJA DEST STE O820 IPRO BG ST;S1;C4C;BG;14.0;;S1;722;14.0;Cam.A;;;SIM;1.0;24/06/2026;JUN;;;;VALIDADO;
UBS I;GO;101.0;10.0;MILHO;44X35506ON;SS183E VIP3;—;;SOJA DEST STE O820 IPRO BG ST;S1;C4C;BG;9.0;;S1;709;9.0;Cam.A;;;SIM;1.0;24/06/2026;JUN;;;;VALIDADO;
UBS I;GO;101.0;10.0;MILHO;44X35518ON;SS183E VIP3;—;;SOJA DEST STE O820 IPRO BG ST;S1;R4M;BG;1.0;;S1;;1.0;Cam.A;;;SIM;1.0;24/06/2026;JUN;;;;VALIDADO;
UBS I;GO;101.0;10.0;MILHO;46W35006ON;SS183E VIP3;—;;SOJA DEST STE O820 IPRO BG ST;S1;C3M;BG;9.0;;;;;;;;;1.0;24/06/2026;JUN;;;;;Conferência com divergência
UBS I;GO;101.0;10.0;MILHO;46W35008ON;SS183E VIP3;—;;SOJA DEST STE O820 IPRO BG ST;S1;R4M;BG;10.0;;S1;840;19.0;Cam.A;;;NÃO;1.0;24/06/2026;JUN;;;;DIVERGÊNCIA;QTD FÍSICA diferente da QTD SISTEMA
UBS I;GO;101.0;10.0;MILHO;46W35015ON;SS183E VIP3;—;;SOJA DEST STE O820 IPRO BG ST;S1;R4C;SC;881.0;;S1;;881.0;Cam.A;;;SIM;1.0;24/06/2026;JUN;;;;VALIDADO;
UBS I;GO;101.0;10.0;MILHO;46W35016ON;SS183E VIP3;—;;SOJA DEST STE O820 IPRO BG ST;S1;R4M;SC;466.0;;S1;;466.0;Cam.A;;;SIM;1.0;24/06/2026;JUN;;;;VALIDADO;
UBS I;GO;101.0;10.0;MILHO;46W35022ON;SS183E VIP3;—;;SOJA DEST STE O820 IPRO BG ST;S1;R5C;SC;322.0;;S1;;322.0;Cam.A;;;SIM;1.0;24/06/2026;JUN;;;;VALIDADO;
UBS I;GO;101.0;10.0;MILHO;14260067SN;SX7331 TG;—;;SOJA DEST STE O820 IPRO BG ST;S1;C4C;SC;95.0;;S1;719;100.0;Cam.A;;;NÃO;1.0;24/06/2026;JUN;;;;DIVERGÊNCIA;QTD FÍSICA diferente da QTD SISTEMA
UBS I;GO;101.0;10.0;MILHO;14260083SN;SX7331 TG;—;;SOJA DEST STE O820 IPRO BG ST;S1;C3C;SC;73.0;;S1;725.5;73.0;Cam.A;;;SIM;1.0;24/06/2026;JUN;;;;VALIDADO;
UBS I;GO;101.0;10.0;MILHO;14260090SN;SX7331 TG;—;;SOJA DEST STE O820 IPRO BG ST;S1;C4C;SC;125.0;;S1;;125.0;Cam.A;;;SIM;1.0;24/06/2026;JUN;;;;VALIDADO;
UBS I;GO;101.0;10.0;MILHO;24260037SN;SX7331 TG;—;;SOJA DEST STE O820 IPRO BG ST;S1;C4M;SC;417.0;;S1;14.53;417.0;Cam.A;;;SIM;1.0;24/06/2026;JUN;;;;VALIDADO;
UBS I;GO;101.0;10.0;MILHO;24260038SN;SX7331 TG;—;;SOJA DEST STE O820 IPRO BG ST;S1;C4C;SC;130.0;;S1;;130.0;Cam.A;;;SIM;1.0;24/06/2026;JUN;;;;VALIDADO;
UBS I;GO;101.0;10.0;MILHO;24260046SN;SX7331 TG;—;;SOJA DEST STE O820 IPRO BG ST;S1;C3M;SC;97.0;;S1;16.29;95.0;Cam.A;;;NÃO;1.0;24/06/2026;JUN;;;;DIVERGÊNCIA;QTD FÍSICA diferente da QTD SISTEMA
UBS I;GO;101.0;10.0;MILHO;44160002SN;SX7331 TG;—;;SOJA DEST STE O820 IPRO BG ST;S1;R5C;SC;254.0;;S1;;254.0;Cam.A;;;SIM;1.0;24/06/2026;JUN;;;;VALIDADO;
UBS I;GO;101.0;10.0;MILHO;44160004SN;SX7331 TG;—;;SOJA DEST STE O820 IPRO BG ST;S1;C3M;SC;456.0;;S1;;456.0;Cam.A;;;SIM;1.0;24/06/2026;JUN;;;;VALIDADO;
UBS I;GO;101.0;10.0;MILHO;34X35006OG;SS183E VIP3                             ;—;;SOJA DEST STE O820 IPRO BG ST;S1;;SC;144.0;;S1;;134.0;Cam.A;;;NÃO;1.0;24/06/2026;JUN;;;;DIVERGÊNCIA;QTD FÍSICA diferente da QTD SISTEMA
UBS I;GO;101.0;10.0;MILHO;34X35024OG;SS183E VIP3                             ;—;;SOJA DEST STE O820 IPRO BG ST;S1;;SC;164.0;;S1;;164.0;Cam.A;;;SIM;1.0;24/06/2026;JUN;;;;VALIDADO;
UBS I;GO;101.0;10.0;MILHO;46W35013ON;SS183E VIP3                             ;—;;SOJA DEST STE O820 IPRO BG ST;S1;;SC;285.0;;S1;;285.0;Cam.A;;;SIM;1.0;24/06/2026;JUN;;;;VALIDADO;
UBS I;GO;101.0;10.0;MILHO;46W35021ON;SS183E VIP3                             ;—;;SOJA DEST STE O820 IPRO BG ST;S1;;SC;21.0;;S1;;21.0;Cam.A;;;SIM;1.0;24/06/2026;JUN;;;;VALIDADO;
UBS I;GO;101.0;10.0;SOJA;11026739P1001;NEO700 I2X;—;C2;SOJA DEST STE O820 IPRO BG ST;C2;P1;BG;27.0;923.0;C2;923;27.0;Cam.C;QD.37;F1;SIM;1.0;29/07/2026;JUL;SAMUEL;SERGIO ;CLAUDIO ;VALIDADO;
UBS I;GO;101.0;10.0;SOJA;11026739P1003;NEO700 I2X;—;C2;P1;C2;P1;BG;30.0;868.0;C2;868;30.0;Cam.C;QD.37;F2;SIM;1.0;29/07/2026;JUL;SAMUEL;SERGIO ;CLAUDIO ;VALIDADO;
UBS I;GO;101.0;10.0;SOJA;11026739P1004;NEO700 I2X;—;C2;P1;C2;P1;BG;30.0;782.0;C2;782;30.0;Cam.C;QD.37;F3;SIM;1.0;29/07/2026;JUL;SAMUEL;SERGIO ;CLAUDIO ;VALIDADO;
UBS I;GO;101.0;10.0;SOJA;11026739P2005;NEO700 I2X;—;C2;P2;C2;P2;BG;27.0;964.0;C2;964;27.0;Cam.C;QD.34;F1;SIM;1.0;29/07/2026;JUL;SAMUEL;SERGIO ;CLAUDIO ;VALIDADO;
UBS I;GO;101.0;10.0;SOJA;11026739P2002;NEO700 I2X;—;C2;P2;C2;P2;BG;9.0;1127.0;C2;1127;9.0;Cam.C;QD.38;F4;SIM;1.0;29/07/2026;JUL;SAMUEL;SERGIO ;CLAUDIO ;VALIDADO;
UBS I;GO;101.0;10.0;SOJA;11026739P1006;NEO700 I2X;—;C2;P1;C2;P1;BG;30.0;795.0;C2;795;30.0;Cam.C;QD.35;F1;SIM;1.0;29/07/2026;JUL;SAMUEL;SERGIO ;CLAUDIO ;VALIDADO;
UBS I;GO;101.0;10.0;SOJA;11026739P1007;NEO700 I2X;—;C2;P1;C2;P1;BG;30.0;790.0;C2;790;30.0;Cam.C;QD.35;F2;SIM;1.0;29/07/2026;JUL;SAMUEL;SERGIO ;CLAUDIO ;VALIDADO;
UBS I;GO;101.0;10.0;SOJA;11026739P2008;NEO700 I2X;—;C2;P2;C2;P2;BG;27.0;946.0;C2;946;27.0;Cam.C;QD.34;F2;SIM;1.0;29/07/2026;JUL;SAMUEL;SERGIO ;CLAUDIO ;VALIDADO;
UBS I;GO;101.0;10.0;SOJA;11026739P1009;NEO700 I2X;—;C2;P1;C2;P1;BG;30.0;791.0;C2;791;30.0;Cam.C;QD.35;F3;SIM;1.0;29/07/2026;JUL;SAMUEL;SERGIO ;CLAUDIO ;VALIDADO;
UBS I;GO;101.0;10.0;SOJA;11026739P1010;NEO700 I2X;—;C2;P1;C2;P1;BG;30.0;790.0;C2;790;30.0;Cam.C;QD.35;F4;SIM;1.0;29/07/2026;JUL;SAMUEL;SERGIO ;CLAUDIO ;VALIDADO;
UBS I;GO;101.0;10.0;SOJA;11026739P2011;NEO700 I2X;—;C2;P2;C2;P2;BG;27.0;955.0;C2;955;27.0;Cam.C;QD.34;F3;SIM;1.0;29/07/2026;JUL;SAMUEL;SERGIO ;CLAUDIO ;VALIDADO;
UBS I;GO;101.0;10.0;SOJA;11026739P1012;NEO700 I2X;—;C2;P1;C2;P1;BG;30.0;775.0;C2;775;30.0;Cam.C;QD.33;F1;SIM;1.0;29/07/2026;JUL;SAMUEL;SERGIO ;CLAUDIO ;VALIDADO;
UBS I;GO;101.0;10.0;SOJA;11026739P2013;NEO700 I2X;—;C2;P2;C2;P2;BG;27.0;964.0;C2;964;27.0;Cam.C;QD.34;F4;SIM;1.0;29/07/2026;JUL;SAMUEL;SERGIO ;CLAUDIO ;VALIDADO;
UBS I;GO;101.0;10.0;SOJA;11026739P1014;NEO700 I2X;—;C2;P1;C2;P1;BG;30.0;800.0;C2;800;30.0;Cam.C;QD.37;F4;SIM;1.0;29/07/2026;JUL;SAMUEL;SERGIO ;CLAUDIO ;VALIDADO;
UBS I;GO;101.0;10.0;SOJA;11026739P1015;NEO700 I2X;—;C2;P1;C2;P1;BG;30.0;787.0;C2;787;30.0;Cam.C;QD.33;F2;SIM;1.0;29/07/2026;JUL;SAMUEL;SERGIO ;CLAUDIO ;VALIDADO;
UBS I;GO;101.0;10.0;SOJA;11026739P1018;NEO700 I2X;—;C2;P1;C2;P1;BG;30.0;804.0;C2;804;30.0;Cam.C;QD.31;F1;SIM;1.0;29/07/2026;JUL;SAMUEL;SERGIO ;CLAUDIO ;VALIDADO;
UBS I;GO;101.0;10.0;SOJA;11026739P2019;NEO700 I2X;—;C2;P2;C2;P2;BG;27.0;973.0;C2;973;27.0;Cam.C;QD.32;F2;SIM;1.0;29/07/2026;JUL;SAMUEL;SERGIO ;CLAUDIO ;VALIDADO;
UBS I;GO;101.0;10.0;SOJA;11026739P2016;NEO700 I2X;—;C2;P2;C2;P2;BG;27.0;949.0;C2;949;27.0;Cam.C;QD.32;F1;SIM;1.0;29/07/2026;JUL;SAMUEL;SERGIO ;CLAUDIO ;VALIDADO;
UBS I;GO;101.0;10.0;SOJA;11026739P1017;NEO700 I2X;—;C2;P1;C2;P1;BG;0.0;798.0;C2;0;0.0;0;0;0;SIM;0.0;29/07/2026;JUL;SAMUEL;SERGIO ;CLAUDIO ;VALIDADO;
UBS I;GO;101.0;10.0;SOJA;11026739P2020;NEO700 I2X;—;C2;P2;C2;P2;BG;27.0;998.0;C2;998;27.0;Cam.C;QD.28;F4;SIM;1.0;29/07/2026;JUL;SAMUEL;SERGIO ;CLAUDIO ;VALIDADO;
UBS I;GO;101.0;10.0;SOJA;11026739P1021;NEO700 I2X;—;C2;P1;C2;P1;BG;0.0;825.0;C2;0;0.0;0;0;0;SIM;0.0;29/07/2026;JUL;SAMUEL;SERGIO ;CLAUDIO ;VALIDADO;
UBS I;GO;101.0;10.0;SOJA;11026739P2022;NEO700 I2X;—;C2;P2;C2;P2;BG;27.0;969.0;C2;969;27.0;Cam.C;QD.27;F4;SIM;1.0;29/07/2026;JUL;SAMUEL;SERGIO ;CLAUDIO ;VALIDADO;
UBS I;GO;101.0;10.0;SOJA;11026739P1023;NEO700 I2X;—;C2;P1;C2;P1;BG;30.0;813.0;C2;813;30.0;Cam.C;QD.31;F2;SIM;1.0;29/07/2026;JUL;SAMUEL;SERGIO ;CLAUDIO ;VALIDADO;
UBS I;GO;101.0;10.0;SOJA;11026739P2024;NEO700 I2X;—;C2;P2;C2;P2;BG;27.0;964.0;C2;964;27.0;Cam.C;QD.30;F3;SIM;1.0;29/07/2026;JUL;SAMUEL;SERGIO ;CLAUDIO ;VALIDADO;
UBS I;GO;101.0;10.0;SOJA;11026739P1025;NEO700 I2X;—;C2;P1;C2;P1;BG;30.0;806.0;C2;806;30.0;Cam.C;QD.31;F3;SIM;1.0;29/07/2026;JUL;SAMUEL;SERGIO ;CLAUDIO ;VALIDADO;
UBS I;GO;101.0;10.0;SOJA;11026739P2026;NEO700 I2X;—;C2;P2;C2;P2;BG;27.0;956.0;C2;956;27.0;Cam.C;QD.30;F1;SIM;1.0;29/07/2026;JUL;SAMUEL;SERGIO ;CLAUDIO ;VALIDADO;
UBS I;GO;101.0;10.0;SOJA;11026739P2027;NEO700 I2X;—;C2;P2;C2;P2;BG;27.0;963.0;C2;963;27.0;Cam.C;QD.30;F2;SIM;1.0;29/07/2026;JUL;SAMUEL;SERGIO ;CLAUDIO ;VALIDADO;
UBS I;GO;101.0;10.0;SOJA;11026739P1028;NEO700 I2X;—;C2;P1;C2;P1;BG;30.0;805.0;C2;805;30.0;Cam.C;QD.31;F4;SIM;1.0;29/07/2026;JUL;SAMUEL;SERGIO ;CLAUDIO ;VALIDADO;
UBS I;GO;101.0;10.0;SOJA;11026739P2029;NEO700 I2X;—;C2;P2;C2;P2;BG;27.0;958.0;C2;958;27.0;Cam.C;QD.30;F4;SIM;1.0;29/07/2026;JUL;SAMUEL;SERGIO ;CLAUDIO ;VALIDADO;
UBS I;GO;101.0;10.0;SOJA;11026739P1030;NEO700 I2X;—;C2;P1;C2;P1;BG;30.0;803.0;C2;803;30.0;Cam.C;QD.33;F4;SIM;1.0;29/07/2026;JUL;SAMUEL;SERGIO ;CLAUDIO ;VALIDADO;
UBS I;GO;101.0;10.0;SOJA;11026739P2031;NEO700 I2X;—;C2;P2;C2;P2;BG;27.0;940.0;C2;940;27.0;Cam.C;QD.27;F1;SIM;1.0;29/07/2026;JUL;SAMUEL;SERGIO ;CLAUDIO ;VALIDADO;
UBS I;GO;101.0;10.0;SOJA;11026739P2032;NEO700 I2X;—;C2;P2;C2;P2;BG;27.0;956.0;C2;956;27.0;Cam.C;QD.27;F2;SIM;1.0;29/07/2026;JUL;SAMUEL;SERGIO ;CLAUDIO ;VALIDADO;
UBS I;GO;101.0;10.0;SOJA;11026739P1033;NEO700 I2X;—;C2;P1;C2;P1;BG;30.0;829.0;C2;829;30.0;Cam.C;QD.15;F3;SIM;1.0;29/07/2026;JUL;SAMUEL;SERGIO ;CLAUDIO ;VALIDADO;
UBS I;GO;101.0;10.0;SOJA;11026739P2034;NEO700 I2X;—;C2;P2;C2;P2;BG;27.0;937.0;C2;937;27.0;Cam.C;QD.27;F3;SIM;1.0;29/07/2026;JUL;SAMUEL;SERGIO ;CLAUDIO ;VALIDADO;
UBS I;GO;101.0;10.0;SOJA;11026739P1035;NEO700 I2X;—;C2;P1;C2;P1;BG;30.0;782.0;C2;782;30.0;Cam.C;QD.33;F3;SIM;1.0;29/07/2026;JUL;SAMUEL;SERGIO ;CLAUDIO ;VALIDADO;
UBS I;GO;101.0;10.0;SOJA;11026739P1036;NEO700 I2X;—;C2;P1;C2;P1;BG;30.0;782.0;C2;782;30.0;Cam.C;QD.15;F2;SIM;1.0;29/07/2026;JUL;SAMUEL;SERGIO ;CLAUDIO ;VALIDADO;
UBS I;GO;101.0;10.0;SOJA;11026739P2037;NEO700 I2X;—;C2;P2;C2;P2;BG;27.0;931.0;C2;931;27.0;Cam.C;QD.32;F3;SIM;1.0;29/07/2026;JUL;SAMUEL;SERGIO ;CLAUDIO ;VALIDADO;
UBS I;GO;101.0;10.0;SOJA;11026739P1038;NEO700 I2X;—;C2;P1;C2;P1;BG;21.0;793.0;C2;793;21.0;Cam.C;QD.26;F1;SIM;1.0;29/07/2026;JUL;SAMUEL;SERGIO ;CLAUDIO ;VALIDADO;
UBS I;GO;101.0;10.0;SOJA;11026739P2039;NEO700 I2X;—;C2;P2;C2;P2;BG;27.0;948.0;C2;948;27.0;Cam.C;QD.25;F1;SIM;1.0;29/07/2026;JUL;SAMUEL;SERGIO ;CLAUDIO ;VALIDADO;
UBS I;GO;101.0;10.0;SOJA;11026739P2040;NEO700 I2X;—;C2;P2;C2;P2;BG;27.0;950.0;C2;950;27.0;Cam.C;QD.25;F2;SIM;1.0;29/07/2026;JUL;SAMUEL;SERGIO ;CLAUDIO ;VALIDADO;
UBS I;GO;101.0;10.0;SOJA;11026739P1041;NEO700 I2X;—;C2;P1;C2;P1;BG;30.0;814.0;C2;814;30.0;Cam.C;QD.04;F2;SIM;1.0;29/07/2026;JUL;SAMUEL;SERGIO ;CLAUDIO ;VALIDADO;
UBS I;GO;101.0;10.0;SOJA;11026739P2042;NEO700 I2X;—;C2;P2;C2;P2;BG;27.0;981.0;C2;981;27.0;Cam.C;QD.25;F3;SIM;1.0;29/07/2026;JUL;SAMUEL;SERGIO ;CLAUDIO ;VALIDADO;
UBS I;GO;101.0;10.0;SOJA;11026739P1043;NEO700 I2X;—;C2;P1;C2;P1;BG;30.0;820.0;C2;820;30.0;Cam.C;QD.04;F1;SIM;1.0;29/07/2026;JUL;SAMUEL;SERGIO ;CLAUDIO ;VALIDADO;
UBS I;GO;101.0;10.0;SOJA;11026739P2044;NEO700 I2X;—;C2;P2;C2;P2;BG;17.0;977.0;C2;977;17.0;Cam.C;QD.25;F4;SIM;1.0;29/07/2026;JUL;SAMUEL;SERGIO ;CLAUDIO ;VALIDADO;
UBS I;GO;101.0;10.0;SOJA;11026740P2045;NEO771 I2X;—;C2;P2;C2;P2;BG;30.0;834.0;C2;834;30.0;Cam.A;QD.42;F2;SIM;1.0;29/07/2026;JUL;SAMUEL;SERGIO ;CLAUDIO ;VALIDADO;
UBS I;GO;101.0;10.0;SOJA;11026740P1046;NEO771 I2X;—;C2;P1;C2;P1;BG;30.0;684.0;C2;684;30.0;Cam.A;QD.02; F1 ;SIM;1.0;29/07/2026;JUL;SAMUEL;SERGIO ;CLAUDIO ;VALIDADO;
UBS I;GO;101.0;10.0;SOJA;11026740P2047;NEO771 I2X;—;C2;P2;C2;P2;BG;30.0;856.0;C2;856;30.0;Cam.A;QD.01;F1;SIM;1.0;29/07/2026;JUL;SAMUEL;SERGIO ;CLAUDIO ;VALIDADO;
UBS I;GO;101.0;10.0;SOJA;11026740P1048;NEO771 I2X;—;C2;P1;C2;P1;BG;30.0;693.0;C2;693;30.0;Cam.A; QD.07 ;F2;SIM;1.0;29/07/2026;JUL;SAMUEL;SERGIO ;CLAUDIO ;VALIDADO;
UBS I;GO;101.0;10.0;SOJA;11026740P2049;NEO771 I2X;—;C2;P2;C2;P2;BG;30.0;872.0;C2;872;30.0;Cam.A;QD.01;F2;SIM;1.0;29/07/2026;JUL;SAMUEL;SERGIO ;CLAUDIO ;VALIDADO;
UBS I;GO;101.0;10.0;SOJA;11026740P1050;NEO771 I2X;—;C2;P1;C2;P1;BG;30.0;697.0;C2;697;30.0;Cam.C;QD.06;F4;SIM;1.0;29/07/2026;JUL;SAMUEL;SERGIO ;CLAUDIO ;VALIDADO;
UBS I;GO;101.0;10.0;SOJA;11026740P2051;NEO771 I2X;—;C2;P2;C2;P2;BG;30.0;876.0;C2;876;30.0;Cam.A;QD.02;F2;SIM;1.0;29/07/2026;JUL;SAMUEL;SERGIO ;CLAUDIO ;VALIDADO;
UBS I;GO;101.0;10.0;SOJA;11026740P1052;NEO771 I2X;—;C2;P1;C2;P1;BG;30.0;696.0;C2;696;30.0;Cam.A; QD.01 ;F4;SIM;1.0;29/07/2026;JUL;SAMUEL;SERGIO ;CLAUDIO ;VALIDADO;
UBS I;GO;101.0;10.0;SOJA;11026740P2053;NEO771 I2X;—;C2;P2;C2;P2;BG;30.0;852.0;C2;852;30.0;Cam.A;QD.02;F3;SIM;1.0;29/07/2026;JUL;SAMUEL;SERGIO ;CLAUDIO ;VALIDADO;
UBS I;GO;101.0;10.0;SOJA;11026740P1054;NEO771 I2X;—;C2;P1;C2;P1;BG;30.0;698.0;C2;698;30.0;Cam.A;QD.01;F3;SIM;1.0;29/07/2026;JUL;SAMUEL;SERGIO ;CLAUDIO ;VALIDADO;
UBS I;GO;101.0;10.0;SOJA;11026740P2055;NEO771 I2X;—;C2;P2;C2;P2;BG;30.0;854.0;C2;854;30.0;Cam.B;QD.01;F4;SIM;1.0;29/07/2026;JUL;SAMUEL;SERGIO ;CLAUDIO ;VALIDADO;
UBS I;GO;101.0;10.0;SOJA;11026740P1056;NEO771 I2X;—;C2;P1;C2;P1;BG;30.0;699.0;C2;699;30.0;Cam.A; QD.07 ;F3;SIM;1.0;29/07/2026;JUL;SAMUEL;SERGIO ;CLAUDIO ;VALIDADO;
UBS I;GO;101.0;10.0;SOJA;11026740P2057;NEO771 I2X;—;C2;P2;C2;P2;BG;30.0;883.0;C2;883;30.0;Cam.B;QD.01;F3;SIM;1.0;29/07/2026;JUL;SAMUEL;SERGIO ;CLAUDIO ;VALIDADO;
UBS I;GO;101.0;10.0;SOJA;11026715P2060;NEO761 I2X;—;S2;P2;S2;P2;BG;24.0;1033.0;S2;1033;24.0;Cam.C;QD.24;F1;SIM;1.0;29/07/2026;JUL;SAMUEL;SERGIO ;CLAUDIO ;VALIDADO;
UBS I;GO;101.0;10.0;SOJA;11026715P1061;NEO761 I2X;—;S2;P1;S2;P1;BG;6.0;814.0;S2;814;6.0;Cam.A;QD.36;F1;SIM;1.0;29/07/2026;JUL;SAMUEL;SERGIO ;CLAUDIO ;VALIDADO;
UBS I;GO;101.0;10.0;SOJA;11026715P2062;NEO761 I2X;—;S2;P2;S2;P2;BG;24.0;1014.0;S2;1014;24.0;Cam.C;QD.24;F3;SIM;1.0;29/07/2026;JUL;SAMUEL;SERGIO ;CLAUDIO ;VALIDADO;
UBS I;GO;101.0;10.0;SOJA;11026715P1063;NEO761 I2X;—;S2;P1;S2;P1;BG;30.0;824.0;S2;824;30.0;Cam.C;QD.13;F3;SIM;1.0;29/07/2026;JUL;SAMUEL;SERGIO ;CLAUDIO ;VALIDADO;
UBS I;GO;101.0;10.0;SOJA;11026715P2064;NEO761 I2X;—;S2;P2;S2;P2;BG;24.0;1015.0;S2;1015;24.0;Cam.C;QD.24;F2;SIM;1.0;29/07/2026;JUL;SAMUEL;SERGIO ;CLAUDIO ;VALIDADO;
UBS I;GO;101.0;10.0;SOJA;11026715P2065;NEO761 I2X;—;S2;P2;S2;P2;BG;27.0;1000.0;S2;1000;27.0;Cam.C;QD.24;F4;SIM;1.0;29/07/2026;JUL;SAMUEL;SERGIO ;CLAUDIO ;VALIDADO;
UBS I;GO;101.0;10.0;SOJA;11026715P2066;NEO761 I2X;—;S2;P2;S2;P2;BG;27.0;992.0;S2;992;27.0;Cam.C;QD.22;F1;SIM;1.0;29/07/2026;JUL;SAMUEL;SERGIO ;CLAUDIO ;VALIDADO;
UBS I;GO;101.0;10.0;SOJA;11026715P1067;NEO761 I2X;—;S2;P1;S2;P1;BG;30.0;810.0;S2;810;30.0;Cam.C;QD.13;F2;SIM;1.0;29/07/2026;JUL;SAMUEL;SERGIO ;CLAUDIO ;VALIDADO;
UBS I;GO;101.0;10.0;SOJA;11026715P2068;NEO761 I2X;—;S2;P2;S2;P2;BG;24.0;1018.0;S2;1018;24.0;Cam.C;QD.22;F3;SIM;1.0;29/07/2026;JUL;SAMUEL;SERGIO ;CLAUDIO ;VALIDADO;
UBS I;GO;101.0;10.0;SOJA;11026715P2070;NEO761 I2X;—;S2;P2;S2;P2;BG;24.0;1016.0;S2;1016;24.0;Cam.C;QD.22;F2;SIM;1.0;29/07/2026;JUL;SAMUEL;SERGIO ;CLAUDIO ;VALIDADO;
UBS I;GO;101.0;10.0;SOJA;11026715P2071;NEO761 I2X;—;S2;P2;S2;P2;BG;27.0;1002.0;S2;1002;27.0;Cam.C;QD.22;F4;SIM;1.0;29/07/2026;JUL;SAMUEL;SERGIO ;CLAUDIO ;VALIDADO;
UBS I;GO;101.0;10.0;SOJA;11026715P1069;NEO761 I2X;—;S2;P1;S2;P1;BG;30.0;819.0;S2;819;30.0;Cam.C;QD.13;F1;SIM;1.0;29/07/2026;JUL;SAMUEL;SERGIO ;CLAUDIO ;VALIDADO;
UBS I;GO;101.0;10.0;SOJA;11026715P2072;NEO761 I2X;—;S2;P2;S2;P2;BG;24.0;1028.0;S2;1028;24.0;Cam.C;QD.15;F3;SIM;1.0;29/07/2026;JUL;SAMUEL;SERGIO ;CLAUDIO ;VALIDADO;
UBS I;GO;101.0;10.0;SOJA;11026715P1073;NEO761 I2X;—;S2;P1;S2;P1;BG;30.0;823.0;S2;823;30.0;Cam.C;QD.15;F1;SIM;1.0;29/07/2026;JUL;SAMUEL;SERGIO ;CLAUDIO ;VALIDADO;
UBS I;GO;101.0;10.0;SOJA;11026715P2074;NEO761 I2X;—;S2;P2;S2;P2;BG;27.0;998.0;S2;998;27.0;Cam.C;QD.15;F5;SIM;1.0;29/07/2026;JUL;SAMUEL;SERGIO ;CLAUDIO ;VALIDADO;
UBS I;GO;101.0;10.0;SOJA;11026715P2075;NEO761 I2X;—;S2;P2;S2;P2;BG;27.0;993.0;S2;993;27.0;Cam.C;QD.15;F4;SIM;1.0;29/07/2026;JUL;SAMUEL;SERGIO ;CLAUDIO ;VALIDADO;
UBS I;GO;101.0;10.0;SOJA;11026715P1076;NEO761 I2X;—;S2;P1;S2;P1;BG;30.0;804.0;S2;804;30.0;Cam.C;QD.15;F2;SIM;1.0;29/07/2026;JUL;SAMUEL;SERGIO ;CLAUDIO ;VALIDADO;
UBS I;GO;101.0;10.0;SOJA;11026715P2077;NEO761 I2X;—;S2;P2;S2;P2;BG;27.0;999.0;S2;999;27.0;Cam.C;QD.15;F6;SIM;1.0;29/07/2026;JUL;SAMUEL;SERGIO ;CLAUDIO ;VALIDADO;
UBS I;GO;101.0;10.0;SOJA;11026715P2078;NEO761 I2X;—;S2;P2;S2;P2;BG;24.0;1023.0;S2;1023;24.0;Cam.C;QD.08;F1;SIM;1.0;29/07/2026;JUL;SAMUEL;SERGIO ;CLAUDIO ;VALIDADO;
UBS I;GO;101.0;10.0;SOJA;11026715P1079;NEO761 I2X;—;S2;P1;S2;P1;BG;30.0;814.0;S2;814;30.0;Cam.C;QD.09;F2;SIM;1.0;29/07/2026;JUL;SAMUEL;SERGIO ;CLAUDIO ;VALIDADO;
UBS I;GO;101.0;10.0;SOJA;11026715P2080;NEO761 I2X;—;S2;P2;S2;P2;BG;24.0;1021.0;S2;1021;24.0;Cam.C;QD.09;F1;SIM;1.0;29/07/2026;JUL;SAMUEL;SERGIO ;CLAUDIO ;VALIDADO;
UBS I;GO;101.0;10.0;SOJA;11026715P2081;NEO761 I2X;—;S2;P2;S2;P2;BG;27.0;977.0;S2;977;27.0;Cam.C;QD.01;F1;SIM;1.0;29/07/2026;JUL;SAMUEL;SERGIO ;CLAUDIO ;VALIDADO;
UBS I;GO;101.0;10.0;SOJA;11026715P2082;NEO761 I2X;—;S2;P2;S2;P2;BG;27.0;981.0;S2;981;27.0;Cam.C;QD.01;F2;SIM;1.0;29/07/2026;JUL;SAMUEL;SERGIO ;CLAUDIO ;VALIDADO;
UBS I;GO;101.0;10.0;SOJA;11026715P2084;NEO761 I2X;—;S2;P2;S2;P2;BG;27.0;996.0;S2;996;27.0;Cam.C;QD.08;F2;SIM;1.0;29/07/2026;JUL;SAMUEL;SERGIO ;CLAUDIO ;VALIDADO;
UBS I;GO;101.0;10.0;SOJA;11026715P2085;NEO761 I2X;—;S2;P2;S2;P2;BG;27.0;995.0;S2;995;27.0;Cam.C;QD.09;F2;SIM;1.0;29/07/2026;JUL;SAMUEL;SERGIO ;CLAUDIO ;VALIDADO;
UBS I;GO;101.0;10.0;SOJA;11026715P1083;NEO761 I2X;—;S2;P1;S2;P1;BG;30.0;793.0;S2;793;30.0;Cam.C;QD.09;F1;SIM;1.0;29/07/2026;JUL;SAMUEL;SERGIO ;CLAUDIO ;VALIDADO;
UBS I;GO;101.0;10.0;SOJA;11026715P2086;NEO761 I2X;—;C1;P2;C1;P2;BG;24.0;1037.0;C1;1037;24.0;Cam.C;QD.09;F3;SIM;1.0;29/07/2026;JUL;SAMUEL;SERGIO ;CLAUDIO ;VALIDADO;
UBS I;GO;101.0;10.0;SOJA;11026715P1087;NEO761 I2X;—;C1;P1;C1;P1;BG;30.0;825.0;C1;825;30.0;Cam.C;QD.06;F1;SIM;1.0;29/07/2026;JUL;SAMUEL;SERGIO ;CLAUDIO ;VALIDADO;
UBS I;GO;101.0;10.0;SOJA;11026715P2088;NEO761 I2X;—;C1;P2;C1;P2;BG;24.0;1024.0;C1;1024;24.0;Cam.C;QD.08;F3;SIM;1.0;29/07/2026;JUL;SAMUEL;SERGIO ;CLAUDIO ;VALIDADO;
UBS I;GO;101.0;10.0;SOJA;11026715P2089;NEO761 I2X;—;C1;P2;C1;P2;BG;24.0;1009.0;C1;1009;24.0;Cam.C;QD.01;F3;SIM;1.0;29/07/2026;JUL;SAMUEL;SERGIO ;CLAUDIO ;VALIDADO;
UBS I;GO;101.0;10.0;SOJA;11026715P1090;NEO761 I2X;—;C1;P1;C1;P1;BG;12.0;804.0;C1;804;12.0;Cam.C;QD.06;F2;SIM;1.0;29/07/2026;JUL;SAMUEL;SERGIO ;CLAUDIO ;VALIDADO;
UBS I;GO;101.0;10.0;SOJA;11026715P2091;NEO761 I2X;—;C1;P2;C1;P2;BG;12.0;1006.0;C1;1006;12.0;Cam.C;QD.06;F3;SIM;1.0;29/07/2026;JUL;SAMUEL;SERGIO ;CLAUDIO ;VALIDADO;
UBS I;GO;101.0;10.0;SOJA;11026740P2092;NEO771 I2X;—;C2;P2;C2;P2;BG;30.0;881.0;C2;881;30.0;Cam.A;QD.15;F3;SIM;1.0;29/07/2026;JUL;SAMUEL;SERGIO ;CLAUDIO ;VALIDADO;
UBS I;GO;101.0;10.0;SOJA;11026740P1093;NEO771 I2X;—;C2;P1;C2;P1;BG;30.0;708.0;C2;708;30.0;Cam.A; QD.08 ;F3;SIM;1.0;29/07/2026;JUL;SAMUEL;SERGIO ;CLAUDIO ;VALIDADO;
UBS I;GO;101.0;10.0;SOJA;11026740P1094;NEO771 I2X;—;C2;P1;C2;P1;BG;30.0;715.0;C2;715;30.0;Cam.A;QD.08;F3;SIM;1.0;29/07/2026;JUL;SAMUEL;SERGIO ;CLAUDIO ;VALIDADO;
UBS I;GO;101.0;10.0;SOJA;11026740P1058;NEO771 I2X;—;C2;P1;C2;P1;BG;30.0;696.0;C2;696;30.0;Cam.A;QD.29;F3;SIM;1.0;29/07/2026;JUL;SAMUEL;SERGIO ;CLAUDIO ;VALIDADO;
UBS I;GO;101.0;10.0;SOJA;11026740P2059;NEO771 I2X;—;C2;P2;C2;P2;BG;30.0;868.0;C2;868;30.0;Cam.A;QD.05;F1;SIM;1.0;29/07/2026;JUL;SAMUEL;SERGIO ;CLAUDIO ;VALIDADO;
UBS I;GO;101.0;10.0;SOJA;11026740P2095;NEO771 I2X;—;C2;P2;C2;P2;BG;30.0;862.0;C2;862;30.0;Cam.A;QD.05;F2;SIM;1.0;29/07/2026;JUL;SAMUEL;SERGIO ;CLAUDIO ;VALIDADO;
UBS I;GO;101.0;10.0;SOJA;11026740P1096;NEO771 I2X;—;C2;P1;C2;P1;BG;30.0;699.0;C2;699;30.0;Cam.A;QD.06;F2;SIM;1.0;29/07/2026;JUL;SAMUEL;SERGIO ;CLAUDIO ;VALIDADO;
UBS I;GO;101.0;10.0;SOJA;11026740P2097;NEO771 I2X;—;C2;P2;C2;P2;BG;30.0;896.0;C2;896;30.0;Cam.A; QD.04 ;F4;SIM;1.0;29/07/2026;JUL;SAMUEL;SERGIO ;CLAUDIO ;VALIDADO;
UBS I;GO;101.0;10.0;SOJA;11026740P1098;NEO771 I2X;—;C2;P1;C2;P1;BG;30.0;712.0;C2;712;30.0;Cam.A; QD.06 ;F2;SIM;1.0;29/07/2026;JUL;SAMUEL;SERGIO ;CLAUDIO ;VALIDADO;
UBS I;GO;101.0;10.0;SOJA;11026740P2099;NEO771 I2X;—;C2;P2;C2;P2;BG;30.0;904.0;C2;904;30.0;Cam.A;QD.42;F3;SIM;1.0;29/07/2026;JUL;SAMUEL;SERGIO ;CLAUDIO ;VALIDADO;
UBS I;GO;101.0;10.0;SOJA;11026740P1100;NEO771 I2X;—;C2;P1;C2;P1;BG;30.0;712.0;C2;712;30.0;Cam.B;QD.03;F3;SIM;1.0;29/07/2026;JUL;SAMUEL;SERGIO ;CLAUDIO ;VALIDADO;
UBS I;GO;101.0;10.0;SOJA;11026740P1101;NEO771 I2X;—;C2;P1;C2;P1;BG;30.0;714.0;C2;714;30.0;Cam.A;QD.07; F1 ;SIM;1.0;29/07/2026;JUL;SAMUEL;SERGIO ;CLAUDIO ;VALIDADO;
UBS I;GO;101.0;10.0;SOJA;11026740P2102;NEO771 I2X;—;C2;P2;C2;P2;BG;30.0;882.0;C2;882;30.0;Cam.A;QD.05;F4;SIM;1.0;29/07/2026;JUL;SAMUEL;SERGIO ;CLAUDIO ;VALIDADO;
UBS I;GO;101.0;10.0;SOJA;11026740P1103;NEO771 I2X;—;C2;P1;C2;P1;BG;30.0;718.0;C2;718;30.0;Cam.A; QD.08 ;F3;SIM;1.0;29/07/2026;JUL;SAMUEL;SERGIO ;CLAUDIO ;VALIDADO;
UBS I;GO;101.0;10.0;SOJA;11026740P2104;NEO771 I2X;—;C2;P2;C2;P2;BG;30.0;882.0;C2;882;30.0;Cam.A;QD.27;F3;SIM;1.0;29/07/2026;JUL;SAMUEL;SERGIO ;CLAUDIO ;VALIDADO;
UBS I;GO;101.0;10.0;SOJA;11026740P1105;NEO771 I2X;—;C2;P1;C2;P1;BG;30.0;721.0;C2;721;30.0;Cam.A; QD.08 ;F2;SIM;1.0;29/07/2026;JUL;SAMUEL;SERGIO ;CLAUDIO ;VALIDADO;
UBS I;GO;101.0;10.0;SOJA;11026740P2106;NEO771 I2X;—;C2;P2;C2;P2;BG;30.0;904.0;C2;904;30.0;Cam.A;QD.28;F3;SIM;1.0;29/07/2026;JUL;SAMUEL;SERGIO ;CLAUDIO ;VALIDADO;
UBS I;GO;101.0;10.0;SOJA;11026740P1107;NEO771 I2X;—;C2;P1;C2;P1;BG;30.0;718.0;C2;718;30.0;Cam.A;QD.08;  F1  ;SIM;1.0;29/07/2026;JUL;SAMUEL;SERGIO ;CLAUDIO ;VALIDADO;
UBS I;GO;101.0;10.0;SOJA;11026740P2108;NEO771 I2X;—;C2;P2;C2;P2;BG;30.0;897.0;C2;897;30.0;Cam.A;QD.28;F2;SIM;1.0;29/07/2026;JUL;SAMUEL;SERGIO ;CLAUDIO ;VALIDADO;
UBS I;GO;101.0;10.0;SOJA;11026740P1109;NEO771 I2X;—;C2;P1;C2;P1;BG;30.0;721.0;C2;721;30.0;Cam.A;QD.09;F1;SIM;1.0;29/07/2026;JUL;SAMUEL;SERGIO ;CLAUDIO ;VALIDADO;
UBS I;GO;101.0;10.0;SOJA;11026740P2110;NEO771 I2X;—;C2;P2;C2;P2;BG;30.0;876.0;C2;876;30.0;Cam.A;QD.10; F1 ;SIM;1.0;29/07/2026;JUL;SAMUEL;SERGIO ;CLAUDIO ;VALIDADO;
UBS I;GO;101.0;10.0;SOJA;11026740P1111;NEO771 I2X;—;C2;P1;C2;P1;BG;30.0;728.0;C2;728;30.0;Cam.A;QD.09;F2;SIM;1.0;29/07/2026;JUL;SAMUEL;SERGIO ;CLAUDIO ;VALIDADO;
UBS I;GO;101.0;10.0;SOJA;11026740P2112;NEO771 I2X;—;C2;P2;C2;P2;BG;30.0;866.0;C2;866;30.0;Cam.A; QD.10 ;F2;SIM;1.0;29/07/2026;JUL;SAMUEL;SERGIO ;CLAUDIO ;VALIDADO;
UBS I;GO;101.0;10.0;SOJA;11026740P1113;NEO771 I2X;—;C2;P1;C2;P1;BG;30.0;710.0;C2;710;30.0;Cam.A; QD.09 ;F3;SIM;1.0;29/07/2026;JUL;SAMUEL;SERGIO ;CLAUDIO ;VALIDADO;
UBS I;GO;101.0;10.0;SOJA;11026740P1114;NEO771 I2X;—;C2;P1;C2;P1;BG;30.0;715.0;C2;715;30.0;Cam.A; QD.09 ;F4;SIM;1.0;29/07/2026;JUL;SAMUEL;SERGIO ;CLAUDIO ;VALIDADO;
UBS I;GO;101.0;10.0;SOJA;11026740P2115;NEO771 I2X;—;C2;P2;C2;P2;BG;30.0;876.0;C2;876;30.0;Cam.A; QD.10 ;F3;SIM;1.0;29/07/2026;JUL;SAMUEL;SERGIO ;CLAUDIO ;VALIDADO;
UBS I;GO;101.0;10.0;SOJA;11026740P1116;NEO771 I2X;—;C2;P1;C2;P1;BG;30.0;709.0;C2;709;30.0;Cam.A;QD.11;  F1  ;SIM;1.0;29/07/2026;JUL;SAMUEL;SERGIO ;CLAUDIO ;VALIDADO;
UBS I;GO;101.0;10.0;SOJA;11026740P2117;NEO771 I2X;—;C2;P2;C2;P2;BG;30.0;884.0;C2;884;30.0;Cam.A;QD.12;F3;SIM;1.0;29/07/2026;JUL;SAMUEL;SERGIO ;CLAUDIO ;VALIDADO;
UBS I;GO;101.0;10.0;SOJA;11026740P1118;NEO771 I2X;—;C2;P1;C2;P1;BG;30.0;705.0;C2;705;30.0;Cam.A;QD.11;F2;SIM;1.0;29/07/2026;JUL;SAMUEL;SERGIO ;CLAUDIO ;VALIDADO;
UBS I;GO;101.0;10.0;SOJA;11026740P1119;NEO771 I2X;—;C2;P1;C2;P1;BG;30.0;702.0;C2;702;30.0;Cam.A;QD.11;F3;SIM;1.0;29/07/2026;JUL;SAMUEL;SERGIO ;CLAUDIO ;VALIDADO;
UBS I;GO;101.0;10.0;SOJA;11026740P2120;NEO771 I2X;—;C2;P2;C2;P2;BG;30.0;832.0;C2;832;30.0;Cam.A;QD.12;F1;SIM;1.0;29/07/2026;JUL;SAMUEL;SERGIO ;CLAUDIO ;VALIDADO;
UBS I;GO;101.0;10.0;SOJA;11026740P1121;NEO771 I2X;—;C2;P1;C2;P1;BG;30.0;694.0;C2;694;30.0;Cam.A; QD.11 ;F4;SIM;1.0;29/07/2026;JUL;SAMUEL;SERGIO ;CLAUDIO ;VALIDADO;
UBS I;GO;101.0;10.0;SOJA;11026740P1123;NEO771 I2X;—;C2;P1;C2;P1;BG;30.0;705.0;C2;705;30.0;Cam.A;QD.12;F2;SIM;1.0;29/07/2026;JUL;SAMUEL;SERGIO ;CLAUDIO ;VALIDADO;
UBS I;GO;101.0;10.0;SOJA;11026740P1124;NEO771 I2X;—;C2;P1;C2;P1;BG;30.0;708.0;C2;708;30.0;Cam.A;QD.12;F1;SIM;1.0;29/07/2026;JUL;SAMUEL;SERGIO ;CLAUDIO ;VALIDADO;
UBS I;GO;101.0;10.0;SOJA;11026740P2125;NEO771 I2X;—;C2;P2;C2;P2;BG;30.0;877.0;C2;877;30.0;Cam.A;QD.12;F3;SIM;1.0;29/07/2026;JUL;SAMUEL;SERGIO ;CLAUDIO ;VALIDADO;
UBS I;GO;101.0;10.0;SOJA;11026740P1126;NEO771 I2X;—;C2;P1;C2;P1;BG;30.0;713.0;C2;713;30.0;Cam.A;QD.12;F3;SIM;1.0;29/07/2026;JUL;SAMUEL;SERGIO ;CLAUDIO ;VALIDADO;
UBS I;GO;101.0;10.0;SOJA;11026740P2127;NEO771 I2X;—;C2;P2;C2;P2;BG;30.0;892.0;C2;892;30.0;Cam.A;QD.15;F1;SIM;1.0;29/07/2026;JUL;SAMUEL;SERGIO ;CLAUDIO ;VALIDADO;
UBS I;GO;101.0;10.0;SOJA;11026740P1128;NEO771 I2X;—;C2;P1;C2;P1;BG;30.0;718.0;C2;718;30.0;Cam.A;QD.14;F1;SIM;1.0;29/07/2026;JUL;SAMUEL;SERGIO ;CLAUDIO ;VALIDADO;
UBS I;GO;101.0;10.0;SOJA;11026740P2129;NEO771 I2X;—;C2;P2;C2;P2;BG;30.0;883.0;C2;883;30.0;Cam.A;QD.15;;SIM;1.0;29/07/2026;JUL;SAMUEL;SERGIO ;CLAUDIO ;VALIDADO;
UBS I;GO;101.0;10.0;SOJA;11026740P1130;NEO771 I2X;—;C2;P1;C2;P1;BG;30.0;710.0;C2;710;30.0;Cam.A;QD.14;F2;SIM;1.0;29/07/2026;JUL;SAMUEL;SERGIO ;CLAUDIO ;VALIDADO;
UBS I;GO;101.0;10.0;SOJA;11026740P1131;NEO771 I2X;—;C2;P1;C2;P1;BG;30.0;712.0;C2;712;30.0;Cam.A;QD.14;F3;SIM;1.0;29/07/2026;JUL;SAMUEL;SERGIO ;CLAUDIO ;VALIDADO;
UBS I;GO;101.0;10.0;SOJA;11026740P2132;NEO771 I2X;—;C2;P2;C2;P2;BG;30.0;883.0;C2;883;30.0;Cam.B;QD.01;F2;SIM;1.0;29/07/2026;JUL;SAMUEL;SERGIO ;CLAUDIO ;VALIDADO;
UBS I;GO;101.0;10.0;SOJA;11026740P2122;NEO771 I2X;—;C2;P2;C2;P2;BG;30.0;848.0;C2;848;30.0;Cam.A;QD.42;F4;SIM;1.0;29/07/2026;JUL;SAMUEL;SERGIO ;CLAUDIO ;VALIDADO;
UBS I;GO;101.0;10.0;SOJA;11026740P1133;NEO771 I2X;—;C2;P1;C2;P1;BG;30.0;713.0;C2;713;30.0;Cam.A;QD.16;F2;SIM;1.0;29/07/2026;JUL;SAMUEL;SERGIO ;CLAUDIO ;VALIDADO;
UBS I;GO;101.0;10.0;SOJA;11026740P2134;NEO771 I2X;—;C2;P2;C2;P2;BG;30.0;867.0;C2;867;30.0;Cam.A;QD.18;F1;SIM;1.0;29/07/2026;JUL;SAMUEL;SERGIO ;CLAUDIO ;VALIDADO;
UBS I;GO;101.0;10.0;SOJA;11026740P1135;NEO771 I2X;—;C2;P1;C2;P1;BG;30.0;712.0;C2;712;30.0;Cam.A;QD.16;F1;SIM;1.0;29/07/2026;JUL;SAMUEL;SERGIO ;CLAUDIO ;VALIDADO;
UBS I;GO;101.0;10.0;SOJA;11026740P2136;NEO771 I2X;—;C2;P2;C2;P2;BG;30.0;852.0;C2;852;30.0;Cam.A;QD.18;F2;SIM;1.0;29/07/2026;JUL;SAMUEL;SERGIO ;CLAUDIO ;VALIDADO;
UBS I;GO;101.0;10.0;SOJA;11026740P1137;NEO771 I2X;—;C2;P1;C2;P1;BG;30.0;710.0;C2;710;30.0;Cam.A;QD.16;F3;SIM;1.0;29/07/2026;JUL;SAMUEL;SERGIO ;CLAUDIO ;VALIDADO;
UBS I;GO;101.0;10.0;SOJA;11026740P1138;NEO771 I2X;—;C2;P1;C2;P1;BG;30.0;713.0;C2;713;30.0;Cam.A;QD.17;F2;SIM;1.0;29/07/2026;JUL;SAMUEL;SERGIO ;CLAUDIO ;VALIDADO;
UBS I;GO;101.0;10.0;SOJA;11026740P2139;NEO771 I2X;—;C2;P2;C2;P2;BG;30.0;879.0;C2;879;30.0;Cam.A;QD.20;F1;SIM;1.0;29/07/2026;JUL;SAMUEL;SERGIO ;CLAUDIO ;VALIDADO;
UBS I;GO;101.0;10.0;SOJA;11026740P1140;NEO771 I2X;—;C2;P1;C2;P1;BG;30.0;723.0;C2;723;30.0;Cam.A;QD.17;F1;SIM;1.0;29/07/2026;JUL;SAMUEL;SERGIO ;CLAUDIO ;VALIDADO;
UBS I;GO;101.0;10.0;SOJA;11026740P2141;NEO771 I2X;—;C2;P2;C2;P2;BG;30.0;861.0;C2;861;30.0;Cam.A; QD.18 ;F3;SIM;1.0;29/07/2026;JUL;SAMUEL;SERGIO ;CLAUDIO ;VALIDADO;
UBS I;GO;101.0;10.0;SOJA;11026740P1142;NEO771 I2X;—;C2;P1;C2;P1;BG;30.0;705.0;C2;705;30.0;Cam.A;QD.17;F3;SIM;1.0;29/07/2026;JUL;SAMUEL;SERGIO ;CLAUDIO ;VALIDADO;
UBS I;GO;101.0;10.0;SOJA;11026740P2143;NEO771 I2X;—;C2;P2;C2;P2;BG;30.0;853.0;C2;853;30.0;Cam.A; QD.20 ;F2;SIM;1.0;29/07/2026;JUL;SAMUEL;SERGIO ;CLAUDIO ;VALIDADO;
UBS I;GO;101.0;10.0;SOJA;11026740P1144;NEO771 I2X;—;C2;P1;C2;P1;BG;30.0;697.0;C2;697;30.0;Cam.A;QD.19;F1;SIM;1.0;29/07/2026;JUL;SAMUEL;SERGIO ;CLAUDIO ;VALIDADO;
UBS I;GO;101.0;10.0;SOJA;11026740P1145;NEO771 I2X;—;C2;P1;C2;P1;BG;30.0;708.0;C2;708;30.0;Cam.A;QD.19;F2;SIM;1.0;29/07/2026;JUL;SAMUEL;SERGIO ;CLAUDIO ;VALIDADO;
UBS I;GO;101.0;10.0;SOJA;11026740P1146;NEO771 I2X;—;C2;P1;C2;P1;BG;30.0;683.0;C2;683;30.0;Cam.B;QD.03;F2;SIM;1.0;29/07/2026;JUL;SAMUEL;SERGIO ;CLAUDIO ;VALIDADO;
UBS I;GO;101.0;10.0;SOJA;11026740P1147;NEO771 I2X;—;C2;P1;C2;P1;BG;30.0;690.0;C2;690;30.0;Cam.A;QD.21; F1 ;SIM;1.0;29/07/2026;JUL;SAMUEL;SERGIO ;CLAUDIO ;VALIDADO;
UBS I;GO;101.0;10.0;SOJA;11026740P2148;NEO771 I2X;—;C2;P2;C2;P2;BG;26.0;820.0;C2;820;26.0;Cam.A; QD.20 ;F3;SIM;1.0;29/07/2026;JUL;SAMUEL;SERGIO ;CLAUDIO ;VALIDADO;
UBS I;GO;101.0;10.0;SOJA;11026740P1149;NEO771 I2X;—;C2;P1;C2;P1;BG;30.0;704.0;C2;704;30.0;Cam.A;QD.21;F2;SIM;1.0;29/07/2026;JUL;SAMUEL;SERGIO ;CLAUDIO ;VALIDADO;
UBS I;GO;101.0;10.0;SOJA;11026740P1150;NEO771 I2X;—;C2;P1;C2;P1;BG;22.0;705.0;C2;705;22.0;Cam.A;QD.21;F3;SIM;1.0;29/07/2026;JUL;SAMUEL;SERGIO ;CLAUDIO ;VALIDADO;
UBS I;GO;101.0;10.0;SOJA;11026715P2151;NEO761 I2X;—;C1;P2;C1;P2;BG;24.0;1045.0;C1;1045;24.0;Cam.A;QD.23;F1;SIM;1.0;29/07/2026;JUL;SAMUEL;SERGIO ;CLAUDIO ;VALIDADO;
UBS I;GO;101.0;10.0;SOJA;11026715P2152;NEO761 I2X;—;C1;P2;C1;P2;BG;24.0;1075.0;C1;1075;24.0;Cam.A;QD.23;F3;SIM;1.0;29/07/2026;JUL;SAMUEL;SERGIO ;CLAUDIO ;VALIDADO;
UBS I;GO;101.0;10.0;SOJA;11026715P1153;NEO761 I2X;—;C1;P1;C1;P1;BG;30.0;828.0;C1;828;30.0;Cam.C;QD.18;F2;SIM;1.0;29/07/2026;JUL;SAMUEL;SERGIO ;CLAUDIO ;VALIDADO;
UBS I;GO;101.0;10.0;SOJA;11026715P2154;NEO761 I2X;—;S2;P2;S2;P2;BG;24.0;1061.0;S2;1061;24.0;Cam.A;QD.22;F1;SIM;1.0;29/07/2026;JUL;SAMUEL;SERGIO ;CLAUDIO ;VALIDADO;
UBS I;GO;101.0;10.0;SOJA;11026715P2155;NEO761 I2X;—;S2;P2;S2;P2;BG;27.0;995.0;S2;995;27.0;Cam.B;QD.02;F2;SIM;1.0;29/07/2026;JUL;SAMUEL;SERGIO ;CLAUDIO ;VALIDADO;
UBS I;GO;101.0;10.0;SOJA;11026715P1156;NEO761 I2X;—;S2;P1;S2;P1;BG;30.0;804.0;S2;804;30.0;Cam.C;QD.18;F1;SIM;1.0;29/07/2026;JUL;SAMUEL;SERGIO ;CLAUDIO ;VALIDADO;
UBS I;GO;101.0;10.0;SOJA;11026715P2157;NEO761 I2X;—;S2;P2;S2;P2;BG;24.0;1049.0;S2;1049;24.0;Cam.B;QD.02;F1;SIM;1.0;29/07/2026;JUL;SAMUEL;SERGIO ;CLAUDIO ;VALIDADO;
UBS I;GO;101.0;10.0;SOJA;11026715P2158;NEO761 I2X;—;S2;P2;S2;P2;BG;24.0;1050.0;S2;1050;24.0;Cam.A; QD.06 ;F4;SIM;1.0;29/07/2026;JUL;SAMUEL;SERGIO ;CLAUDIO ;VALIDADO;
UBS I;GO;101.0;10.0;SOJA;11026715P2160;NEO761 I2X;—;S2;P2;S2;P2;BG;24.0;1032.0;S2;1032;24.0;Cam.A;QD.24;F2;SIM;1.0;29/07/2026;JUL;SAMUEL;SERGIO ;CLAUDIO ;VALIDADO;
UBS I;GO;101.0;10.0;SOJA;11026715P1161;NEO761 I2X;—;S2;P1;S2;P1;BG;30.0;823.0;S2;823;30.0;Cam.A; QD.19 ;F3;SIM;1.0;29/07/2026;JUL;SAMUEL;SERGIO ;CLAUDIO ;VALIDADO;
UBS I;GO;101.0;10.0;SOJA;11026715P2162;NEO761 I2X;—;S2;P2;S2;P2;BG;24.0;1048.0;S2;1048;24.0;Cam.A;QD.24;F3;SIM;1.0;29/07/2026;JUL;SAMUEL;SERGIO ;CLAUDIO ;VALIDADO;
UBS I;GO;101.0;10.0;SOJA;11026715P2163;NEO761 I2X;—;S2;P2;S2;P2;BG;24.0;1064.0;S2;1064;24.0;Cam.A;QD.25;F1;SIM;1.0;29/07/2026;JUL;SAMUEL;SERGIO ;CLAUDIO ;VALIDADO;
UBS I;GO;101.0;10.0;SOJA;11026715P2164;NEO761 I2X;—;S2;P2;S2;P2;BG;24.0;1078.0;S2;1078;24.0;Cam.A;QD.25;F2;SIM;1.0;29/07/2026;JUL;SAMUEL;SERGIO ;CLAUDIO ;VALIDADO;
UBS I;GO;101.0;10.0;SOJA;11026715P2165;NEO761 I2X;—;S2;P2;S2;P2;BG;24.0;1073.0;S2;1073;24.0;Cam.A;QD.25;F1 ;SIM;1.0;29/07/2026;JUL;SAMUEL;SERGIO ;CLAUDIO ;VALIDADO;
UBS I;GO;101.0;10.0;SOJA;11026715P2166;NEO761 I2X;—;S2;P2;S2;P2;BG;24.0;1065.0;S2;1065;24.0;Cam.A;QD.30;F2;SIM;1.0;29/07/2026;JUL;SAMUEL;SERGIO ;CLAUDIO ;VALIDADO;
UBS I;GO;101.0;10.0;SOJA;11026715P1167;NEO761 I2X;—;S2;P1;S2;P1;BG;20.0;817.0;S2;817;20.0;Cam.C;QD.17;F1;SIM;1.0;29/07/2026;JUL;SAMUEL;SERGIO ;CLAUDIO ;VALIDADO;
UBS I;GO;101.0;10.0;SOJA;11026715P2168;NEO761 I2X;—;S2;P2;S2;P2;BG;23.0;1077.0;S2;1077;23.0;Cam.A;QD.30;F1;SIM;1.0;29/07/2026;JUL;SAMUEL;SERGIO ;CLAUDIO ;VALIDADO;
UBS I;GO;101.0;10.0;SOJA;11026740P1169;NEO771 I2X;—;C2;P1;C2;P1;BG;30.0;735.0;C2;735;30.0;Cam.A;QD.31;F2;SIM;1.0;29/07/2026;JUL;SAMUEL;SERGIO ;CLAUDIO ;VALIDADO;
UBS I;GO;101.0;10.0;SOJA;11026740P2170;NEO771 I2X;—;C2;P2;C2;P2;BG;30.0;878.0;C2;878;30.0;Cam.B;QD.01;F1;SIM;1.0;29/07/2026;JUL;SAMUEL;SERGIO ;CLAUDIO ;VALIDADO;
UBS I;GO;101.0;10.0;SOJA;11026740P1171;NEO771 I2X;—;C2;P1;C2;P1;BG;30.0;732.0;C2;732;30.0;Cam.A;QD.31;F1;SIM;1.0;29/07/2026;JUL;SAMUEL;SERGIO ;CLAUDIO ;VALIDADO;
UBS I;GO;101.0;10.0;SOJA;11026740P2172;NEO771 I2X;—;C2;P2;C2;P2;BG;30.0;859.0;C2;859;30.0;Cam.A;QD.28;F1;SIM;1.0;29/07/2026;JUL;SAMUEL;SERGIO ;CLAUDIO ;VALIDADO;
UBS I;GO;101.0;10.0;SOJA;11026740P1173;NEO771 I2X;—;C2;P1;C2;P1;BG;30.0;716.0;C2;716;30.0;Cam.A;QD.26;F1;SIM;1.0;29/07/2026;JUL;SAMUEL;SERGIO ;CLAUDIO ;VALIDADO;
UBS I;GO;101.0;10.0;SOJA;11026740P2174;NEO771 I2X;—;C2;P2;C2;P2;BG;30.0;879.0;C2;879;30.0;Cam.B;QD.02;F3;SIM;1.0;29/07/2026;JUL;SAMUEL;SERGIO ;CLAUDIO ;VALIDADO;
UBS I;GO;101.0;10.0;SOJA;11026740P1175;NEO771 I2X;—;C2;P1;C2;P1;BG;30.0;741.0;C2;741;30.0;Cam.A;QD.26;F3;SIM;1.0;29/07/2026;JUL;SAMUEL;SERGIO ;CLAUDIO ;VALIDADO;
UBS I;GO;101.0;10.0;SOJA;11026740P1176;NEO771 I2X;—;C2;P1;C2;P1;BG;30.0;732.0;C2;732;30.0;Cam.A;QD.26;F3;SIM;1.0;29/07/2026;JUL;SAMUEL;SERGIO ;CLAUDIO ;VALIDADO;
UBS I;GO;101.0;10.0;SOJA;11026740P2177;NEO771 I2X;—;C2;P2;C2;P2;BG;30.0;872.0;C2;872;30.0;Cam.A;QD.27;F1;SIM;1.0;29/07/2026;JUL;SAMUEL;SERGIO ;CLAUDIO ;VALIDADO;
UBS I;GO;101.0;10.0;SOJA;11026740P1178;NEO771 I2X;—;C2;P1;C2;P1;BG;30.0;742.0;C2;742;30.0;Cam.B;QD.03;F1;SIM;1.0;29/07/2026;JUL;SAMUEL;SERGIO ;CLAUDIO ;VALIDADO;
UBS I;GO;101.0;10.0;SOJA;11026740P2179;NEO771 I2X;—;C2;P2;C2;P2;BG;30.0;876.0;C2;876;30.0;Cam.A;QD.27;F1;SIM;1.0;29/07/2026;JUL;SAMUEL;SERGIO ;CLAUDIO ;VALIDADO;
UBS I;GO;101.0;10.0;SOJA;11026740P2180;NEO771 I2X;—;C2;P2;C2;P2;BG;30.0;872.0;C2;872;30.0;Cam.B;QD.02;F4;SIM;1.0;29/07/2026;JUL;SAMUEL;SERGIO ;CLAUDIO ;VALIDADO;
UBS I;GO;101.0;10.0;SOJA;11026740P1181;NEO771 I2X;—;C2;P1;C2;P1;BG;30.0;734.0;C2;734;30.0;Cam.A;QD.29;F2;SIM;1.0;29/07/2026;JUL;SAMUEL;SERGIO ;CLAUDIO ;VALIDADO;
UBS I;GO;101.0;10.0;SOJA;11026740P2182;NEO771 I2X;—;C2;P2;C2;P2;BG;30.0;871.0;C2;871;30.0;Cam.B            ; QD.17 ;F2;SIM;1.0;29/07/2026;JUL;SAMUEL;SERGIO ;CLAUDIO ;VALIDADO;
UBS I;GO;101.0;10.0;SOJA;11026740P1183;NEO771 I2X;—;C2;P1;C2;P1;BG;30.0;738.0;C2;738;30.0;Cam.A;QD.31;F3;SIM;1.0;29/07/2026;JUL;SAMUEL;SERGIO ;CLAUDIO ;VALIDADO;
UBS I;GO;101.0;10.0;SOJA;11026740P2184;NEO771 I2X;—;C2;P2;C2;P2;BG;23.0;870.0;C2;870;23.0;Cam.B            ;QD.17;F1           ;SIM;1.0;29/07/2026;JUL;SAMUEL;SERGIO ;CLAUDIO ;VALIDADO;
UBS I;GO;101.0;10.0;SOJA;11026740P1185;NEO771 I2X;—;C2;P1;C2;P1;BG;24.0;743.0;C2;743;24.0;Cam.A;QD.29;F1;SIM;1.0;29/07/2026;JUL;SAMUEL;SERGIO ;CLAUDIO ;VALIDADO;
UBS I;GO;101.0;10.0;SOJA;11026714P2186;NEO790 IPRO;—;S1;P2;S1;P2;BG;27.0;954.0;S1;954;27.0;Cam.B            ;QD.04;F1;SIM;1.0;29/07/2026;JUL;SAMUEL;SERGIO ;CLAUDIO ;VALIDADO;
UBS I;GO;101.0;10.0;SOJA;11026714P1187;NEO790 IPRO;—;S1;P1;S1;P1;BG;30.0;765.0;S1;765;30.0;Cam.B            ;QD.16;F1          ;SIM;1.0;29/07/2026;JUL;SAMUEL;SERGIO ;CLAUDIO ;VALIDADO;
UBS I;GO;101.0;10.0;SOJA;11026714P1188;NEO790 IPRO;—;S1;P1;S1;P1;BG;30.0;771.0;S1;771;30.0;Cam.B            ; QD.16 ;F2;SIM;1.0;29/07/2026;JUL;SAMUEL;SERGIO ;CLAUDIO ;VALIDADO;
UBS I;GO;101.0;10.0;SOJA;11026714P2189;NEO790 IPRO;—;S1;P2;S1;P2;BG;27.0;972.0;S1;972;27.0;Cam.B            ;QD.15;F1;SIM;1.0;29/07/2026;JUL;SAMUEL;SERGIO ;CLAUDIO ;VALIDADO;
UBS I;GO;101.0;10.0;SOJA;11026714P1190;NEO790 IPRO;—;S1;P1;S1;P1;BG;30.0;780.0;S1;780;30.0;Cam.B            ; QD.17 ;F3;SIM;1.0;29/07/2026;JUL;SAMUEL;SERGIO ;CLAUDIO ;VALIDADO;
UBS I;GO;101.0;10.0;SOJA;11026714P1191;NEO790 IPRO;—;S1;P1;S1;P1;BG;10.0;767.0;S1;767;10.0;Cam.B;QD.07;F2;SIM;1.0;29/07/2026;JUL;SAMUEL;SERGIO ;CLAUDIO ;VALIDADO;
UBS I;GO;101.0;10.0;SOJA;11026714P2192;NEO790 IPRO;—;S1;P2;S1;P2;BG;6.0;941.0;S1;941;6.0;Cam.B;QD.05;F4;SIM;1.0;29/07/2026;JUL;SAMUEL;SERGIO ;CLAUDIO ;VALIDADO;
UBS I;GO;101.0;10.0;SOJA;11026714P2193;NEO790 IPRO;—;S1;P2;S1;P2;BG;30.0;895.0;S1;895;30.0;Cam.B;QD.13;F3;SIM;1.0;29/07/2026;JUL;SAMUEL;SERGIO ;CLAUDIO ;VALIDADO;
UBS I;GO;101.0;10.0;SOJA;11026714P1194;NEO790 IPRO;—;S1;P1;S1;P1;BG;30.0;695.0;S1;695;30.0;Cam.B            ; QD.16 ;F3;SIM;1.0;29/07/2026;JUL;SAMUEL;SERGIO ;CLAUDIO ;VALIDADO;
UBS I;GO;101.0;10.0;SOJA;11026714P2195;NEO790 IPRO;—;S1;P2;S1;P2;BG;30.0;879.0;S1;879;30.0;Cam.B;QD.14;F1;SIM;1.0;29/07/2026;JUL;SAMUEL;SERGIO ;CLAUDIO ;VALIDADO;
UBS I;GO;101.0;10.0;SOJA;11026714P1196;NEO790 IPRO;—;S1;P1;S1;P1;BG;30.0;694.0;S1;694;30.0;Cam.B            ;QD.13;F2;SIM;1.0;29/07/2026;JUL;SAMUEL;SERGIO ;CLAUDIO ;VALIDADO;
UBS I;GO;101.0;10.0;SOJA;11026714P2197;NEO790 IPRO;—;S1;P2;S1;P2;BG;30.0;882.0;S1;882;30.0;Cam.A;QD.30;F3;SIM;1.0;29/07/2026;JUL;SAMUEL;SERGIO ;CLAUDIO ;VALIDADO;
UBS I;GO;101.0;10.0;SOJA;11026714P2198;NEO790 IPRO;—;S1;P2;S1;P2;BG;27.0;921.0;S1;921;27.0;Cam.B            ;QD.15;F2;SIM;1.0;29/07/2026;JUL;SAMUEL;SERGIO ;CLAUDIO ;VALIDADO;
UBS I;GO;101.0;10.0;SOJA;11026714P2199;NEO790 IPRO;—;S1;P2;S1;P2;BG;30.0;898.0;S1;898;30.0;Cam.B;QD.04;F2;SIM;1.0;29/07/2026;JUL;SAMUEL;SERGIO ;CLAUDIO ;VALIDADO;
UBS I;GO;101.0;10.0;SOJA;11026714P1200;NEO790 IPRO;—;S1;P1;S1;P1;BG;30.0;696.0;S1;696;30.0;Cam.B;QD.13;F1;SIM;1.0;29/07/2026;JUL;SAMUEL;SERGIO ;CLAUDIO ;VALIDADO;
UBS I;GO;101.0;10.0;SOJA;11026714P2201;NEO790 IPRO;—;S1;P2;S1;P2;BG;30.0;904.0;S1;904;30.0;Cam.B;QD.23;F3;SIM;1.0;29/07/2026;JUL;SAMUEL;SERGIO ;CLAUDIO ;VALIDADO;
UBS I;GO;101.0;10.0;SOJA;11026273P1204;NEO800 I2X;—;S1;P1;S1;P1;BG;30.0;697.0;S1;697;30.0;Cam.B;QD.26;F1;SIM;1.0;29/07/2026;JUL;SAMUEL;SERGIO ;CLAUDIO ;VALIDADO;
UBS I;GO;101.0;10.0;SOJA;11026273P2205;NEO800 I2X;—;S1;P2;S1;P2;BG;30.0;854.0;S1;854;30.0;Cam.B;QD.29;F1;SIM;1.0;29/07/2026;JUL;SAMUEL;SERGIO ;CLAUDIO ;VALIDADO;
UBS I;GO;101.0;10.0;SOJA;11026273P1206;NEO800 I2X;—;S1;P1;S1;P1;BG;30.0;680.0;S1;680;30.0;Cam.B;QD.26;F2;SIM;1.0;29/07/2026;JUL;SAMUEL;SERGIO ;CLAUDIO ;VALIDADO;
UBS I;GO;101.0;10.0;SOJA;11026273P2207;NEO800 I2X;—;S1;P2;S1;P2;BG;30.0;838.0;S1;838;30.0;Cam.B            ;QD.22;F3;SIM;1.0;29/07/2026;JUL;SAMUEL;SERGIO ;CLAUDIO ;VALIDADO;
UBS I;GO;101.0;10.0;SOJA;11026273P1208;NEO800 I2X;—;S1;P1;S1;P1;BG;30.0;677.0;S1;677;30.0;Cam.B            ;QD.27;F2;SIM;1.0;29/07/2026;JUL;SAMUEL;SERGIO ;CLAUDIO ;VALIDADO;
UBS I;GO;101.0;10.0;SOJA;11026273P1209;NEO800 I2X;—;S1;P1;S1;P1;BG;30.0;690.0;S1;690;30.0;Cam.B;QD.26;F3;SIM;1.0;29/07/2026;JUL;SAMUEL;SERGIO ;CLAUDIO ;VALIDADO;
UBS I;GO;101.0;10.0;SOJA;11026273P2210;NEO800 I2X;—;S1;P2;S1;P2;BG;30.0;822.0;S1;822;30.0;Cam.B;QD.29;F2;SIM;1.0;29/07/2026;JUL;SAMUEL;SERGIO ;CLAUDIO ;VALIDADO;
UBS I;GO;101.0;10.0;SOJA;11026273P1211;NEO800 I2X;—;S1;P1;S1;P1;BG;30.0;674.0;S1;674;30.0;Cam.B;QD.27;F1;SIM;1.0;29/07/2026;JUL;SAMUEL;SERGIO ;CLAUDIO ;VALIDADO;
UBS I;GO;101.0;10.0;SOJA;11026273P1212;NEO800 I2X;—;S1;P1;S1;P1;BG;30.0;639.0;S1;639;30.0;Cam.B;QD.27;F3;SIM;1.0;29/07/2026;JUL;SAMUEL;SERGIO ;CLAUDIO ;VALIDADO;
UBS I;GO;101.0;10.0;SOJA;11026273P2213;NEO800 I2X;—;S1;P2;S1;P2;BG;10.0;832.0;S1;832;10.0;Cam.B;QD.07;F3;SIM;1.0;29/07/2026;JUL;SAMUEL;SERGIO ;CLAUDIO ;VALIDADO;
UBS I;GO;101.0;10.0;SOJA;11026760P1214;SOYTECH 745 I2X;—;C1;P1;C1;P1;BG;30.0;695.0;C1;695;30.0;Cam.B            ; QD.38 ;F1    ;SIM;1.0;29/07/2026;JUL;SAMUEL;SERGIO ;CLAUDIO ;VALIDADO;
UBS I;GO;101.0;10.0;SOJA;11026760P2215;SOYTECH 745 I2X;—;C1;P2;C1;P2;BG;30.0;819.0;C1;819;30.0;Cam.B;QD.23;F2;SIM;1.0;29/07/2026;JUL;SAMUEL;SERGIO ;CLAUDIO ;VALIDADO;
UBS I;GO;101.0;10.0;SOJA;11026760P2216;SOYTECH 745 I2X;—;C1;P2;C1;P2;BG;30.0;802.0;C1;802;30.0;Cam.B;QD.28;F2;SIM;1.0;29/07/2026;JUL;SAMUEL;SERGIO ;CLAUDIO ;VALIDADO;
UBS I;GO;101.0;10.0;SOJA;11026760P1217;SOYTECH 745 I2X;—;C1;P1;C1;P1;BG;30.0;651.0;C1;651;30.0;Cam.B;QD.24;F2;SIM;1.0;29/07/2026;JUL;SAMUEL;SERGIO ;CLAUDIO ;VALIDADO;
UBS I;GO;101.0;10.0;SOJA;11026760P1218;SOYTECH 745 I2X;—;C1;P1;C1;P1;BG;30.0;646.0;C1;646;30.0;Cam.B;QD.24;F1;SIM;1.0;29/07/2026;JUL;SAMUEL;SERGIO ;CLAUDIO ;VALIDADO;
UBS I;GO;101.0;10.0;SOJA;11026760P2219;SOYTECH 745 I2X;—;C1;P2;C1;P2;BG;30.0;815.0;C1;815;30.0;Cam.B;QD.28;F1;SIM;1.0;29/07/2026;JUL;SAMUEL;SERGIO ;CLAUDIO ;VALIDADO;
UBS I;GO;101.0;10.0;SOJA;11026760P2220;SOYTECH 745 I2X;—;C1;P2;C1;P2;BG;30.0;796.0;C1;796;30.0;Cam.B;QD.23;F1;SIM;1.0;29/07/2026;JUL;SAMUEL;SERGIO ;CLAUDIO ;VALIDADO;
UBS I;GO;101.0;10.0;SOJA;11026760P1221;SOYTECH 745 I2X;—;C1;P1;C1;P1;BG;30.0;648.0;C1;648;30.0;Cam.B;QD.24;F3;SIM;1.0;29/07/2026;JUL;SAMUEL;SERGIO ;CLAUDIO ;VALIDADO;
UBS I;GO;101.0;10.0;SOJA;11026760P2222;SOYTECH 745 I2X;—;C1;P2;C1;P2;BG;30.0;794.0;C1;794;30.0;Cam.B            ; QD.39 ;F2;SIM;1.0;29/07/2026;JUL;SAMUEL;SERGIO ;CLAUDIO ;VALIDADO;
UBS I;GO;101.0;10.0;SOJA;11026760P1223;SOYTECH 745 I2X;—;C1;P1;C1;P1;BG;30.0;643.0;C1;643;30.0;Cam.B            ;  QD.38  ;F2;SIM;1.0;29/07/2026;JUL;SAMUEL;SERGIO ;CLAUDIO ;VALIDADO;
UBS I;GO;101.0;10.0;SOJA;11026760P2224;SOYTECH 745 I2X;—;C1;P2;C1;P2;BG;30.0;793.0;C1;793;30.0;Cam.B;QD.28;F3;SIM;1.0;29/07/2026;JUL;SAMUEL;SERGIO ;CLAUDIO ;VALIDADO;
UBS I;GO;101.0;10.0;SOJA;11026760P2225;SOYTECH 745 I2X;—;C1;P2;C1;P2;BG;30.0;791.0;C1;791;30.0;Cam.B;QD.04;F4;SIM;1.0;29/07/2026;JUL;SAMUEL;SERGIO ;CLAUDIO ;VALIDADO;
UBS I;GO;101.0;10.0;SOJA;11026760P1226;SOYTECH 745 I2X;—;C1;P1;C1;P1;BG;30.0;644.0;C1;644;30.0;Cam.B;QD.04;F3;SIM;1.0;29/07/2026;JUL;SAMUEL;SERGIO ;CLAUDIO ;VALIDADO;
UBS I;GO;101.0;10.0;SOJA;11026760P2227;SOYTECH 745 I2X;—;C1;P2;C1;P2;BG;30.0;804.0;C1;804;30.0;Cam.B;QD.23;F3;SIM;1.0;29/07/2026;JUL;SAMUEL;SERGIO ;CLAUDIO ;VALIDADO;
UBS I;GO;101.0;10.0;SOJA;11026760P1228;SOYTECH 745 I2X;—;C1;P1;C1;P1;BG;30.0;638.0;C1;638;30.0;Cam.B            ;  QD.38  ;F4;SIM;1.0;29/07/2026;JUL;SAMUEL;SERGIO ;CLAUDIO ;VALIDADO;
UBS I;GO;101.0;10.0;SOJA;11026760P2229;SOYTECH 745 I2X;—;C1;P2;C1;P2;BG;30.0;787.0;C1;787;30.0;Cam.B            ; QD.39 ;F3;SIM;1.0;29/07/2026;JUL;SAMUEL;SERGIO ;CLAUDIO ;VALIDADO;
UBS I;GO;101.0;10.0;SOJA;11026760P2230;SOYTECH 745 I2X;—;C1;P2;C1;P2;BG;30.0;792.0;C1;792;30.0;Cam.B            ;QD.38;F1   ;SIM;1.0;29/07/2026;JUL;SAMUEL;SERGIO ;CLAUDIO ;VALIDADO;
UBS I;GO;101.0;10.0;SOJA;11026760P1231;SOYTECH 745 I2X;—;C1;P1;C1;P1;BG;30.0;636.0;C1;636;30.0;Cam.B            ;  QD.38  ;F3;SIM;1.0;29/07/2026;JUL;SAMUEL;SERGIO ;CLAUDIO ;VALIDADO;
UBS I;GO;101.0;10.0;SOJA;11026760P2232;SOYTECH 745 I2X;—;C1;P2;C1;P2;BG;17.0;808.0;C1;808;17.0;Cam.B;QD.07;F4;SIM;1.0;29/07/2026;JUL;SAMUEL;SERGIO ;CLAUDIO ;VALIDADO;
UBS I;GO;101.0;10.0;SOJA;11026756P1233;C2810CE;—;C1;P1;C1;P1;BG;30.0;730.0;C1;730;30.0;Cam.B            ;QD.39;F1  ;SIM;1.0;29/07/2026;JUL;SAMUEL;SERGIO ;CLAUDIO ;VALIDADO;
UBS I;GO;101.0;10.0;SOJA;11026756P2234;C2810CE;—;C1;P2;C1;P2;BG;30.0;871.0;C1;871;30.0;Cam.B            ;QD.39;F3;SIM;1.0;29/07/2026;JUL;SAMUEL;SERGIO ;CLAUDIO ;VALIDADO;
UBS I;GO;101.0;10.0;SOJA;11026756P1235;C2810CE;—;C1;P1;C1;P1;BG;30.0;734.0;C1;734;30.0;Cam.B            ;QD.39;F2;SIM;1.0;29/07/2026;JUL;SAMUEL;SERGIO ;CLAUDIO ;VALIDADO;
UBS I;GO;101.0;10.0;SOJA;11026756P2236;C2810CE;—;C1;P2;C1;P2;BG;12.0;852.0;C1;852;12.0;Cam.B;QD.06;F2;SIM;1.0;29/07/2026;JUL;SAMUEL;SERGIO ;CLAUDIO ;VALIDADO;
UBS I;GO;101.0;10.0;SOJA;11026714P2202;NEO790 IPRO;—;S1;P2;S1;P2;BG;30.0;909.0;S1;909;30.0;Cam.B;QD.12;F2;SIM;1.0;29/07/2026;JUL;SAMUEL;SERGIO ;CLAUDIO ;VALIDADO;
UBS I;GO;101.0;10.0;SOJA;11026714P1203;NEO790 IPRO;—;S1;P1;S1;P1;BG;30.0;711.0;S1;711;30.0;Cam.B            ;QD.41;F1 ;SIM;1.0;29/07/2026;JUL;SAMUEL;SERGIO ;CLAUDIO ;VALIDADO;
UBS I;GO;101.0;10.0;SOJA;11026714P2237;NEO790 IPRO;—;S1;P2;S1;P2;BG;30.0;900.0;S1;900;30.0;Cam.B            ; QD.42 ;F2;SIM;1.0;29/07/2026;JUL;SAMUEL;SERGIO ;CLAUDIO ;VALIDADO;
UBS I;GO;101.0;10.0;SOJA;11026714P1238;NEO790 IPRO;—;S1;P1;S1;P1;BG;30.0;706.0;S1;706;30.0;Cam.A;QD.04;F3;SIM;1.0;29/07/2026;JUL;SAMUEL;SERGIO ;CLAUDIO ;VALIDADO;
UBS I;GO;101.0;10.0;SOJA;11026714P2239;NEO790 IPRO;—;S1;P2;S1;P2;BG;30.0;898.0;S1;898;30.0;Cam.B            ;QD.42;F1;SIM;1.0;29/07/2026;JUL;SAMUEL;SERGIO ;CLAUDIO ;VALIDADO;
UBS I;GO;101.0;10.0;SOJA;11026714P1240;NEO790 IPRO;—;S1;P1;S1;P1;BG;30.0;705.0;S1;705;30.0;Cam.A;QD.04;F2;SIM;1.0;29/07/2026;JUL;SAMUEL;SERGIO ;CLAUDIO ;VALIDADO;
UBS I;GO;101.0;10.0;SOJA;11026714P2241;NEO790 IPRO;—;S1;P2;S1;P2;BG;27.0;927.0;S1;927;27.0;Cam.B;QD.14;F3;SIM;1.0;29/07/2026;JUL;SAMUEL;SERGIO ;CLAUDIO ;VALIDADO;
UBS I;GO;101.0;10.0;SOJA;11026714P1242;NEO790 IPRO;—;S1;P1;S1;P1;BG;30.0;705.0;S1;705;30.0;Cam.A;QD.04;  F1  ;SIM;1.0;29/07/2026;JUL;SAMUEL;SERGIO ;CLAUDIO ;VALIDADO;
UBS I;GO;101.0;10.0;SOJA;11026714P2243;NEO790 IPRO;—;S1;P2;S1;P2;BG;30.0;904.0;S1;904;30.0;Cam.B            ;QD.35;F2;SIM;1.0;29/07/2026;JUL;SAMUEL;SERGIO ;CLAUDIO ;VALIDADO;
UBS I;GO;101.0;10.0;SOJA;11026714P2244;NEO790 IPRO;—;S1;P2;S1;P2;BG;27.0;910.0;S1;910;27.0;Cam.B            ;QD.37;F1     ;SIM;1.0;29/07/2026;JUL;SAMUEL;SERGIO ;CLAUDIO ;VALIDADO;
UBS I;GO;101.0;10.0;SOJA;11026714P1245;NEO790 IPRO;—;S1;P1;S1;P1;BG;30.0;711.0;S1;711;30.0;Cam.B            ; QD.36 ;F2;SIM;1.0;29/07/2026;JUL;SAMUEL;SERGIO ;CLAUDIO ;VALIDADO;
UBS I;GO;101.0;10.0;SOJA;11026714P2246;NEO790 IPRO;—;S1;P2;S1;P2;BG;30.0;902.0;S1;902;30.0;Cam.B            ; QD.37 ;F3;SIM;1.0;29/07/2026;JUL;SAMUEL;SERGIO ;CLAUDIO ;VALIDADO;
UBS I;GO;101.0;10.0;SOJA;11026714P2247;NEO790 IPRO;—;S1;P2;S1;P2;BG;30.0;899.0;S1;899;30.0;Cam.B;QD.12;F3;SIM;1.0;29/07/2026;JUL;SAMUEL;SERGIO ;CLAUDIO ;VALIDADO;
UBS I;GO;101.0;10.0;SOJA;11026714P1248;NEO790 IPRO;—;S1;P1;S1;P1;BG;30.0;707.0;S1;707;30.0;Cam.B            ;QD.36;F1      ;SIM;1.0;29/07/2026;JUL;SAMUEL;SERGIO ;CLAUDIO ;VALIDADO;
UBS I;GO;101.0;10.0;SOJA;11026714P2249;NEO790 IPRO;—;S1;P2;S1;P2;BG;27.0;917.0;S1;917;27.0;Cam.B            ;QD.37;F2;SIM;1.0;29/07/2026;JUL;SAMUEL;SERGIO ;CLAUDIO ;VALIDADO;
UBS I;GO;101.0;10.0;SOJA;11026714P2250;NEO790 IPRO;—;S1;P2;S1;P2;BG;30.0;909.0;S1;909;30.0;Cam.B            ;QD.15;F3;SIM;1.0;29/07/2026;JUL;SAMUEL;SERGIO ;CLAUDIO ;VALIDADO;
UBS I;GO;101.0;10.0;SOJA;11026714P1251;NEO790 IPRO;—;S1;P1;S1;P1;BG;30.0;701.0;S1;701;30.0;Cam.B            ; QD.41 ;F4;SIM;1.0;29/07/2026;JUL;SAMUEL;SERGIO ;CLAUDIO ;VALIDADO;
UBS I;GO;101.0;10.0;SOJA;11026714P2252;NEO790 IPRO;—;S1;P2;S1;P2;BG;30.0;887.0;S1;887;30.0;Cam.B            ; QD.36 ;F4;SIM;1.0;29/07/2026;JUL;SAMUEL;SERGIO ;CLAUDIO ;VALIDADO;
UBS I;GO;101.0;10.0;SOJA;11026714P1253;NEO790 IPRO;—;S1;P1;S1;P1;BG;30.0;700.0;S1;700;30.0;Cam.B            ; QD.36 ;F3;SIM;1.0;29/07/2026;JUL;SAMUEL;SERGIO ;CLAUDIO ;VALIDADO;
UBS I;GO;101.0;10.0;SOJA;11026714P2254;NEO790 IPRO;—;S1;P2;S1;P2;BG;30.0;904.0;S1;904;30.0;Cam.B            ; QD.42 ;F4;SIM;1.0;29/07/2026;JUL;SAMUEL;SERGIO ;CLAUDIO ;VALIDADO;
UBS I;GO;101.0;10.0;SOJA;11026714P2255;NEO790 IPRO;—;S1;P2;S1;P2;BG;27.0;920.0;S1;920;27.0;Cam.B            ; QD.37 ;F4;SIM;1.0;29/07/2026;JUL;SAMUEL;SERGIO ;CLAUDIO ;VALIDADO;
UBS I;GO;101.0;10.0;SOJA;11026714P1256;NEO790 IPRO;—;S1;P1;S1;P1;BG;30.0;708.0;S1;708;30.0;Cam.B            ;QD.34;F2;SIM;1.0;29/07/2026;JUL;SAMUEL;SERGIO ;CLAUDIO ;VALIDADO;
UBS I;GO;101.0;10.0;SOJA;11026714P2257;NEO790 IPRO;—;S1;P2;S1;P2;BG;30.0;894.0;S1;894;30.0;Cam.B            ;QD.35;F1       ;SIM;1.0;29/07/2026;JUL;SAMUEL;SERGIO ;CLAUDIO ;VALIDADO;
UBS I;GO;101.0;10.0;SOJA;11026714P2258;NEO790 IPRO;—;S1;P2;S1;P2;BG;30.0;903.0;S1;903;30.0;Cam.B            ; QD.42 ;F3;SIM;1.0;29/07/2026;JUL;SAMUEL;SERGIO ;CLAUDIO ;VALIDADO;
UBS I;GO;101.0;10.0;SOJA;11026714P1259;NEO790 IPRO;—;S1;P1;S1;P1;BG;30.0;702.0;S1;702;30.0;Cam.B            ; QD.41 ;F3;SIM;1.0;29/07/2026;JUL;SAMUEL;SERGIO ;CLAUDIO ;VALIDADO;
UBS I;GO;101.0;10.0;SOJA;11026714P2260;NEO790 IPRO;—;S1;P2;S1;P2;BG;27.0;918.0;S1;918;27.0;Cam.B            ;QD.33;F2;SIM;1.0;29/07/2026;JUL;SAMUEL;SERGIO ;CLAUDIO ;VALIDADO;
UBS I;GO;101.0;10.0;SOJA;11026714P1261;NEO790 IPRO;—;S1;P1;S1;P1;BG;30.0;692.0;S1;692;30.0;Cam.B            ;QD.34;F1        ;SIM;1.0;29/07/2026;JUL;SAMUEL;SERGIO ;CLAUDIO ;VALIDADO;
UBS I;GO;101.0;10.0;SOJA;11026714P2262;NEO790 IPRO;—;S1;P2;S1;P2;BG;30.0;884.0;S1;884;30.0;Cam.B            ;QD.33;F1        ;SIM;1.0;29/07/2026;JUL;SAMUEL;SERGIO ;CLAUDIO ;VALIDADO;
UBS I;GO;101.0;10.0;SOJA;11026714P1263;NEO790 IPRO;—;S1;P1;S1;P1;BG;30.0;705.0;S1;705;30.0;Cam.B            ;QD.41;F2;SIM;1.0;29/07/2026;JUL;SAMUEL;SERGIO ;CLAUDIO ;VALIDADO;
UBS I;GO;101.0;10.0;SOJA;11026714P2264;NEO790 IPRO;—;S1;P2;S1;P2;BG;30.0;901.0;S1;901;30.0;Cam.B            ; QD.33 ;F3;SIM;1.0;29/07/2026;JUL;SAMUEL;SERGIO ;CLAUDIO ;VALIDADO;
UBS I;GO;101.0;10.0;SOJA;11026714P2265;NEO790 IPRO;—;S1;P2;S1;P2;BG;30.0;896.0;S1;896;30.0;Cam.B            ; QD.33 ;F4;SIM;1.0;29/07/2026;JUL;SAMUEL;SERGIO ;CLAUDIO ;VALIDADO;
UBS I;GO;101.0;10.0;SOJA;11026714P1266;NEO790 IPRO;—;S1;P1;S1;P1;BG;29.0;710.0;S1;710;29.0;Cam.B;QD.11;F1;SIM;1.0;29/07/2026;JUL;SAMUEL;SERGIO ;CLAUDIO ;VALIDADO;
UBS I;GO;101.0;10.0;SOJA;11026714P2267;NEO790 IPRO;—;S1;P2;S1;P2;BG;24.0;925.0;S1;925;24.0;Cam.B;QD.14;F2;SIM;1.0;29/07/2026;JUL;SAMUEL;SERGIO ;CLAUDIO ;VALIDADO;
UBS I;GO;101.0;10.0;SOJA;11026273P1268;NEO800 I2X;—;S1;P1;S1;P1;BG;30.0;629.0;S1;629;30.0;Cam.B            ;QD.22;F1;SIM;1.0;29/07/2026;JUL;SAMUEL;SERGIO ;CLAUDIO ;VALIDADO;
UBS I;GO;101.0;10.0;SOJA;11026273P2269;NEO800 I2X;—;S1;P2;S1;P2;BG;30.0;814.0;S1;814;30.0;Cam.B            ; QD.32 ;F3;SIM;1.0;29/07/2026;JUL;SAMUEL;SERGIO ;CLAUDIO ;VALIDADO;
UBS I;GO;101.0;10.0;SOJA;11026273P1270;NEO800 I2X;—;S1;P1;S1;P1;BG;30.0;651.0;S1;651;30.0;Cam.B            ;QD.22;F2;SIM;1.0;29/07/2026;JUL;SAMUEL;SERGIO ;CLAUDIO ;VALIDADO;
UBS I;GO;101.0;10.0;SOJA;11026273P2271;NEO800 I2X;—;S1;P2;S1;P2;BG;30.0;834.0;S1;834;30.0;Cam.B            ;QD.32;F1  ;SIM;1.0;29/07/2026;JUL;SAMUEL;SERGIO ;CLAUDIO ;VALIDADO;
UBS I;GO;101.0;10.0;SOJA;11026273P1272;NEO800 I2X;—;S1;P1;S1;P1;BG;30.0;628.0;S1;628;30.0;Cam.B            ;QD.31;F3;SIM;1.0;29/07/2026;JUL;SAMUEL;SERGIO ;CLAUDIO ;VALIDADO;
UBS I;GO;101.0;10.0;SOJA;11026273P2273;NEO800 I2X;—;S1;P2;S1;P2;BG;30.0;828.0;S1;828;30.0;Cam.B            ;QD.31;F1   ;SIM;1.0;29/07/2026;JUL;SAMUEL;SERGIO ;CLAUDIO ;VALIDADO;
UBS I;GO;101.0;10.0;SOJA;11026273P1274;NEO800 I2X;—;S1;P1;S1;P1;BG;30.0;649.0;S1;649;30.0;Cam.B            ;QD.25;F3;SIM;1.0;29/07/2026;JUL;SAMUEL;SERGIO ;CLAUDIO ;VALIDADO;
UBS I;GO;101.0;10.0;SOJA;11026273P2275;NEO800 I2X;—;S1;P2;S1;P2;BG;30.0;862.0;S1;862;30.0;Cam.B            ; QD.32 ;F2;SIM;1.0;29/07/2026;JUL;SAMUEL;SERGIO ;CLAUDIO ;VALIDADO;
UBS I;GO;101.0;10.0;SOJA;11026273P1276;NEO800 I2X;—;S1;P1;S1;P1;BG;30.0;664.0;S1;664;30.0;Cam.B            ;QD.21;F2;SIM;1.0;29/07/2026;JUL;SAMUEL;SERGIO ;CLAUDIO ;VALIDADO;
UBS I;GO;101.0;10.0;SOJA;11026273P2277;NEO800 I2X;—;S1;P2;S1;P2;BG;30.0;852.0;S1;852;30.0;Cam.B            ;QD.31;F2;SIM;1.0;29/07/2026;JUL;SAMUEL;SERGIO ;CLAUDIO ;VALIDADO;
UBS I;GO;101.0;10.0;SOJA;11026273P1278;NEO800 I2X;—;S1;P1;S1;P1;BG;30.0;645.0;S1;645;30.0;Cam.B            ;QD.21;F2;SIM;1.0;29/07/2026;JUL;SAMUEL;SERGIO ;CLAUDIO ;VALIDADO;
UBS I;GO;101.0;10.0;SOJA;11026273P2279;NEO800 I2X;—;S1;P2;S1;P2;BG;30.0;835.0;S1;835;30.0;Cam.B            ; QD.32 ;F4;SIM;1.0;29/07/2026;JUL;SAMUEL;SERGIO ;CLAUDIO ;VALIDADO;
UBS I;GO;101.0;10.0;SOJA;11026273P2280;NEO800 I2X;—;S1;P2;S1;P2;BG;30.0;826.0;S1;826;30.0;Cam.B;QD.10;F3;SIM;1.0;29/07/2026;JUL;SAMUEL;SERGIO ;CLAUDIO ;VALIDADO;
UBS I;GO;101.0;10.0;SOJA;11026757P1282;NEO780 CE;—;C1;P1;C1;P1;BG;30.0;729.0;C1;729;30.0;Cam.B;QD.23;F2;SIM;1.0;29/07/2026;JUL;SAMUEL;SERGIO ;CLAUDIO ;VALIDADO;
UBS I;GO;101.0;10.0;SOJA;11026757P2283;NEO780 CE;—;C1;P2;C1;P2;BG;30.0;929.0;C1;929;30.0;Cam.B;QD.29;F3;SIM;1.0;29/07/2026;JUL;SAMUEL;SERGIO ;CLAUDIO ;VALIDADO;
UBS I;GO;101.0;10.0;SOJA;11026757P2284;NEO780 CE;—;C1;P2;C1;P2;BG;30.0;913.0;C1;913;30.0;Cam.B;QD.29;F1;SIM;1.0;29/07/2026;JUL;SAMUEL;SERGIO ;CLAUDIO ;VALIDADO;
UBS I;GO;101.0;10.0;SOJA;11026757P1285;NEO780 CE;—;C1;P1;C1;P1;BG;30.0;760.0;C1;760;30.0;Cam.B;QD.23;F1;SIM;1.0;29/07/2026;JUL;SAMUEL;SERGIO ;CLAUDIO ;VALIDADO;
UBS I;GO;101.0;10.0;SOJA;11026757P1286;NEO780 CE;—;C1;P1;C1;P1;BG;0.0;740.0;C1;0;0.0;0;0;0;SIM;0.0;29/07/2026;JUL;SAMUEL;SERGIO ;CLAUDIO ;VALIDADO;
UBS I;GO;101.0;10.0;SOJA;11026757P2287;NEO780 CE;—;C1;P2;C1;P2;BG;30.0;900.0;C1;900;30.0;Cam.B;QD.29;F2;SIM;1.0;29/07/2026;JUL;SAMUEL;SERGIO ;CLAUDIO ;VALIDADO;
UBS I;GO;101.0;10.0;SOJA;11026757P1288;NEO780 CE;—;C1;P1;C1;P1;BG;6.0;733.0;C1;733;6.0;Cam.B;QD.05;F3;SIM;1.0;29/07/2026;JUL;SAMUEL;SERGIO ;CLAUDIO ;VALIDADO;
UBS I;GO;101.0;10.0;SOJA;11026764P2289;NEO791 CE;—;C1;P2;C1;P2;BG;30.0;712.0;C1;712;30.0;Cam.B            ;QD.18;F1;SIM;1.0;29/07/2026;JUL;SAMUEL;SERGIO ;CLAUDIO ;VALIDADO;
UBS I;GO;101.0;10.0;SOJA;11026764P2291;NEO791 CE;—;C1;P2;C1;P2;BG;30.0;720.0;C1;720;30.0;Cam.B            ;QD.18;F2;SIM;1.0;29/07/2026;JUL;SAMUEL;SERGIO ;CLAUDIO ;VALIDADO;
UBS I;GO;101.0;10.0;SOJA;11026764P1290;NEO791 CE;—;C1;P1;C1;P1;BG;30.0;583.0;C1;583;30.0;Cam.B            ;QD.20;F1 ;SIM;1.0;29/07/2026;JUL;SAMUEL;SERGIO ;CLAUDIO ;VALIDADO;
UBS I;GO;101.0;10.0;SOJA;11026764P2292;NEO791 CE;—;C1;P2;C1;P2;BG;30.0;770.0;C1;770;30.0;Cam.B            ; QD.18 ;F4;SIM;1.0;29/07/2026;JUL;SAMUEL;SERGIO ;CLAUDIO ;VALIDADO;
UBS I;GO;101.0;10.0;SOJA;11026764P2293;NEO791 CE;—;C1;P2;C1;P2;BG;30.0;718.0;C1;718;30.0;Cam.B            ; QD.18 ;F3;SIM;1.0;29/07/2026;JUL;SAMUEL;SERGIO ;CLAUDIO ;VALIDADO;
UBS I;GO;101.0;10.0;SOJA;11026764P1294;NEO791 CE;—;C1;P1;C1;P1;BG;30.0;544.0;C1;544;30.0;Cam.B            ;QD.20;F2;SIM;1.0;29/07/2026;JUL;SAMUEL;SERGIO ;CLAUDIO ;VALIDADO;
UBS I;GO;101.0;10.0;SOJA;11026764P2295;NEO791 CE;—;C1;P2;C1;P2;BG;30.0;720.0;C1;720;30.0;Cam.B            ; QD.19 ;F2;SIM;1.0;29/07/2026;JUL;SAMUEL;SERGIO ;CLAUDIO ;VALIDADO;
UBS I;GO;101.0;10.0;SOJA;11026764P2296;NEO791 CE;—;C1;P2;C1;P2;BG;30.0;717.0;C1;717;30.0;Cam.B            ; QD.19 ;F3;SIM;1.0;29/07/2026;JUL;SAMUEL;SERGIO ;CLAUDIO ;VALIDADO;
UBS I;GO;101.0;10.0;SOJA;11026764P2297;NEO791 CE;—;C1;P2;C1;P2;BG;30.0;725.0;C1;725;30.0;Cam.B            ;QD.19;F1;SIM;1.0;29/07/2026;JUL;SAMUEL;SERGIO ;CLAUDIO ;VALIDADO;
UBS I;GO;101.0;10.0;SOJA;11026764P2298;NEO791 CE;—;C1;P2;C1;P2;BG;18.0;723.0;C1;723;18.0;Cam.B;QD.06;F1;SIM;1.0;29/07/2026;JUL;SAMUEL;SERGIO ;CLAUDIO ;VALIDADO;
UBS I;GO;101.0;10.0;SOJA;11026764P1299;NEO791 CE;—;C1;P1;C1;P1;BG;9.0;553.0;C1;553;9.0;Cam.B;QD.05;F2;SIM;1.0;29/07/2026;JUL;SAMUEL;SERGIO ;CLAUDIO ;VALIDADO;
UBS I;GO;101.0;10.0;SOJA;11026714P2300;NEO790 IPRO;—;S1;P2;S1;P2;BG;30.0;906.0;S1;906;30.0;Cam.B            ; QD.20 ;F4;SIM;1.0;29/07/2026;JUL;SAMUEL;SERGIO ;CLAUDIO ;VALIDADO;
UBS I;GO;101.0;10.0;SOJA;11026714P1301;NEO790 IPRO;—;S1;P1;S1;P1;BG;30.0;702.0;S1;702;30.0;Cam.B            ; QD.19 ;F4;SIM;1.0;29/07/2026;JUL;SAMUEL;SERGIO ;CLAUDIO ;VALIDADO;
UBS I;GO;101.0;10.0;SOJA;11026714P2302;NEO790 IPRO;—;S1;P2;S1;P2;BG;27.0;936.0;S1;936;27.0;Cam.B            ; QD.20 ;F3;SIM;1.0;29/07/2026;JUL;SAMUEL;SERGIO ;CLAUDIO ;VALIDADO;
UBS I;GO;101.0;10.0;SOJA;11026714P2303;NEO790 IPRO;—;S1;P2;S1;P2;BG;14.0;920.0;S1;920;14.0;Cam.B;QD.07;F1;SIM;1.0;29/07/2026;JUL;SAMUEL;SERGIO ;CLAUDIO ;VALIDADO;
UBS I;GO;101.0;10.0;SOJA;11026714P1304;NEO790 IPRO;—;S1;P1;S1;P1;BG;8.0;715.0;S1;715;8.0;Cam.B;QD.05;F5;SIM;1.0;29/07/2026;JUL;SAMUEL;SERGIO ;CLAUDIO ;VALIDADO;
UBS I;GO;101.0;10.0;SOJA;11026273P1281;NEO800 I2X;—;S1;P1;S1;P1;BG;30.0;652.0;S1;652;30.0;Cam.B;QD.08;F1;SIM;1.0;29/07/2026;JUL;SAMUEL;SERGIO ;CLAUDIO ;VALIDADO;
UBS I;GO;101.0;10.0;SOJA;11026273P2305;NEO800 I2X;—;S1;P2;S1;P2;BG;30.0;837.0;S1;837;30.0;Cam.B;QD.09;F2;SIM;1.0;29/07/2026;JUL;SAMUEL;SERGIO ;CLAUDIO ;VALIDADO;
UBS I;GO;101.0;10.0;SOJA;11026273P1306;NEO800 I2X;—;S1;P1;S1;P1;BG;30.0;660.0;S1;660;30.0;Cam.B;QD.08;F2;SIM;1.0;29/07/2026;JUL;SAMUEL;SERGIO ;CLAUDIO ;VALIDADO;
UBS I;GO;101.0;10.0;SOJA;11026273P2307;NEO800 I2X;—;S1;P2;S1;P2;BG;30.0;833.0;S1;833;30.0;Cam.B;QD.10;F2;SIM;1.0;29/07/2026;JUL;SAMUEL;SERGIO ;CLAUDIO ;VALIDADO;
UBS I;GO;101.0;10.0;SOJA;11026273P1308;NEO800 I2X;—;S1;P1;S1;P1;BG;30.0;645.0;S1;645;30.0;Cam.B;QD.08;F3;SIM;1.0;29/07/2026;JUL;SAMUEL;SERGIO ;CLAUDIO ;VALIDADO;
UBS I;GO;101.0;10.0;SOJA;11026273P2309;NEO800 I2X;—;S1;P2;S1;P2;BG;30.0;833.0;S1;833;30.0;Cam.C;QD.21;F2;SIM;1.0;29/07/2026;JUL;SAMUEL;SERGIO ;CLAUDIO ;VALIDADO;
UBS I;GO;101.0;10.0;SOJA;11026273P2310;NEO800 I2X;—;S1;P2;S1;P2;BG;30.0;824.0;S1;824;30.0;Cam.B;QD.09;F1;SIM;1.0;29/07/2026;JUL;SAMUEL;SERGIO ;CLAUDIO ;VALIDADO;
UBS I;GO;101.0;10.0;SOJA;11026273P1311;NEO800 I2X;—;S1;P1;S1;P1;BG;30.0;628.0;S1;628;30.0;Cam.C;QD.12;F3;SIM;1.0;29/07/2026;JUL;SAMUEL;SERGIO ;CLAUDIO ;VALIDADO;
UBS I;GO;101.0;10.0;SOJA;11026273P1312;NEO800 I2X;—;S1;P1;S1;P1;BG;30.0;635.0;S1;635;30.0;Cam.C;QD.12;F2;SIM;1.0;29/07/2026;JUL;SAMUEL;SERGIO ;CLAUDIO ;VALIDADO;
UBS I;GO;101.0;10.0;SOJA;11026273P2313;NEO800 I2X;—;S1;P2;S1;P2;BG;30.0;827.0;S1;827;30.0;Cam.C;QD.21;F1;SIM;1.0;29/07/2026;JUL;SAMUEL;SERGIO ;CLAUDIO ;VALIDADO;
UBS I;GO;101.0;10.0;SOJA;11026273P2314;NEO800 I2X;—;S1;P2;S1;P2;BG;30.0;835.0;S1;835;30.0;Cam.B;QD.09;F3;SIM;1.0;29/07/2026;JUL;SAMUEL;SERGIO ;CLAUDIO ;VALIDADO;
UBS I;GO;101.0;10.0;SOJA;11026273P1315;NEO800 I2X;—;S1;P1;S1;P1;BG;30.0;648.0;S1;648;30.0;Cam.C;QD.12;F1;SIM;1.0;29/07/2026;JUL;SAMUEL;SERGIO ;CLAUDIO ;VALIDADO;
UBS I;GO;101.0;10.0;SOJA;11026273P2316;NEO800 I2X;—;S1;P2;S1;P2;BG;30.0;828.0;S1;828;30.0;Cam.C;QD.36;F2;SIM;1.0;29/07/2026;JUL;SAMUEL;SERGIO ;CLAUDIO ;VALIDADO;
UBS I;GO;101.0;10.0;SOJA;11026273P1317;NEO800 I2X;—;S1;P1;S1;P1;BG;30.0;641.0;S1;641;30.0;Cam.C;QD.21;F3;SIM;1.0;29/07/2026;JUL;SAMUEL;SERGIO ;CLAUDIO ;VALIDADO;
UBS I;GO;101.0;10.0;SOJA;11026273P2318;NEO800 I2X;—;S1;P2;S1;P2;BG;30.0;840.0;S1;840;30.0;Cam.C;QD.36;F3;SIM;1.0;29/07/2026;JUL;SAMUEL;SERGIO ;CLAUDIO ;VALIDADO;
UBS I;GO;101.0;10.0;SOJA;11026273P2319;NEO800 I2X;—;S1;P2;S1;P2;BG;18.0;836.0;S1;836;18.0;Cam.B;QD.06;F3;SIM;1.0;29/07/2026;JUL;SAMUEL;SERGIO ;CLAUDIO ;VALIDADO;
UBS I;GO;101.0;10.0;SOJA;11026273P1320;NEO800 I2X;—;S1;P1;S1;P1;BG;10.0;652.0;S1;652;10.0;Cam.B;QD.05;F1;SIM;1.0;29/07/2026;JUL;SAMUEL;SERGIO ;CLAUDIO ;VALIDADO;
UBS I;GO;101.0;10.0;SOJA;11026739P2321;NEO700 I2X;—;C2;P2;C2;P2;BG;27.0;988.0;C2;988;27.0;Cam.C;QD.17;F3;SIM;1.0;29/07/2026;JUL;SAMUEL;SERGIO ;CLAUDIO ;VALIDADO;
UBS I;GO;101.0;10.0;SOJA;11026739P1322;NEO700 I2X;—;C2;P1;C2;P1;BG;30.0;824.0;C2;824;30.0;Cam.C;QD.11;F1;SIM;1.0;29/07/2026;JUL;SAMUEL;SERGIO ;CLAUDIO ;VALIDADO;
UBS I;GO;101.0;10.0;SOJA;11026739P2323;NEO700 I2X;—;C2;P2;C2;P2;BG;27.0;977.0;C2;977;27.0;Cam.C;QD.11;F2;SIM;1.0;29/07/2026;JUL;SAMUEL;SERGIO ;CLAUDIO ;VALIDADO;
UBS I;GO;101.0;10.0;SOJA;11026739P1324;NEO700 I2X;—;C2;P1;C2;P1;BG;0.0;818.0;C2;0;0.0;0;0;0;SIM;0.0;29/07/2026;JUL;SAMUEL;SERGIO ;CLAUDIO ;VALIDADO;
UBS I;GO;101.0;10.0;SOJA;11026739P2325;NEO700 I2X;—;C2;P2;C2;P2;BG;27.0;986.0;C2;986;27.0;Cam.C;QD.11;F3;SIM;1.0;29/07/2026;JUL;SAMUEL;SERGIO ;CLAUDIO ;VALIDADO;
UBS I;GO;101.0;10.0;SOJA;11026739P2326;NEO700 I2X;—;C2;P2;C2;P2;BG;27.0;983.0;C2;983;27.0;Cam.C;QD.13;F2;SIM;1.0;29/07/2026;JUL;SAMUEL;SERGIO ;CLAUDIO ;VALIDADO;
UBS I;GO;101.0;10.0;SOJA;11026739P2327;NEO700 I2X;—;C2;P2;C2;P2;BG;0.0;968.0;C2;0;0.0;0;0;0;SIM;0.0;29/07/2026;JUL;SAMUEL;SERGIO ;CLAUDIO ;VALIDADO;
UBS I;GO;101.0;10.0;SOJA;11026739P1328;NEO700 I2X;—;C2;P1;C2;P1;BG;0.0;827.0;C2;0;0.0;0;0;0;SIM;0.0;29/07/2026;JUL;SAMUEL;SERGIO ;CLAUDIO ;VALIDADO;
UBS I;GO;101.0;10.0;SOJA;11026739P1329;NEO700 I2X;—;C2;P1;C2;P1;BG;30.0;822.0;C2;822;30.0;Cam.C;QD.13;F1;SIM;1.0;29/07/2026;JUL;SAMUEL;SERGIO ;CLAUDIO ;VALIDADO;
UBS I;GO;101.0;10.0;SOJA;11026739P2330;NEO700 I2X;—;S2;P2;S2;P2;BG;27.0;955.0;S2;955;27.0;Cam.C;QD.28;F3;SIM;1.0;29/07/2026;JUL;SAMUEL;SERGIO ;CLAUDIO ;VALIDADO;
UBS I;GO;101.0;10.0;SOJA;11026739P2331;NEO700 I2X;—;S2;P2;S2;P2;BG;27.0;939.0;S2;939;27.0;Cam.C;QD.17;F2;SIM;1.0;29/07/2026;JUL;SAMUEL;SERGIO ;CLAUDIO ;VALIDADO;
UBS I;GO;101.0;10.0;SOJA;11026739P1332;NEO700 I2X;—;S2 ;P1;S2 ;P1;BG;20.0;828.0;S2 ;828;20.0;Cam.C;QD.18;F3;SIM;1.0;29/07/2026;JUL;SAMUEL;SERGIO ;CLAUDIO ;VALIDADO;
UBS I;GO;101.0;10.0;SOJA;11026739P2333;NEO700 I2X;—;S2;P2;S2;P2;BG;27.0;970.0;S2;970;27.0;Cam.C;QD.28;F2;SIM;1.0;29/07/2026;JUL;SAMUEL;SERGIO ;CLAUDIO ;VALIDADO;
UBS I;GO;101.0;10.0;SOJA;11026739P2334;NEO700 I2X;—;S2;P2;S2;P2;BG;27.0;985.0;S2;985;27.0;Cam.C;QD.13;F3;SIM;1.0;29/07/2026;JUL;SAMUEL;SERGIO ;CLAUDIO ;VALIDADO;
UBS I;GO;101.0;10.0;SOJA;11026739P2335;NEO700 I2X;—;S2;P2;S2;P2;BG;16.0;989.0;S2;989;16.0;Cam.C;QD.04;F3;SIM;1.0;29/07/2026;JUL;SAMUEL;SERGIO ;CLAUDIO ;VALIDADO;
UBS I;GO;101.0;10.0;SOJA;11026755P1336;M 7535 I2X;—;C1;P1;C1;P1;BG;30.0;752.0;C1;752;30.0;Cam.C;QD.16;F1;SIM;1.0;29/07/2026;JUL;SAMUEL;SERGIO ;CLAUDIO ;VALIDADO;
UBS I;GO;101.0;10.0;SOJA;11026755P2337;M 7535 I2X;—;C1;P2;C1;P2;BG;30.0;888.0;C1;888;30.0;Cam.C;QD.16;F3;SIM;1.0;29/07/2026;JUL;SAMUEL;SERGIO ;CLAUDIO ;VALIDADO;
UBS I;GO;101.0;10.0;SOJA;11026755P2338;M 7535 I2X;—;C1;P2;C1;P2;BG;30.0;889.0;C1;889;30.0;Cam.C;QD.16;F2;SIM;1.0;29/07/2026;JUL;SAMUEL;SERGIO ;CLAUDIO ;VALIDADO;
UBS I;GO;101.0;10.0;SOJA;11026755P1339;M 7535 I2X;—;C1;P1;C1;P1;BG;8.0;746.0;C1;746;8.0;Cam.C;QD.02;F1;SIM;1.0;29/07/2026;JUL;SAMUEL;SERGIO ;CLAUDIO ;VALIDADO;
UBS I;GO;101.0;10.0;SOJA;11026755P2340;M 7535 I2X;—;C1;P2;C1;P2;BG;10.0;878.0;C1;878;10.0;Cam.C;QD.02;F2;SIM;1.0;29/07/2026;JUL;SAMUEL;SERGIO ;CLAUDIO ;VALIDADO;
UBS I;GO;101.0;10.0;SOJA;11026715P2159;NEO761 I2X;—;S2;P2;S2;P2;BG;24.0;1062.0;S2;1062;24.0;Cam.A;QD.24;24;SIM;1.0;29/07/2026;JUL;SAMUEL;SERGIO ;CLAUDIO ;VALIDADO;
LPCO;GO;101.0;11.0;SOJA;11728P2005;6930I2X;—;;;C2;P2;BG;24.0;1010.0;C2;1010;24.0;Cam.A;QD.36;F1;SIM;1.0;30/07/2026;JUL;SAMUEL;LUCAS;MARCELA;VALIDADO;
LPCO;GO;101.0;11.0;SOJA;11728P1004;6930I2X;—;;;C2;P1;BG;0.0;812.0;C2;0;0.0;0;0;0;SIM;0.0;30/07/2026;JUL;SAMUEL;LUCAS;MARCELA;VALIDADO;
LPCO;GO;101.0;11.0;SOJA;11728P1003;6930I2X;—;;;C2;P1;BG;0.0;828.0;C2;0;0.0;0;0;0;SIM;0.0;30/07/2026;JUL;SAMUEL;LUCAS;MARCELA;VALIDADO;
LPCO;GO;101.0;11.0;SOJA;11728P2002;6930I2X;—;;;C2;P2;BG;0.0;1035.0;C2;0;0.0;0;0;0;SIM;0.0;30/07/2026;JUL;SAMUEL;LUCAS;MARCELA;VALIDADO;
LPCO;GO;101.0;11.0;SOJA;11728P1001;6930I2X;—;;;C2;P1;BG;0.0;835.0;C2;0;0.0;0;0;0;SIM;0.0;30/07/2026;JUL;SAMUEL;LUCAS;MARCELA;VALIDADO;
LPCO;GO;101.0;11.0;SOJA;11149P1616;NEO680 IPRO;—;;;S2;P1;BG;30.0;765.0;S2;765;30.0;Cam.A;QD.49;F1;SIM;1.0;30/07/2026;JUL;SAMUEL;LUCAS;MARCELA;VALIDADO;
LPCO;GO;101.0;11.0;SOJA;11728P1006;6930I2X;—;;;C2;P1;BG;0.0;801.0;C2;0;0.0;0;0;0;SIM;0.0;30/07/2026;JUL;SAMUEL;LUCAS;MARCELA;VALIDADO;
LPCO;GO;101.0;11.0;SOJA;11728P2011;6930I2X;—;;;C2;P2;BG;24.0;1019.0;C2;1019;24.0;Cam.A;QD.36;F5;SIM;1.0;30/07/2026;JUL;SAMUEL;LUCAS;MARCELA;VALIDADO;
LPCO;GO;101.0;11.0;SOJA;11728P2009;6930I2X;—;;;C2;P2;BG;24.0;1021.0;C2;1021;24.0;Cam.A;QD.36;F4;SIM;1.0;30/07/2026;JUL;SAMUEL;LUCAS;MARCELA;VALIDADO;
LPCO;GO;101.0;11.0;SOJA;11728P1010;6930I2X;—;;;C2;P1;BG;0.0;827.0;C2;0;0.0;0;0;0;SIM;0.0;30/07/2026;JUL;SAMUEL;LUCAS;MARCELA;VALIDADO;
LPCO;GO;101.0;11.0;SOJA;11728P1008;6930I2X;—;;;C2;P1;BG;0.0;821.0;C2;0;0.0;0;0;0;SIM;0.0;30/07/2026;JUL;SAMUEL;LUCAS;MARCELA;VALIDADO;
LPCO;GO;101.0;11.0;SOJA;11728P2007;6930I2X;—;;;C2;P2;BG;15.0;1010.0;C2;1010;15.0;Cam.A;QD.36;F2;SIM;1.0;30/07/2026;JUL;SAMUEL;LUCAS;MARCELA;VALIDADO;
LPCO;GO;101.0;11.0;SOJA;11728P2013;6930I2X;—;;;C2;P2;BG;24.0;1056.0;C2;1056;24.0;Cam.A;QD.36;F6;SIM;1.0;30/07/2026;JUL;SAMUEL;LUCAS;MARCELA;VALIDADO;
LPCO;GO;101.0;11.0;SOJA;11728P1014;6930I2X;—;;;C2;P1;BG;30.0;804.0;C2;804;30.0;Cam.A;QD.37;F1;SIM;1.0;30/07/2026;JUL;SAMUEL;LUCAS;MARCELA;VALIDADO;
LPCO;GO;101.0;11.0;SOJA;11728P1012;6930I2X;—;;;C2;P1;BG;0.0;813.0;C2;0;0.0;0;0;0;SIM;0.0;30/07/2026;JUL;SAMUEL;LUCAS;MARCELA;VALIDADO;
LPCO;GO;101.0;11.0;SOJA;11714P2102;O790 IPRO;—;;;S1;P2;BG;24.0;1028.0;S1;1028;24.0;Cam.A;QD.72;F1;SIM;1.0;30/07/2026;JUL;SAMUEL;LUCAS;MARCELA;VALIDADO;
LPCO;GO;101.0;11.0;SOJA;11714P1101;O790 IPRO;—;;;S1;P1;BG;30.0;792.0;S1;792;30.0;Cam.A;QD.71;F1;SIM;1.0;30/07/2026;JUL;SAMUEL;LUCAS;MARCELA;VALIDADO;
LPCO;GO;101.0;11.0;SOJA;11715P2722;761 I2X;—;;;S2;P2;BG;24.0;1032.0;S2;1032;24.0;Cam.A;QD.55;F5;SIM;1.0;30/07/2026;JUL;SAMUEL;LUCAS;MARCELA;VALIDADO;
LPCO;GO;101.0;11.0;SOJA;11714P1103;O790 IPRO;—;;;S1;P1;BG;30.0;775.0;S1;775;30.0;Cam.A;QD.71;F2;SIM;1.0;30/07/2026;JUL;SAMUEL;LUCAS;MARCELA;VALIDADO;
LPCO;GO;101.0;11.0;SOJA;11728P2015;6930I2X;—;;;C2;P2;BG;24.0;1065.0;C2;1065;24.0;Cam.A;QD.36;F7;SIM;1.0;30/07/2026;JUL;SAMUEL;LUCAS;MARCELA;VALIDADO;
LPCO;GO;101.0;11.0;SOJA;11714P2106;O790 IPRO;—;;;S1;P2;BG;24.0;1033.0;S1;1033;24.0;Cam.A;QD.72;F3;SIM;1.0;30/07/2026;JUL;SAMUEL;LUCAS;MARCELA;VALIDADO;
LPCO;GO;101.0;11.0;SOJA;11714P1105;O790 IPRO;—;;;S1;P1;BG;30.0;818.0;S1;818;30.0;Cam.A;QD.71;F3;SIM;1.0;30/07/2026;JUL;SAMUEL;LUCAS;MARCELA;VALIDADO;
LPCO;GO;101.0;11.0;SOJA;11714P2104;O790 IPRO;—;;;S1;P2;BG;24.0;1029.0;S1;1029;24.0;Cam.A;QD.72;F2;SIM;1.0;30/07/2026;JUL;SAMUEL;LUCAS;MARCELA;VALIDADO;
LPCO;GO;101.0;11.0;SOJA;11728P1016;6930I2X;—;;;C2;P1;BG;29.0;842.0;C2;842;29.0;Cam.A;QD.37;F2;SIM;1.0;30/07/2026;JUL;SAMUEL;LUCAS;MARCELA;VALIDADO;
LPCO;GO;101.0;11.0;SOJA;11272P1205;690 I2X;—;;;S1;P1;BG;30.0;755.0;S1;755;30.0;Cam.A;QD.39;F3;SIM;1.0;30/07/2026;JUL;SAMUEL;LUCAS;MARCELA;VALIDADO;
LPCO;GO;101.0;11.0;SOJA;11272P2204;690 I2X;—;;;S1;P2;BG;30.0;898.0;S1;898;30.0;Cam.A;QD.38;F2;SIM;1.0;30/07/2026;JUL;SAMUEL;LUCAS;MARCELA;VALIDADO;
LPCO;GO;101.0;11.0;SOJA;11272P1203;690 I2X;—;;;S1;P1;BG;30.0;742.0;S1;742;30.0;Cam.A;QD.39;F2;SIM;1.0;30/07/2026;JUL;SAMUEL;LUCAS;MARCELA;VALIDADO;
LPCO;GO;101.0;11.0;SOJA;11272P2202;690 I2X;—;;;S1;P2;BG;27.0;915.0;S1;915;27.0;Cam.A;QD.38;F1;SIM;1.0;30/07/2026;JUL;SAMUEL;LUCAS;MARCELA;VALIDADO;
LPCO;GO;101.0;11.0;SOJA;11272P1201;690 I2X;—;;;S1;P1;BG;30.0;759.0;S1;759;30.0;Cam.A;QD.39;F1;SIM;1.0;30/07/2026;JUL;SAMUEL;LUCAS;MARCELA;VALIDADO;
LPCO;GO;101.0;11.0;SOJA;11272P2207;690 I2X;—;;;S1;P2;BG;27.0;909.0;S1;909;27.0;Cam.A;QD.38;F3;SIM;1.0;30/07/2026;JUL;SAMUEL;LUCAS;MARCELA;VALIDADO;
LPCO;GO;101.0;11.0;SOJA;11272P1206;690 I2X;—;;;S1;P1;BG;30.0;755.0;S1;755;30.0;Cam.A;QD.39;F4;SIM;1.0;30/07/2026;JUL;SAMUEL;LUCAS;MARCELA;VALIDADO;
LPCO;GO;101.0;11.0;SOJA;11741P2305;NEO801 CE;—;;;C2;P2;BG;24.0;1019.0;C2;1019;24.0;Cam.B;QD.88;F3;SIM;1.0;30/07/2026;JUL;SAMUEL;LUCAS;MARCELA;VALIDADO;
LPCO;GO;101.0;11.0;SOJA;11741P1301;NEO801 CE;—;;;C2;P1;BG;30.0;815.0;C2;815;30.0;Cam.B;QD.89;F1;SIM;1.0;30/07/2026;JUL;SAMUEL;LUCAS;MARCELA;VALIDADO;
LPCO;GO;101.0;11.0;SOJA;11272P1211;690 I2X;—;;;S1;P1;BG;30.0;750.0;S1;746;30.0;Cam.A;QD.39;F6;SIM;1.0;30/07/2026;JUL;SAMUEL;LUCAS;MARCELA;VALIDADO;
LPCO;GO;101.0;11.0;SOJA;11741P2303;NEO801 CE;—;;;C2;P2;BG;27.0;1000.0;C2;1000;27.0;Cam.B;QD.88;F2;SIM;1.0;30/07/2026;JUL;SAMUEL;LUCAS;MARCELA;VALIDADO;
LPCO;GO;101.0;11.0;SOJA;11272P1209;690 I2X;—;;;S1;P1;BG;30.0;746.0;S1;750;30.0;Cam.A;QD.39;F7;SIM;1.0;30/07/2026;JUL;SAMUEL;LUCAS;MARCELA;VALIDADO;
LPCO;GO;101.0;11.0;SOJA;11741P2302;NEO801 CE;—;;;C2;P2;BG;24.0;1003.0;C2;1003;24.0;Cam.B;QD.88;F1;SIM;1.0;30/07/2026;JUL;SAMUEL;LUCAS;MARCELA;VALIDADO;
LPCO;GO;101.0;11.0;SOJA;11272P1208;690 I2X;—;;;S1;P1;BG;30.0;767.0;S1;767;30.0;Cam.A;QD.39;F5;SIM;1.0;30/07/2026;JUL;SAMUEL;LUCAS;MARCELA;VALIDADO;
LPCO;GO;101.0;11.0;SOJA;11741P1306;NEO801 CE;—;;;C2;P1;BG;19.0;832.0;C2;832;19.0;Cam.B;QD.89;F3;SIM;1.0;30/07/2026;JUL;SAMUEL;LUCAS;MARCELA;VALIDADO;
LPCO;GO;101.0;11.0;SOJA;11741P2307;NEO801 CE;—;;;C2;P2;BG;14.0;955.0;C2;955;14.0;Cam.B;QD.88;F4;SIM;1.0;30/07/2026;JUL;SAMUEL;LUCAS;MARCELA;VALIDADO;
LPCO;GO;101.0;11.0;SOJA;11272P2213;690 I2X;—;;;S1;P2;BG;27.0;929.0;S1;929;27.0;Cam.A;QD.38;F5;SIM;1.0;30/07/2026;JUL;SAMUEL;LUCAS;MARCELA;VALIDADO;
LPCO;GO;101.0;11.0;SOJA;11272P1214;690 I2X;—;;;S1;P1;BG;30.0;768.0;S1;768;30.0;Cam.A;QD.40;F2;SIM;1.0;30/07/2026;JUL;SAMUEL;LUCAS;MARCELA;VALIDADO;
LPCO;GO;101.0;11.0;SOJA;11272P1212;690 I2X;—;;;S1;P1;BG;30.0;765.0;S1;765;30.0;Cam.A;QD.40;F1;SIM;1.0;30/07/2026;JUL;SAMUEL;LUCAS;MARCELA;VALIDADO;
LPCO;GO;101.0;11.0;SOJA;11741P1304;NEO801 CE;—;;;C2;P1;BG;30.0;823.0;C2;823;30.0;Cam.B;QD.89;F2;SIM;1.0;30/07/2026;JUL;SAMUEL;LUCAS;MARCELA;VALIDADO;
LPCO;GO;101.0;11.0;SOJA;11272P2210;690 I2X;—;;;S1;P2;BG;27.0;916.0;S1;916;27.0;Cam.A;QD.38;F4;SIM;1.0;30/07/2026;JUL;SAMUEL;LUCAS;MARCELA;VALIDADO;
LPCO;GO;101.0;11.0;SOJA;11272P2219;690 I2X;—;;;S1;P2;BG;30.0;891.0;S1;891;30.0;Cam.A;QD.38;F7;SIM;1.0;30/07/2026;JUL;SAMUEL;LUCAS;MARCELA;VALIDADO;
LPCO;GO;101.0;11.0;SOJA;11272P1218;690 I2X;—;;;S1;P1;BG;30.0;757.0;S1;757;30.0;Cam.A;QD.40;F5;SIM;1.0;30/07/2026;JUL;SAMUEL;LUCAS;MARCELA;VALIDADO;
LPCO;GO;101.0;11.0;SOJA;11272P2216;690 I2X;—;;;S1;P2;BG;27.0;914.0;S1;914;27.0;Cam.A;QD.38;F6;SIM;1.0;30/07/2026;JUL;SAMUEL;LUCAS;MARCELA;VALIDADO;
LPCO;GO;101.0;11.0;SOJA;11272P1217;690 I2X;—;;;S1;P1;BG;30.0;761.0;S1;761;30.0;Cam.A;QD.40;F4;SIM;1.0;30/07/2026;JUL;SAMUEL;LUCAS;MARCELA;VALIDADO;
LPCO;GO;101.0;11.0;SOJA;11272P1215;690 I2X;—;;;S1;P1;BG;30.0;763.0;S1;763;30.0;Cam.A;QD.40;F3;SIM;1.0;30/07/2026;JUL;SAMUEL;LUCAS;MARCELA;VALIDADO;
LPCO;GO;101.0;11.0;SOJA;11272P1222;690 I2X;—;;;S1;P1;BG;30.0;750.0;S1;750;30.0;Cam.A;QD.40;F6;SIM;1.0;30/07/2026;JUL;SAMUEL;LUCAS;MARCELA;VALIDADO;
LPCO;GO;101.0;11.0;SOJA;11272P1220;690 I2X;—;;;S1;P1;BG;30.0;767.0;S1;767;30.0;Cam.A;QD.40;F7;SIM;1.0;30/07/2026;JUL;SAMUEL;LUCAS;MARCELA;VALIDADO;
LPCO;GO;101.0;11.0;SOJA;11272P2224;690 I2X;—;;;S1;P2;BG;7.0;908.0;S1;908;7.0;Cam.A;QD.70;F2;SIM;1.0;30/07/2026;JUL;SAMUEL;LUCAS;MARCELA;VALIDADO;
LPCO;GO;101.0;11.0;SOJA;11272P1223;690 I2X;—;;;S1;P1;BG;30.0;759.0;S1;759;30.0;Cam.B;QD.96;F1;SIM;1.0;30/07/2026;JUL;SAMUEL;LUCAS;MARCELA;VALIDADO;
LPCO;GO;101.0;11.0;SOJA;11272P2221;690 I2X;—;;;S1;P2;BG;27.0;920.0;S1;920;27.0;Cam.A;QD.29;F1;SIM;1.0;30/07/2026;JUL;SAMUEL;LUCAS;MARCELA;VALIDADO;
LPCO;GO;101.0;11.0;SOJA;11754P1401;7222I2X;—;;;C1;P1;BG;24.0;1050.0;C1;1050;24.0;Cam.A;QD.42;F1;SIM;1.0;30/07/2026;JUL;SAMUEL;LUCAS;MARCELA;VALIDADO;
LPCO;GO;101.0;11.0;SOJA;11754P1407;7222I2X;—;;;C1;P1;BG;0.0;1033.0;C1;0;0.0;0;0;0;SIM;0.0;30/07/2026;JUL;SAMUEL;LUCAS;MARCELA;VALIDADO;
LPCO;GO;101.0;11.0;SOJA;11758P2501;C2705CE;—;;;C1;P2;BG;24.0;1112.0;C1;1112;24.0;Cam.A;QD.73;F1;SIM;1.0;30/07/2026;JUL;SAMUEL;LUCAS;MARCELA;VALIDADO;
LPCO;GO;101.0;11.0;SOJA;11758P1502;C2705CE;—;;;C1;P1;BG;27.0;913.0;C1;913;27.0;Cam.A;QD.74;F1;SIM;1.0;30/07/2026;JUL;SAMUEL;LUCAS;MARCELA;VALIDADO;
LPCO;GO;101.0;11.0;SOJA;11754P1405;7222I2X;—;;;C1;P1;BG;24.0;1029.0;C1;1029;24.0;Cam.A;QD.43;F1;SIM;1.0;30/07/2026;JUL;SAMUEL;LUCAS;MARCELA;VALIDADO;
LPCO;GO;101.0;11.0;SOJA;11272P1225;690 I2X;—;;;S1;P1;BG;8.0;766.0;S1;766;8.0;Cam.A;QD.70;F1;SIM;1.0;30/07/2026;JUL;SAMUEL;LUCAS;MARCELA;VALIDADO;
LPCO;GO;101.0;11.0;SOJA;11754P2404;7222I2X;—;;;C1;P2;BG;18.0;1201.0;C1;1201;18.0;Cam.A;QD.41;F3;SIM;1.0;30/07/2026;JUL;SAMUEL;LUCAS;MARCELA;VALIDADO;
LPCO;GO;101.0;11.0;SOJA;11754P1403;7222I2X;—;;;C1;P1;BG;0.0;1031.0;C1;0;0.0;0;0;0;SIM;0.0;30/07/2026;JUL;SAMUEL;LUCAS;MARCELA;VALIDADO;
LPCO;GO;101.0;11.0;SOJA;11754P2402;7222I2X;—;;;C1;P2;BG;18.0;1203.0;C1;1203;18.0;Cam.A;QD.44;F5;SIM;1.0;30/07/2026;JUL;SAMUEL;LUCAS;MARCELA;VALIDADO;
LPCO;GO;101.0;11.0;SOJA;11714P1107;O790 IPRO;—;;;S1;P1;BG;30.0;806.0;S1;806;30.0;Cam.A;QD.71;F4;SIM;1.0;30/07/2026;JUL;SAMUEL;LUCAS;MARCELA;VALIDADO;
LPCO;GO;101.0;11.0;SOJA;11758P2506;C2705CE;—;;;C1;P2;BG;21.0;1105.0;C1;1105;21.0;Cam.A;QD.73;F3;SIM;1.0;30/07/2026;JUL;SAMUEL;LUCAS;MARCELA;VALIDADO;
LPCO;GO;101.0;11.0;SOJA;11758P2504;C2705CE;—;;;C1;P2;BG;24.0;1102.0;C1;1102;24.0;Cam.A;QD.73;F2;SIM;1.0;30/07/2026;JUL;SAMUEL;LUCAS;MARCELA;VALIDADO;
LPCO;GO;101.0;11.0;SOJA;11758P1503;C2705CE;—;;;C1;P1;BG;27.0;917.0;C1;917;27.0;Cam.A;QD.74;F2;SIM;1.0;30/07/2026;JUL;SAMUEL;LUCAS;MARCELA;VALIDADO;
LPCO;GO;101.0;11.0;SOJA;11754P2406;7222I2X;—;;;C1;P2;BG;9.0;1200.0;C1;1200;9.0;Cam.A;QD.41;F2;SIM;1.0;30/07/2026;JUL;SAMUEL;LUCAS;MARCELA;VALIDADO;
LPCO;GO;101.0;11.0;SOJA;11728P1018;6930I2X;—;;;C2;P1;BG;0.0;830.0;C2;0;0.0;0;0;0;SIM;0.0;30/07/2026;JUL;SAMUEL;LUCAS;MARCELA;VALIDADO;
LPCO;GO;101.0;11.0;SOJA;11728P2019;6930I2X;—;;;C2;P2;BG;24.0;1042.0;C2;1042;24.0;Cam.A;QD.31;F1;SIM;1.0;30/07/2026;JUL;SAMUEL;LUCAS;MARCELA;VALIDADO;
LPCO;GO;101.0;11.0;SOJA;11728P2017;6930I2X;—;;;C2;P2;BG;24.0;1007.0;C2;1007;24.0;Cam.A;QD.31;F2;SIM;1.0;30/07/2026;JUL;SAMUEL;LUCAS;MARCELA;VALIDADO;
LPCO;GO;101.0;11.0;SOJA;11758P1507;C2705CE;—;;;C1;P1;BG;4.0;905.0;C1;912;4.0;Cam.A;QD.74;F3;SIM;1.0;30/07/2026;JUL;SAMUEL;LUCAS;MARCELA;VALIDADO;
LPCO;GO;101.0;11.0;SOJA;11758P1505;C2705CE;—;;;C1;P1;BG;27.0;912.0;C1;905;27.0;Cam.A;QD.74;F3;SIM;1.0;30/07/2026;JUL;SAMUEL;LUCAS;MARCELA;VALIDADO;
LPCO;GO;101.0;11.0;SOJA;11728P1020;6930I2X;—;;;C2;P1;BG;0.0;834.0;C2;0;0.0;0;0;0;SIM;0.0;30/07/2026;JUL;SAMUEL;LUCAS;MARCELA;VALIDADO;
LPCO;GO;101.0;11.0;SOJA;11714P2108;O790 IPRO;—;;;S1;P2;BG;24.0;1031.0;S1;1031;24.0;Cam.A;QD.72;F4;SIM;1.0;30/07/2026;JUL;SAMUEL;LUCAS;MARCELA;VALIDADO;
LPCO;GO;101.0;11.0;SOJA;11728P1022;6930I2X;—;;;C2;P1;BG;0.0;822.0;C2;0;0.0;0;0;0;SIM;0.0;30/07/2026;JUL;SAMUEL;LUCAS;MARCELA;VALIDADO;
LPCO;GO;101.0;11.0;SOJA;11714P2110;O790 IPRO;—;;;S1;P2;BG;24.0;1030.0;S1;1030;24.0;Cam.A;QD.75;F1;SIM;1.0;30/07/2026;JUL;SAMUEL;LUCAS;MARCELA;VALIDADO;
LPCO;GO;101.0;11.0;SOJA;11714P1109;O790 IPRO;—;;;S1;P1;BG;30.0;800.0;S1;800;30.0;Cam.A;QD.76;F1;SIM;1.0;30/07/2026;JUL;SAMUEL;LUCAS;MARCELA;VALIDADO;
LPCO;GO;101.0;11.0;SOJA;11728P2025;6930I2X;—;;;C2;P2;BG;24.0;1050.0;C2;1050;24.0;Cam.A;QD.31;F3;SIM;1.0;30/07/2026;JUL;SAMUEL;LUCAS;MARCELA;VALIDADO;
LPCO;GO;101.0;11.0;SOJA;11728P2023;6930I2X;—;;;C2;P2;BG;0.0;1078.0;C2;0;0.0;0;0;0;SIM;0.0;30/07/2026;JUL;SAMUEL;LUCAS;MARCELA;VALIDADO;
LPCO;GO;101.0;11.0;SOJA;11714P1111;O790 IPRO;—;;;S1;P1;BG;30.0;803.0;S1;803;30.0;Cam.A;QD.76;F2;SIM;1.0;30/07/2026;JUL;SAMUEL;LUCAS;MARCELA;VALIDADO;
LPCO;GO;101.0;11.0;SOJA;11728P2021;6930I2X;—;;;C2;P2;BG;24.0;1034.0;C2;1034;24.0;Cam.A;QD.32;F1;SIM;1.0;30/07/2026;JUL;SAMUEL;LUCAS;MARCELA;VALIDADO;
LPCO;GO;101.0;11.0;SOJA;11714P2115;O790 IPRO;—;;;S1;P2;BG;24.0;1020.0;S1;1020;24.0;Cam.A;QD.75;F3;SIM;1.0;30/07/2026;JUL;SAMUEL;LUCAS;MARCELA;VALIDADO;
LPCO;GO;101.0;11.0;SOJA;11728P1027;6930I2X;—;;;C2;P1;BG;2.0;835.0;C2;855;2.0;Cam.A;QD.30;F3;SIM;1.0;30/07/2026;JUL;SAMUEL;LUCAS;MARCELA;VALIDADO;
LPCO;GO;101.0;11.0;SOJA;11728P2026;6930I2X;—;;;C2;P2;BG;0.0;1029.0;C2;0;0.0;0;0;0;SIM;0.0;30/07/2026;JUL;SAMUEL;LUCAS;MARCELA;VALIDADO;
LPCO;GO;101.0;11.0;SOJA;11728P1024;6930I2X;—;;;C2;P1;BG;30.0;836.0;C2;836;30.0;Cam.A;QD.35;F1;SIM;1.0;30/07/2026;JUL;SAMUEL;LUCAS;MARCELA;VALIDADO;
LPCO;GO;101.0;11.0;SOJA;11714P1113;O790 IPRO;—;;;S1;P1;BG;30.0;801.0;S1;801;30.0;Cam.A;QD.76;F3;SIM;1.0;30/07/2026;JUL;SAMUEL;LUCAS;MARCELA;VALIDADO;
LPCO;GO;101.0;11.0;SOJA;11714P2114;O790 IPRO;—;;;S1;P2;BG;24.0;1022.0;S1;1022;24.0;Cam.A;QD.75;F4;SIM;1.0;30/07/2026;JUL;SAMUEL;LUCAS;MARCELA;VALIDADO;
LPCO;GO;101.0;11.0;SOJA;11714P2112;O790 IPRO;—;;;S1;P2;BG;24.0;1028.0;S1;1028;24.0;Cam.A;QD.75;F2;SIM;1.0;30/07/2026;JUL;SAMUEL;LUCAS;MARCELA;VALIDADO;
LPCO;GO;101.0;11.0;SOJA;11714P2119;O790 IPRO;—;;;S1;P2;BG;24.0;1041.0;S1;1041;24.0;Cam.A;QD.75;F5;SIM;1.0;30/07/2026;JUL;SAMUEL;LUCAS;MARCELA;VALIDADO;
LPCO;GO;101.0;11.0;SOJA;11149P1603;NEO680 IPRO;—;;;S2;P1;BG;0.0;826.0;S2;0;0.0;0;0;0;SIM;0.0;30/07/2026;JUL;SAMUEL;LUCAS;MARCELA;VALIDADO;
LPCO;GO;101.0;11.0;SOJA;11149P1601;NEO680 IPRO;—;;;S2;P1;BG;30.0;838.0;S2;838;30.0;Cam.A;QD.52;F1;SIM;1.0;30/07/2026;JUL;SAMUEL;LUCAS;MARCELA;VALIDADO;
LPCO;GO;101.0;11.0;SOJA;11714P1118;O790 IPRO;—;;;S1;P1;BG;30.0;811.0;S1;811;30.0;Cam.A;QD.77;F1;SIM;1.0;30/07/2026;JUL;SAMUEL;LUCAS;MARCELA;VALIDADO;
LPCO;GO;101.0;11.0;SOJA;11714P2117;O790 IPRO;—;;;S1;P2;BG;24.0;1038.0;S1;1038;24.0;Cam.A;QD.72;F5;SIM;1.0;30/07/2026;JUL;SAMUEL;LUCAS;MARCELA;VALIDADO;
LPCO;GO;101.0;11.0;SOJA;11714P1116;O790 IPRO;—;;;S1;P1;BG;30.0;810.0;S1;810;30.0;Cam.A;QD.76;F4;SIM;1.0;30/07/2026;JUL;SAMUEL;LUCAS;MARCELA;VALIDADO;
LPCO;GO;101.0;11.0;SOJA;11714P2121;O790 IPRO;—;;;S1;P2;BG;24.0;1053.0;S1;1053;24.0;Cam.A;QD.78;F1;SIM;1.0;30/07/2026;JUL;SAMUEL;LUCAS;MARCELA;VALIDADO;
LPCO;GO;101.0;11.0;SOJA;11149P1604;NEO680 IPRO;—;;;S2;P1;BG;30.0;822.0;S2;822;30.0;Cam.A;QD.52;F3;SIM;1.0;30/07/2026;JUL;SAMUEL;LUCAS;MARCELA;VALIDADO;
LPCO;GO;101.0;11.0;SOJA;11149P2602;NEO680 IPRO;—;;;S2;P2;BG;14.0;1010.0;S2;1010;14.0;Cam.A;QD.51;F1;SIM;1.0;30/07/2026;JUL;SAMUEL;LUCAS;MARCELA;VALIDADO;
LPCO;GO;101.0;11.0;SOJA;11714P1120;O790 IPRO;—;;;S1;P1;BG;30.0;805.0;S1;805;30.0;Cam.A;QD.71;F5;SIM;1.0;30/07/2026;JUL;SAMUEL;LUCAS;MARCELA;VALIDADO;
LPCO;GO;101.0;11.0;SOJA;11714P2125;O790 IPRO;—;;;S1;P2;BG;24.0;1015.0;S1;1015;24.0;Cam.A;QD.78;F2;SIM;1.0;30/07/2026;JUL;SAMUEL;LUCAS;MARCELA;VALIDADO;
LPCO;GO;101.0;11.0;SOJA;11714P1124;O790 IPRO;—;;;S1;P1;BG;30.0;791.0;S1;791;30.0;Cam.A;QD.77;F3;SIM;1.0;30/07/2026;JUL;SAMUEL;LUCAS;MARCELA;VALIDADO;
LPCO;GO;101.0;11.0;SOJA;11149P1606;NEO680 IPRO;—;;;S2;P1;BG;30.0;830.0;S2;830;30.0;Cam.A;QD.52;F5;SIM;1.0;30/07/2026;JUL;SAMUEL;LUCAS;MARCELA;VALIDADO;
LPCO;GO;101.0;11.0;SOJA;11714P2123;O790 IPRO;—;;;S1;P2;BG;24.0;1038.0;S1;1038;24.0;Cam.A;QD.78;F4;SIM;1.0;30/07/2026;JUL;SAMUEL;LUCAS;MARCELA;VALIDADO;
LPCO;GO;101.0;11.0;SOJA;11714P1122;O790 IPRO;—;;;S1;P1;BG;30.0;791.0;S1;791;30.0;Cam.A;QD.77;F2;SIM;1.0;30/07/2026;JUL;SAMUEL;LUCAS;MARCELA;VALIDADO;
LPCO;GO;101.0;11.0;SOJA;11149P1607;NEO680 IPRO;—;;;S2;P1;BG;30.0;794.0;S2;794;30.0;Cam.A;QD.52;F4;SIM;1.0;30/07/2026;JUL;SAMUEL;LUCAS;MARCELA;VALIDADO;
LPCO;GO;101.0;11.0;SOJA;11714P2127;O790 IPRO;—;;;S1;P2;BG;24.0;1045.0;S1;1045;24.0;Cam.A;QD.78;F3;SIM;1.0;30/07/2026;JUL;SAMUEL;LUCAS;MARCELA;VALIDADO;
LPCO;GO;101.0;11.0;SOJA;11714P1126;O790 IPRO;—;;;S1;P1;BG;30.0;814.0;S1;814;30.0;Cam.A;QD.77;F4;SIM;1.0;30/07/2026;JUL;SAMUEL;LUCAS;MARCELA;VALIDADO;
LPCO;GO;101.0;11.0;SOJA;11149P1613;NEO680 IPRO;—;;;S2;P1;BG;30.0;764.0;S2;764;30.0;Cam.A;QD.50;F5;SIM;1.0;30/07/2026;JUL;SAMUEL;LUCAS;MARCELA;VALIDADO;
LPCO;GO;101.0;11.0;SOJA;11714P2131;O790 IPRO;—;;;S1;P2;BG;18.0;1023.0;S1;1023;18.0;Cam.A;QD.79;F1;SIM;1.0;30/07/2026;JUL;SAMUEL;LUCAS;MARCELA;VALIDADO;
LPCO;GO;101.0;11.0;SOJA;11149P1609;NEO680 IPRO;—;;;S2;P1;BG;30.0;789.0;S2;789;30.0;Cam.A;QD.52;F6;SIM;1.0;30/07/2026;JUL;SAMUEL;LUCAS;MARCELA;VALIDADO;
LPCO;GO;101.0;11.0;SOJA;11714P2128;O790 IPRO;—;;;S1;P2;BG;24.0;1015.0;S1;1015;24.0;Cam.A;QD.78;F5;SIM;1.0;30/07/2026;JUL;SAMUEL;LUCAS;MARCELA;VALIDADO;
LPCO;GO;101.0;11.0;SOJA;11714P1129;O790 IPRO;—;;;S1;P1;BG;30.0;799.0;S1;799;30.0;Cam.A;QD.77;F5;SIM;1.0;30/07/2026;JUL;SAMUEL;LUCAS;MARCELA;VALIDADO;
LPCO;GO;101.0;11.0;SOJA;11149P1608;NEO680 IPRO;—;;;S2;P1;BG;30.0;785.0;S2;785;30.0;Cam.A;QD.50;F1;SIM;1.0;30/07/2026;JUL;SAMUEL;LUCAS;MARCELA;VALIDADO;
LPCO;GO;101.0;11.0;SOJA;11149P1612;NEO680 IPRO;—;;;S2;P1;BG;30.0;797.0;S2;707;30.0;Cam.A;QD.50;F4;SIM;1.0;30/07/2026;JUL;SAMUEL;LUCAS;MARCELA;VALIDADO;
LPCO;GO;101.0;11.0;SOJA;11715P1702;761 I2X;—;;;S2;P1;BG;30.0;846.0;S2;846;30.0;Cam.A;QD.54;F2;SIM;1.0;30/07/2026;JUL;SAMUEL;LUCAS;MARCELA;VALIDADO;
LPCO;GO;101.0;11.0;SOJA;11149P1611;NEO680 IPRO;—;;;S2;P1;BG;30.0;802.0;S2;802;30.0;Cam.A;QD.50;F3;SIM;1.0;30/07/2026;JUL;SAMUEL;LUCAS;MARCELA;VALIDADO;
LPCO;GO;101.0;11.0;SOJA;11714P1130;O790 IPRO;—;;;S1;P1;BG;20.0;792.0;S1;792;20.0;Cam.A;QD.76;F5;SIM;1.0;30/07/2026;JUL;SAMUEL;LUCAS;MARCELA;VALIDADO;
LPCO;GO;101.0;11.0;SOJA;11149P1610;NEO680 IPRO;—;;;S2;P1;BG;30.0;792.0;S2;792;30.0;Cam.A;QD.50;F2;SIM;1.0;30/07/2026;JUL;SAMUEL;LUCAS;MARCELA;VALIDADO;
LPCO;GO;101.0;11.0;SOJA;11149P2605;NEO680 IPRO;—;;;S2;P2;BG;27.0;998.0;S2;998;27.0;Cam.A;QD.51;F3;SIM;1.0;30/07/2026;JUL;SAMUEL;LUCAS;MARCELA;VALIDADO;
LPCO;GO;101.0;11.0;SOJA;11715P1705;761 I2X;—;;;S2;P1;BG;30.0;853.0;S2;853;30.0;Cam.A;QD.54;F3;SIM;1.0;30/07/2026;JUL;SAMUEL;LUCAS;MARCELA;VALIDADO;
LPCO;GO;101.0;11.0;SOJA;11715P2704;761 I2X;—;;;S2;P2;BG;0.0;1030.0;S2;0;0.0;0;0;0;SIM;0.0;30/07/2026;JUL;SAMUEL;LUCAS;MARCELA;VALIDADO;
LPCO;GO;101.0;11.0;SOJA;11715P1703;761 I2X;—;;;S2;P1;BG;0.0;834.0;S2;0;0.0;0;0;0;SIM;0.0;30/07/2026;JUL;SAMUEL;LUCAS;MARCELA;VALIDADO;
LPCO;GO;101.0;11.0;SOJA;11715P2701;761 I2X;—;;;S2;P2;BG;24.0;1029.0;S2;1029;24.0;Cam.A;QD.70;F3;SIM;1.0;30/07/2026;JUL;SAMUEL;LUCAS;MARCELA;VALIDADO;
LPCO;GO;101.0;11.0;SOJA;11149P2615;NEO680 IPRO;—;;;S2;P2;BG;27.0;931.0;S2;931;27.0;Cam.A;QD.51;F2;SIM;1.0;30/07/2026;JUL;SAMUEL;LUCAS;MARCELA;VALIDADO;
LPCO;GO;101.0;11.0;SOJA;11715P2713;761 I2X;—;;;S2;P2;BG;0.0;1019.0;S2;0;0.0;0;0;0;SIM;0.0;30/07/2026;JUL;SAMUEL;LUCAS;MARCELA;VALIDADO;
LPCO;GO;101.0;11.0;SOJA;11715P1712;761 I2X;—;;;S2;P1;BG;30.0;844.0;S2;844;30.0;Cam.A;QD.56;F1;SIM;1.0;30/07/2026;JUL;SAMUEL;LUCAS;MARCELA;VALIDADO;
LPCO;GO;101.0;11.0;SOJA;11715P2711;761 I2X;—;;;S2;P2;BG;0.0;1031.0;S2;0;0.0;0;0;0;SIM;0.0;30/07/2026;JUL;SAMUEL;LUCAS;MARCELA;VALIDADO;
LPCO;GO;101.0;11.0;SOJA;11715P1710;761 I2X;—;;;S2;P1;BG;30.0;833.0;S2;833;30.0;Cam.A;QD.54;F4;SIM;1.0;30/07/2026;JUL;SAMUEL;LUCAS;MARCELA;VALIDADO;
LPCO;GO;101.0;11.0;SOJA;11715P2709;761 I2X;—;;;S2;P2;BG;0.0;1023.0;S2;0;0.0;0;0;0;SIM;0.0;30/07/2026;JUL;SAMUEL;LUCAS;MARCELA;VALIDADO;
LPCO;GO;101.0;11.0;SOJA;11149P1614;NEO680 IPRO;—;;;S2;P1;BG;30.0;764.0;S2;764;30.0;Cam.A;QD.50;F6;SIM;1.0;30/07/2026;JUL;SAMUEL;LUCAS;MARCELA;VALIDADO;
LPCO;GO;101.0;11.0;SOJA;11715P1708;761 I2X;—;;;S2;P1;BG;0.0;853.0;S2;0;0.0;0;0;0;SIM;0.0;30/07/2026;JUL;SAMUEL;LUCAS;MARCELA;VALIDADO;
LPCO;GO;101.0;11.0;SOJA;11715P1707;761 I2X;—;;;S2;P1;BG;0.0;849.0;S2;0;0.0;0;0;0;SIM;0.0;30/07/2026;JUL;SAMUEL;LUCAS;MARCELA;VALIDADO;
LPCO;GO;101.0;11.0;SOJA;11715P2706;761 I2X;—;;;S2;P2;BG;0.0;1026.0;S2;0;0.0;0;0;0;SIM;0.0;30/07/2026;JUL;SAMUEL;LUCAS;MARCELA;VALIDADO;
LPCO;GO;101.0;11.0;SOJA;11740P1928;NEO771 I2X;—;;;C2;P1;BG;0.0;676.0;C2;0;0.0;0;0;0;SIM;0.0;30/07/2026;JUL;SAMUEL;LUCAS;MARCELA;VALIDADO;
LPCO;GO;101.0;11.0;SOJA;11715P1717;761 I2X;—;;;S2;P1;BG;0.0;838.0;S2;0;0.0;0;0;0;SIM;0.0;30/07/2026;JUL;SAMUEL;LUCAS;MARCELA;VALIDADO;
LPCO;GO;101.0;11.0;SOJA;11715P1715;761 I2X;—;;;S2;P1;BG;30.0;853.0;S2;853;30.0;Cam.A;QD.56;F3;SIM;1.0;30/07/2026;JUL;SAMUEL;LUCAS;MARCELA;VALIDADO;
LPCO;GO;101.0;11.0;SOJA;11149P1617;NEO680 IPRO;—;;;S2;P1;BG;30.0;762.0;S2;762;30.0;Cam.A;QD.49;F2;SIM;1.0;30/07/2026;JUL;SAMUEL;LUCAS;MARCELA;VALIDADO;
LPCO;GO;101.0;11.0;SOJA;11715P1714;761 I2X;—;;;S2;P1;BG;0.0;842.0;S2;0;0.0;0;0;0;SIM;0.0;30/07/2026;JUL;SAMUEL;LUCAS;MARCELA;VALIDADO;
LPCO;GO;101.0;11.0;SOJA;11149P1621;NEO680 IPRO;—;;;C1;P1;BG;0.0;778.0;C1;0;0.0;0;0;0;SIM;0.0;30/07/2026;JUL;SAMUEL;LUCAS;MARCELA;VALIDADO;
LPCO;GO;101.0;11.0;SOJA;11149P2619;NEO680 IPRO;—;;;C1;P2;BG;27.0;928.0;C1;928;27.0;Cam.A;QD.47;F1;SIM;1.0;30/07/2026;JUL;SAMUEL;LUCAS;MARCELA;VALIDADO;
LPCO;GO;101.0;11.0;SOJA;11149P1620;NEO680 IPRO;—;;;C1;P1;BG;0.0;787.0;C1;0;0.0;0;0;0;SIM;0.0;30/07/2026;JUL;SAMUEL;LUCAS;MARCELA;VALIDADO;
LPCO;GO;101.0;11.0;SOJA;11715P1720;761 I2X;—;;;S2;P1;BG;30.0;825.0;S2;825;30.0;Cam.A;QD.56;F6;SIM;1.0;30/07/2026;JUL;SAMUEL;LUCAS;MARCELA;VALIDADO;
LPCO;GO;101.0;11.0;SOJA;11715P1718;761 I2X;—;;;S2;P1;BG;30.0;842.0;S2;842;30.0;Cam.A;QD.56;F5;SIM;1.0;30/07/2026;JUL;SAMUEL;LUCAS;MARCELA;VALIDADO;
LPCO;GO;101.0;11.0;SOJA;11149P1618;NEO680 IPRO;—;;;S2;P1;BG;0.0;787.0;S2;0;0.0;0;0;0;SIM;0.0;30/07/2026;JUL;SAMUEL;LUCAS;MARCELA;VALIDADO;
LPCO;GO;101.0;11.0;SOJA;11715P2716;761 I2X;—;;;S2;P2;BG;0.0;1029.0;S2;0;0.0;0;0;0;SIM;0.0;30/07/2026;JUL;SAMUEL;LUCAS;MARCELA;VALIDADO;
LPCO;GO;101.0;11.0;SOJA;11715P1721;761 I2X;—;;;S2;P1;BG;30.0;842.0;S2;842;30.0;Cam.A;QD.58;F1;SIM;1.0;30/07/2026;JUL;SAMUEL;LUCAS;MARCELA;VALIDADO;
LPCO;GO;101.0;11.0;SOJA;11149P1622;NEO680 IPRO;—;;;C1;P1;BG;16.0;785.0;C1;785;16.0;Cam.A;QD.48;F1;SIM;1.0;30/07/2026;JUL;SAMUEL;LUCAS;MARCELA;VALIDADO;
LPCO;GO;101.0;11.0;SOJA;11715P2719;761 I2X;—;;;S2;P2;BG;24.0;1027.0;S2;1027;24.0;Cam.A;QD.55;F6;SIM;1.0;30/07/2026;JUL;SAMUEL;LUCAS;MARCELA;VALIDADO;
LPCO;GO;101.0;11.0;SOJA;11149P2625;NEO680 IPRO;—;;;C1;P2;BG;27.0;934.0;C1;934;27.0;Cam.A;QD.70;F4;SIM;1.0;30/07/2026;JUL;SAMUEL;LUCAS;MARCELA;VALIDADO;
LPCO;GO;101.0;11.0;SOJA;11149P1626;NEO680 IPRO;—;;;C1;P1;BG;0.0;783.0;C1;0;0.0;0;0;0;SIM;0.0;30/07/2026;JUL;SAMUEL;LUCAS;MARCELA;VALIDADO;
LPCO;GO;101.0;11.0;SOJA;11149P1624;NEO680 IPRO;—;;;C1;P1;BG;0.0;789.0;C1;0;0.0;0;0;0;SIM;0.0;30/07/2026;JUL;SAMUEL;LUCAS;MARCELA;VALIDADO;
LPCO;GO;101.0;11.0;SOJA;11715P1723;761 I2X;—;;;S2;P1;BG;30.0;851.0;S2;851;30.0;Cam.A;QD.58;F2;SIM;1.0;30/07/2026;JUL;SAMUEL;LUCAS;MARCELA;VALIDADO;
LPCO;GO;101.0;11.0;SOJA;11149P2623;NEO680 IPRO;—;;;C1;P2;BG;27.0;937.0;C1;937;27.0;Cam.A;QD.47;F2;SIM;1.0;30/07/2026;JUL;SAMUEL;LUCAS;MARCELA;VALIDADO;
LPCO;GO;101.0;11.0;SOJA;11149P2629;NEO680 IPRO;—;;;S2;P2;BG;27.0;917.0;S2;917;27.0;Cam.A;QD.51;F4;SIM;1.0;30/07/2026;JUL;SAMUEL;LUCAS;MARCELA;VALIDADO;
LPCO;GO;101.0;11.0;SOJA;11149P1630;NEO680 IPRO;—;;;S2;P1;BG;30.0;786.0;S2;786;30.0;Cam.A;QD.49;F6;SIM;1.0;30/07/2026;JUL;SAMUEL;LUCAS;MARCELA;VALIDADO;
LPCO;GO;101.0;11.0;SOJA;11149P1628;NEO680 IPRO;—;;;C1;P1;BG;30.0;747.0;C1;747;30.0;Cam.A;QD.47;F4;SIM;1.0;30/07/2026;JUL;SAMUEL;LUCAS;MARCELA;VALIDADO;
LPCO;GO;101.0;11.0;SOJA;11715P2725;761 I2X;—;;;S2;P2;BG;0.0;1039.0;S2;0;0.0;0;0;0;SIM;0.0;30/07/2026;JUL;SAMUEL;LUCAS;MARCELA;VALIDADO;
LPCO;GO;101.0;11.0;SOJA;11715P1726;761 I2X;—;;;S2;P1;BG;0.0;850.0;S2;0;0.0;0;0;0;SIM;0.0;30/07/2026;JUL;SAMUEL;LUCAS;MARCELA;VALIDADO;
LPCO;GO;101.0;11.0;SOJA;11149P1627;NEO680 IPRO;—;;;C1;P1;BG;30.0;775.0;C1;775;30.0;Cam.A;QD.48;F5;SIM;1.0;30/07/2026;JUL;SAMUEL;LUCAS;MARCELA;VALIDADO;
LPCO;GO;101.0;11.0;SOJA;11715P1724;761 I2X;—;;;S2;P1;BG;30.0;850.0;S2;850;30.0;Cam.A;QD.58;F3;SIM;1.0;30/07/2026;JUL;SAMUEL;LUCAS;MARCELA;VALIDADO;
LPCO;GO;101.0;11.0;SOJA;11715P2731;761 I2X;—;;;S2;P2;BG;0.0;1045.0;S2;0;0.0;0;0;0;SIM;0.0;30/07/2026;JUL;SAMUEL;LUCAS;MARCELA;VALIDADO;
LPCO;GO;101.0;11.0;SOJA;11149P1633;NEO680 IPRO;—;;;S2;P1;BG;30.0;763.0;S2;763;30.0;Cam.A;QD.62;F1;SIM;1.0;30/07/2026;JUL;SAMUEL;LUCAS;MARCELA;VALIDADO;
LPCO;GO;101.0;11.0;SOJA;11715P1730;761 I2X;—;;;S2;P1;BG;30.0;841.0;S2;841;30.0;Cam.A;QD.69;F1;SIM;1.0;30/07/2026;JUL;SAMUEL;LUCAS;MARCELA;VALIDADO;
LPCO;GO;101.0;11.0;SOJA;11149P1632;NEO680 IPRO;—;;;S2;P1;BG;30.0;760.0;S2;760;30.0;Cam.A;QD.49;F5;SIM;1.0;30/07/2026;JUL;SAMUEL;LUCAS;MARCELA;VALIDADO;
LPCO;GO;101.0;11.0;SOJA;11715P2728;761 I2X;—;;;S2;P2;BG;0.0;1029.0;S2;0;0.0;0;0;0;SIM;0.0;30/07/2026;JUL;SAMUEL;LUCAS;MARCELA;VALIDADO;
LPCO;GO;101.0;11.0;SOJA;11715P1729;761 I2X;—;;;S2;P1;BG;0.0;846.0;S2;0;0.0;0;0;0;SIM;0.0;30/07/2026;JUL;SAMUEL;LUCAS;MARCELA;VALIDADO;
LPCO;GO;101.0;11.0;SOJA;11149P1631;NEO680 IPRO;—;;;S2;P1;BG;30.0;759.0;S2;759;30.0;Cam.A;QD.49;F4;SIM;1.0;30/07/2026;JUL;SAMUEL;LUCAS;MARCELA;VALIDADO;
LPCO;GO;101.0;11.0;SOJA;11715P1727;761 I2X;—;;;S2;P1;BG;0.0;830.0;S2;0;0.0;0;0;0;SIM;0.0;30/07/2026;JUL;SAMUEL;LUCAS;MARCELA;VALIDADO;
LPCO;GO;101.0;11.0;SOJA;11741P1309;NEO801 CE;—;;;C2;P1;BG;30.0;689.0;C2;689;30.0;Cam.A;QD.46;F1;SIM;1.0;30/07/2026;JUL;SAMUEL;LUCAS;MARCELA;VALIDADO;
LPCO;GO;101.0;11.0;SOJA;11741P1310;NEO801 CE;—;;;C2;P1;BG;30.0;668.0;C2;688;30.0;Cam.A;QD.46;F2;SIM;1.0;30/07/2026;JUL;SAMUEL;LUCAS;MARCELA;VALIDADO;
LPCO;GO;101.0;11.0;SOJA;11715P1734;761 I2X;—;;;S2;P1;BG;0.0;858.0;S2;0;0.0;0;0;0;SIM;0.0;30/07/2026;JUL;SAMUEL;LUCAS;MARCELA;VALIDADO;
LPCO;GO;101.0;11.0;SOJA;11715P2733;761 I2X;—;;;S2;P2;BG;24.0;1030.0;S2;1030;24.0;Cam.A;QD.58;F4;SIM;1.0;30/07/2026;JUL;SAMUEL;LUCAS;MARCELA;VALIDADO;
LPCO;GO;101.0;11.0;SOJA;11149P1636;NEO680 IPRO;—;;;S2;P1;BG;30.0;739.0;S2;739;30.0;Cam.A;QD.62;F3;SIM;1.0;30/07/2026;JUL;SAMUEL;LUCAS;MARCELA;VALIDADO;
LPCO;GO;101.0;11.0;SOJA;11149P1635;NEO680 IPRO;—;;;S2;P1;BG;30.0;769.0;S2;769;30.0;Cam.A;QD.62;F2;SIM;1.0;30/07/2026;JUL;SAMUEL;LUCAS;MARCELA;VALIDADO;
LPCO;GO;101.0;11.0;SOJA;11715P1732;761 I2X;—;;;S2;P1;BG;0.0;857.0;S2;0;0.0;0;0;0;SIM;0.0;30/07/2026;JUL;SAMUEL;LUCAS;MARCELA;VALIDADO;
LPCO;GO;101.0;11.0;SOJA;11149P2640;NEO680 IPRO;—;;;S2;P2;BG;30.0;911.0;S2;911;30.0;Cam.A;QD.61;F2;SIM;1.0;30/07/2026;JUL;SAMUEL;LUCAS;MARCELA;VALIDADO;
LPCO;GO;101.0;11.0;SOJA;11149P1639;NEO680 IPRO;—;;;S2;P1;BG;30.0;746.0;S2;746;30.0;Cam.A;QD.60;F1;SIM;1.0;30/07/2026;JUL;SAMUEL;LUCAS;MARCELA;VALIDADO;
LPCO;GO;101.0;11.0;SOJA;11149P2634;NEO680 IPRO;—;;;S2;P2;BG;27.0;933.0;S2;933;27.0;Cam.A;QD.61;F1;SIM;1.0;30/07/2026;JUL;SAMUEL;LUCAS;MARCELA;VALIDADO;
LPCO;GO;101.0;11.0;SOJA;11715P2736;761 I2X;—;;;S2;P2;BG;24.0;1020.0;S2;1020;24.0;Cam.A;QD.65;F1;SIM;1.0;30/07/2026;JUL;SAMUEL;LUCAS;MARCELA;VALIDADO;
LPCO;GO;101.0;11.0;SOJA;11149P1638;NEO680 IPRO;—;;;S2;P1;BG;30.0;755.0;S2;755;30.0;Cam.A;QD.62;F5;SIM;1.0;30/07/2026;JUL;SAMUEL;LUCAS;MARCELA;VALIDADO;
LPCO;GO;101.0;11.0;SOJA;11149P1637;NEO680 IPRO;—;;;S2;P1;BG;30.0;720.0;S2;720;30.0;Cam.A;QD.62;F4;SIM;1.0;30/07/2026;JUL;SAMUEL;LUCAS;MARCELA;VALIDADO;
LPCO;GO;101.0;11.0;SOJA;11715P2740;761 I2X;—;;;S2;P2;BG;24.0;1025.0;S2;1025;24.0;Cam.A;QD.65;F3;SIM;1.0;30/07/2026;JUL;SAMUEL;LUCAS;MARCELA;VALIDADO;
LPCO;GO;101.0;11.0;SOJA;11715P1739;761 I2X;—;;;S2;P1;BG;30.0;863.0;S2;863;30.0;Cam.A;QD.67;F1;SIM;1.0;30/07/2026;JUL;SAMUEL;LUCAS;MARCELA;VALIDADO;
LPCO;GO;101.0;11.0;SOJA;11715P2738;761 I2X;—;;;S2;P2;BG;0.0;1016.0;S2;0;0.0;0;0;0;SIM;0.0;30/07/2026;JUL;SAMUEL;LUCAS;MARCELA;VALIDADO;
LPCO;GO;101.0;11.0;SOJA;11149P1641;NEO680 IPRO;—;;;S2;P1;BG;30.0;800.0;S2;800;30.0;Cam.A;QD.60;F2;SIM;1.0;30/07/2026;JUL;SAMUEL;LUCAS;MARCELA;VALIDADO;
LPCO;GO;101.0;11.0;SOJA;11715P1737;761 I2X;—;;;S2;P1;BG;0.0;854.0;S2;0;0.0;0;0;0;SIM;0.0;30/07/2026;JUL;SAMUEL;LUCAS;MARCELA;VALIDADO;
LPCO;GO;101.0;11.0;SOJA;11715P2743;761 I2X;—;;;S2;P2;BG;0.0;1027.0;S2;0;0.0;0;0;0;SIM;0.0;30/07/2026;JUL;SAMUEL;LUCAS;MARCELA;VALIDADO;
LPCO;GO;101.0;11.0;SOJA;11715P1744;761 I2X;—;;;S2;P1;BG;30.0;833.0;S2;833;30.0;Cam.A;QD.67;F4;SIM;1.0;30/07/2026;JUL;SAMUEL;LUCAS;MARCELA;VALIDADO;
LPCO;GO;101.0;11.0;SOJA;11715P1742;761 I2X;—;;;S2;P1;BG;30.0;857.0;S2;857;30.0;Cam.A;QD.67;F3;SIM;1.0;30/07/2026;JUL;SAMUEL;LUCAS;MARCELA;VALIDADO;
LPCO;GO;101.0;11.0;SOJA;11149P1644;NEO680 IPRO;—;;;S2;P1;BG;9.0;777.0;S2;777;9.0;Cam.A;QD.61;F3;SIM;1.0;30/07/2026;JUL;SAMUEL;LUCAS;MARCELA;VALIDADO;
LPCO;GO;101.0;11.0;SOJA;11149P2642;NEO680 IPRO;—;;;S2;P2;BG;11.0;928.0;S2;928;11.0;Cam.A;QD.61;F4;SIM;1.0;30/07/2026;JUL;SAMUEL;LUCAS;MARCELA;VALIDADO;
LPCO;GO;101.0;11.0;SOJA;11715P1741;761 I2X;—;;;S2;P1;BG;0.0;844.0;S2;0;0.0;0;0;0;SIM;0.0;30/07/2026;JUL;SAMUEL;LUCAS;MARCELA;VALIDADO;
LPCO;GO;101.0;11.0;SOJA;11149P1643;NEO680 IPRO;—;;;S2;P1;BG;30.0;766.0;S2;766;30.0;Cam.A;QD.60;F3;SIM;1.0;30/07/2026;JUL;SAMUEL;LUCAS;MARCELA;VALIDADO;
LPCO;GO;101.0;11.0;SOJA;11715P1735;761 I2X;—;;;S2;P1;BG;30.0;852.0;S2;852;30.0;Cam.A;QD.68;F1;SIM;1.0;30/07/2026;JUL;SAMUEL;LUCAS;MARCELA;VALIDADO;
LPCO;GO;101.0;11.0;SOJA;11757P2804;NEO780 CE;—;;;C1;P2;BG;24.0;1032.0;C1;1032;24.0;Cam.A;QD.82;F4;SIM;1.0;30/07/2026;JUL;SAMUEL;LUCAS;MARCELA;VALIDADO;
LPCO;GO;101.0;11.0;SOJA;11715P2747;761 I2X;—;;;S2;P2;BG;24.0;1030.0;S2;1030;24.0;Cam.A;QD.65;F5;SIM;1.0;30/07/2026;JUL;SAMUEL;LUCAS;MARCELA;VALIDADO;
LPCO;GO;101.0;11.0;SOJA;11715P1748;761 I2X;—;;;S2;P1;BG;30.0;830.0;S2;830;30.0;Cam.A;QD.53;F2;SIM;1.0;30/07/2026;JUL;SAMUEL;LUCAS;MARCELA;VALIDADO;
LPCO;GO;101.0;11.0;SOJA;11757P2802;NEO780 CE;—;;;C1;P2;BG;0.0;1039.0;C1;0;0.0;0;0;0;SIM;0.0;30/07/2026;JUL;SAMUEL;LUCAS;MARCELA;VALIDADO;
LPCO;GO;101.0;11.0;SOJA;11715P1746;761 I2X;—;;;S2;P1;BG;30.0;830.0;S2;830;30.0;Cam.A;QD.53;F1;SIM;1.0;30/07/2026;JUL;SAMUEL;LUCAS;MARCELA;VALIDADO;
LPCO;GO;101.0;11.0;SOJA;11757P1801;NEO780 CE;—;;;C1;P1;BG;0.0;846.0;C1;0;0.0;0;0;0;SIM;0.0;30/07/2026;JUL;SAMUEL;LUCAS;MARCELA;VALIDADO;
LPCO;GO;101.0;11.0;SOJA;11715P1745;761 I2X;—;;;S2;P1;BG;30.0;862.0;S2;862;30.0;Cam.A;QD.67;F5;SIM;1.0;30/07/2026;JUL;SAMUEL;LUCAS;MARCELA;VALIDADO;
LPCO;GO;101.0;11.0;SOJA;11715P1752;761 I2X;—;;;S2;P1;BG;30.0;851.0;S2;851.0;30.0;0;0;0;SIM ;0.0;30/07/2026;JUL;SAMUEL;LUCAS;MARCELA;VALIDADO;QTD FÍSICA diferente da QTD SISTEMA
LPCO;GO;101.0;11.0;SOJA;11757P1805;NEO780 CE;—;;;C1;P1;BG;30.0;855.0;C1;855;30.0;Cam.A;QD.81;F3;SIM;1.0;30/07/2026;JUL;SAMUEL;LUCAS;MARCELA;VALIDADO;
LPCO;GO;101.0;11.0;SOJA;11715P2750;761 I2X;—;;;S2;P2;BG;24.0;1012.0;S2;1012;24.0;Cam.A;QD.30;F1;SIM;1.0;30/07/2026;JUL;SAMUEL;LUCAS;MARCELA;VALIDADO;
LPCO;GO;101.0;11.0;SOJA;11715P1751;761 I2X;—;;;S2;P1;BG;30.0;845.0;S2;845.0;30.0;0;0;0;SIM;0.0;30/07/2026;JUL;SAMUEL;LUCAS;MARCELA;VALIDADO;QTD FÍSICA diferente da QTD SISTEMA
LPCO;GO;101.0;11.0;SOJA;11715P1749;761 I2X;—;;;S2;P1;BG;30.0;839.0;S2;839.0;30.0;0;0;0;SIM;0.0;30/07/2026;JUL;SAMUEL;LUCAS;MARCELA;VALIDADO;QTD FÍSICA diferente da QTD SISTEMA
LPCO;GO;101.0;11.0;SOJA;11757P1803;NEO780 CE;—;;;C1;P1;BG;30.0;848.0;C1;851;30.0;Cam.A;QD.81;F2;SIM;1.0;30/07/2026;JUL;SAMUEL;LUCAS;MARCELA;VALIDADO;
LPCO;GO;101.0;11.0;SOJA;11715P2756;761 I2X;—;;;S2;P2;BG;0.0;1033.0;S2;0;0.0;0;0;0;SIM;0.0;30/07/2026;JUL;SAMUEL;LUCAS;MARCELA;VALIDADO;
LPCO;GO;101.0;11.0;SOJA;11757P1807;NEO780 CE;—;;;C1;P1;BG;30.0;846.0;C1;846;30.0;Cam.A;QD.81;F4;SIM;1.0;30/07/2026;JUL;SAMUEL;LUCAS;MARCELA;VALIDADO;
LPCO;GO;101.0;11.0;SOJA;11715P2753;761 I2X;—;;;S2;P2;BG;24.0;1023.0;S2;1023;24.0;Cam.A;QD.29;F2;SIM;1.0;30/07/2026;JUL;SAMUEL;LUCAS;MARCELA;VALIDADO;
LPCO;GO;101.0;11.0;SOJA;11715P1754;761 I2X;—;;;S2;P1;BG;30.0;857.0;S2;857.0;30.0;0;0;0;SIM;0.0;30/07/2026;JUL;SAMUEL;LUCAS;MARCELA;VALIDADO;QTD FÍSICA diferente da QTD SISTEMA
LPCO;GO;101.0;11.0;SOJA;11759P2408;NEO811 I2X;—;;;C1;P2;BG;5.0;809.0;C1;809;5.0;Cam.B;QD.84;F1;SIM;1.0;30/07/2026;JUL;SAMUEL;LUCAS;MARCELA;VALIDADO;
LPCO;GO;101.0;11.0;SOJA;11757P2806;NEO780 CE;—;;;C1;P2;BG;24.0;1032.0;C1;1032;24.0;Cam.A;QD.82;F3;SIM;1.0;30/07/2026;JUL;SAMUEL;LUCAS;MARCELA;VALIDADO;
LPCO;GO;101.0;11.0;SOJA;11715P1755;761 I2X;—;;;S2;P1;BG;0.0;864.0;S2;0;0.0;0;0;0;SIM;0.0;30/07/2026;JUL;SAMUEL;LUCAS;MARCELA;VALIDADO;
LPCO;GO;101.0;11.0;SOJA;11757P2809;NEO780 CE;—;;;C1;P2;BG;3.0;1029.0;C1;1029;3.0;Cam.A;QD.82;F2;SIM;1.0;30/07/2026;JUL;SAMUEL;LUCAS;MARCELA;VALIDADO;
LPCO;GO;101.0;11.0;SOJA;11759P1410;NEO811 I2X;—;;;C1;P1;BG;30.0;656.0;C1;656;30.0;Cam.B;QD.83;F2;SIM;1.0;30/07/2026;JUL;SAMUEL;LUCAS;MARCELA;VALIDADO;
LPCO;GO;101.0;11.0;SOJA;11757P1810;NEO780 CE;—;;;C1;P1;BG;2.0;851.0;C1;851;2.0;Cam.A;QD.82;F5;SIM;1.0;30/07/2026;JUL;SAMUEL;LUCAS;MARCELA;VALIDADO;
LPCO;GO;101.0;11.0;SOJA;11759P1409;NEO811 I2X;—;;;C1;P1;BG;30.0;652.0;C1;652;30.0;Cam.B;QD.83;F1;SIM;1.0;30/07/2026;JUL;SAMUEL;LUCAS;MARCELA;VALIDADO;
LPCO;GO;101.0;11.0;SOJA;11757P1808;NEO780 CE;—;;;C1;P1;BG;30.0;850.0;C1;850;30.0;Cam.A;QD.81;F5;SIM;1.0;30/07/2026;JUL;SAMUEL;LUCAS;MARCELA;VALIDADO;
LPCO;GO;101.0;11.0;SOJA;11740P1901;NEO771 I2X;—;;;C2;P1;BG;0.0;771.0;C2;0;0.0;0;0;0;SIM;0.0;30/07/2026;JUL;SAMUEL;LUCAS;MARCELA;VALIDADO;
LPCO;GO;101.0;11.0;SOJA;11759P2413;NEO811 I2X;—;;;C1;P2;BG;30.0;826.0;C1;826;30.0;Cam.B;QD.84;F3;SIM;1.0;30/07/2026;JUL;SAMUEL;LUCAS;MARCELA;VALIDADO;
LPCO;GO;101.0;11.0;SOJA;11759P1414;NEO811 I2X;—;;;C1;P1;BG;30.0;658.0;C1;658;30.0;Cam.B;QD.83;F4;SIM;1.0;30/07/2026;JUL;SAMUEL;LUCAS;MARCELA;VALIDADO;
LPCO;GO;101.0;11.0;SOJA;11759P1412;NEO811 I2X;—;;;C1;P1;BG;30.0;656.0;C1;656;30.0;Cam.B;QD.83;F3;SIM;1.0;30/07/2026;JUL;SAMUEL;LUCAS;MARCELA;VALIDADO;
LPCO;GO;101.0;11.0;SOJA;11759P2411;NEO811 I2X;—;;;C1;P2;BG;30.0;801.0;C1;801;30.0;Cam.B;QD.84;F2;SIM;1.0;30/07/2026;JUL;SAMUEL;LUCAS;MARCELA;VALIDADO;
LPCO;GO;101.0;11.0;SOJA;11740P2904;NEO771 I2X;—;;;C2;P2;BG;0.0;870.0;C2;0;0.0;0;0;0;SIM;0.0;30/07/2026;JUL;SAMUEL;LUCAS;MARCELA;VALIDADO;
LPCO;GO;101.0;11.0;SOJA;11740P1903;NEO771 I2X;—;;;C2;P1;BG;0.0;683.0;C2;0;0.0;0;0;0;SIM;0.0;30/07/2026;JUL;SAMUEL;LUCAS;MARCELA;VALIDADO;
LPCO;GO;101.0;11.0;SOJA;11759P2416;NEO811 I2X;—;;;C1;P2;BG;1.0;794.0;C1;794;1.0;Cam.B;QD.84;F5;SIM;1.0;30/07/2026;JUL;SAMUEL;LUCAS;MARCELA;VALIDADO;
LPCO;GO;101.0;11.0;SOJA;11759P1415;NEO811 I2X;—;;;C1;P1;BG;18.0;640.0;C1;640;18.0;Cam.B;QD.84;F4;SIM;1.0;30/07/2026;JUL;SAMUEL;LUCAS;MARCELA;VALIDADO;
LPCO;GO;101.0;11.0;SOJA;11740P2902;NEO771 I2X;—;;;C2;P2;BG;0.0;941.0;C2;0;0.0;0;0;0;SIM;0.0;30/07/2026;JUL;SAMUEL;LUCAS;MARCELA;VALIDADO;
LPCO;GO;101.0;11.0;SOJA;11743P2423;22213I2X;—;;;C2;P2;BG;27.0;929.0;C2;929;27.0;Cam.B;QD.86;F4;SIM;1.0;30/07/2026;JUL;SAMUEL;LUCAS;MARCELA;VALIDADO;
LPCO;GO;101.0;11.0;SOJA;11740P2906;NEO771 I2X;—;;;C2;P2;BG;0.0;874.0;C2;0;0.0;0;0;0;SIM;0.0;30/07/2026;JUL;SAMUEL;LUCAS;MARCELA;VALIDADO;
LPCO;GO;101.0;11.0;SOJA;11743P1420;22213I2X;—;;;C2;P1;BG;30.0;733.0;C2;733;30.0;Cam.B;QD.85;F2;SIM;1.0;30/07/2026;JUL;SAMUEL;LUCAS;MARCELA;VALIDADO;
LPCO;GO;101.0;11.0;SOJA;11743P2419;22213I2X;—;;;C2;P2;BG;27.0;936.0;C2;936;27.0;Cam.B;QD.86;F2;SIM;1.0;30/07/2026;JUL;SAMUEL;LUCAS;MARCELA;VALIDADO;
LPCO;GO;101.0;11.0;SOJA;11743P1417;22213I2X;—;;;C2;P1;BG;30.0;761.0;C2;761;30.0;Cam.B;QD.85;F1;SIM;1.0;30/07/2026;JUL;SAMUEL;LUCAS;MARCELA;VALIDADO;
LPCO;GO;101.0;11.0;SOJA;11740P1905;NEO771 I2X;—;;;C2;P1;BG;0.0;688.0;C2;0;0.0;0;0;0;SIM;0.0;30/07/2026;JUL;SAMUEL;LUCAS;MARCELA;VALIDADO;
LPCO;GO;101.0;11.0;SOJA;11743P2418;22213I2X;—;;;C2;P2;BG;27.0;953.0;C2;953;27.0;Cam.B;QD.86;F1;SIM;1.0;30/07/2026;JUL;SAMUEL;LUCAS;MARCELA;VALIDADO;
LPCO;GO;101.0;11.0;SOJA;11740P1910;NEO771 I2X;—;;;C2;P1;BG;0.0;685.0;C2;0;0.0;0;0;0;SIM;0.0;30/07/2026;JUL;SAMUEL;LUCAS;MARCELA;VALIDADO;
LPCO;GO;101.0;11.0;SOJA;11740P1911;NEO771 I2X;—;;;C2;P1;BG;0.0;680.0;C2;0;0.0;0;0;0;SIM;0.0;30/07/2026;JUL;SAMUEL;LUCAS;MARCELA;VALIDADO;
LPCO;GO;101.0;11.0;SOJA;11740P2909;NEO771 I2X;—;;;C2;P2;BG;0.0;865.0;C2;0;0.0;0;0;0;SIM;0.0;30/07/2026;JUL;SAMUEL;LUCAS;MARCELA;VALIDADO;
LPCO;GO;101.0;11.0;SOJA;11743P1424;22213I2X;—;;;C2;P1;BG;23.0;731.0;C2;731;23.0;Cam.B;QD.85;F4;SIM;1.0;30/07/2026;JUL;SAMUEL;LUCAS;MARCELA;VALIDADO;
LPCO;GO;101.0;11.0;SOJA;11740P2908;NEO771 I2X;—;;;C2;P2;BG;0.0;874.0;C2;0;0.0;0;0;0;SIM;0.0;30/07/2026;JUL;SAMUEL;LUCAS;MARCELA;VALIDADO;
LPCO;GO;101.0;11.0;SOJA;11740P1907;NEO771 I2X;—;;;C2;P1;BG;0.0;689.0;C2;0;0.0;0;0;0;SIM;0.0;30/07/2026;JUL;SAMUEL;LUCAS;MARCELA;VALIDADO;
LPCO;GO;101.0;11.0;SOJA;11743P2421;22213I2X;—;;;C2;P2;BG;27.0;948.0;C2;948;27.0;Cam.B;QD.86;F3;SIM;1.0;30/07/2026;JUL;SAMUEL;LUCAS;MARCELA;VALIDADO;
LPCO;GO;101.0;11.0;SOJA;11743P1422;22213I2X;—;;;C2;P1;BG;30.0;748.0;C2;748;30.0;Cam.B;QD.85;F3;SIM;1.0;30/07/2026;JUL;SAMUEL;LUCAS;MARCELA;VALIDADO;
LPCO;GO;101.0;11.0;SOJA;11743P2425;22213I2X;—;;;C2;P2;BG;14.0;949.0;C2;949;14.0;Cam.B;QD.86;F5;SIM;1.0;30/07/2026;JUL;SAMUEL;LUCAS;MARCELA;VALIDADO;
LPCO;GO;101.0;11.0;SOJA;11740P2912;NEO771 I2X;—;;;C2;P2;BG;0.0;872.0;C2;0;0.0;0;0;0;SIM;0.0;30/07/2026;JUL;SAMUEL;LUCAS;MARCELA;VALIDADO;
LPCO;GO;101.0;11.0;SOJA;11264P1426;O820 IPRO;—;;;S1;P1;BG;27.0;967.0;S1;967;27.0;Cam.B;QD.99;F1;SIM;1.0;30/07/2026;JUL;SAMUEL;LUCAS;MARCELA;VALIDADO;
LPCO;GO;101.0;11.0;SOJA;11740P2915;NEO771 I2X;—;;;C2;P2;BG;0.0;885.0;C2;0;0.0;0;0;0;SIM;0.0;30/07/2026;JUL;SAMUEL;LUCAS;MARCELA;VALIDADO;
LPCO;GO;101.0;11.0;SOJA;11740P2914;NEO771 I2X;—;;;C2;P2;BG;0.0;878.0;C2;0;0.0;0;0;0;SIM;0.0;30/07/2026;JUL;SAMUEL;LUCAS;MARCELA;VALIDADO;
LPCO;GO;101.0;11.0;SOJA;11740P1913;NEO771 I2X;—;;;C2;P1;BG;0.0;688.0;C2;0;0.0;0;0;0;SIM;0.0;30/07/2026;JUL;SAMUEL;LUCAS;MARCELA;VALIDADO;
LPCO;GO;101.0;11.0;SOJA;11264P1428;O820 IPRO;—;;;S1;P1;BG;27.0;981.0;S1;981;27.0;Cam.B;QD.99;F2;SIM;1.0;30/07/2026;JUL;SAMUEL;LUCAS;MARCELA;VALIDADO;
LPCO;GO;101.0;11.0;SOJA;11740P2917;NEO771 I2X;—;;;C2;P2;BG;0.0;871.0;C2;0;0.0;0;0;0;SIM;0.0;30/07/2026;JUL;SAMUEL;LUCAS;MARCELA;VALIDADO;
LPCO;GO;101.0;11.0;SOJA;11264P2427;O820 IPRO;—;;;S1;P2;BG;0.0;1177.0;S1;0;0.0;0;0;0;SIM;0.0;30/07/2026;JUL;SAMUEL;LUCAS;MARCELA;VALIDADO;
LPCO;GO;101.0;11.0;SOJA;11740P1916;NEO771 I2X;—;;;C2;P1;BG;0.0;688.0;C2;0;0.0;0;0;0;SIM;0.0;30/07/2026;JUL;SAMUEL;LUCAS;MARCELA;VALIDADO;
LPCO;GO;101.0;11.0;SOJA;11264P2431;O820 IPRO;—;;;S1;P2;BG;18.0;1182.0;S1;1002;18.0;Cam.B;QD.101;F1;SIM;1.0;30/07/2026;JUL;SAMUEL;LUCAS;MARCELA;VALIDADO;
LPCO;GO;101.0;11.0;SOJA;11264P1432;O820 IPRO;—;;;S1;P1;BG;0.0;984.0;S1;0;0.0;0;0;0;SIM;0.0;30/07/2026;JUL;SAMUEL;LUCAS;MARCELA;VALIDADO;
LPCO;GO;101.0;11.0;SOJA;11740P1920;NEO771 I2X;—;;;C2;P1;BG;0.0;678.0;C2;0;0.0;0;0;0;SIM;0.0;30/07/2026;JUL;SAMUEL;LUCAS;MARCELA;VALIDADO;
LPCO;GO;101.0;11.0;SOJA;11740P2921;NEO771 I2X;—;;;C2;P2;BG;0.0;878.0;C2;0;0.0;0;0;0;SIM;0.0;30/07/2026;JUL;SAMUEL;LUCAS;MARCELA;VALIDADO;
LPCO;GO;101.0;11.0;SOJA;11264P2429;O820 IPRO;—;;;S1;P2;BG;18.0;1178.0;S1;1178;18.0;Cam.B;QD.101;F3;SIM;1.0;30/07/2026;JUL;SAMUEL;LUCAS;MARCELA;VALIDADO;
LPCO;GO;101.0;11.0;SOJA;11264P1430;O820 IPRO;—;;;S1;P1;BG;27.0;995.0;S1;995;27.0;Cam.B;QD.99;F3;SIM;1.0;30/07/2026;JUL;SAMUEL;LUCAS;MARCELA;VALIDADO;
LPCO;GO;101.0;11.0;SOJA;11740P1918;NEO771 I2X;—;;;C2;P1;BG;0.0;679.0;C2;0;0.0;0;0;0;SIM;0.0;30/07/2026;JUL;SAMUEL;LUCAS;MARCELA;VALIDADO;
LPCO;GO;101.0;11.0;SOJA;11740P2919;NEO771 I2X;—;;;C2;P2;BG;0.0;879.0;C2;0;0.0;0;0;0;SIM;0.0;30/07/2026;JUL;SAMUEL;LUCAS;MARCELA;VALIDADO;
LPCO;GO;101.0;11.0;SOJA;11264P2433;O820 IPRO;—;;;S1;P2;BG;0.0;1193.0;S1;0;0.0;0;0;0;SIM;0.0;30/07/2026;JUL;SAMUEL;LUCAS;MARCELA;VALIDADO;
LPCO;GO;101.0;11.0;SOJA;11264P1434;O820 IPRO;—;;;S1;P1;BG;11.0;1002.0;S1;1182;11.0;Cam.B;QD.101;F2;SIM;1.0;30/07/2026;JUL;SAMUEL;LUCAS;MARCELA;VALIDADO;
LPCO;GO;101.0;11.0;SOJA;11740P2922;NEO771 I2X;—;;;C2;P2;BG;0.0;870.0;C2;0;0.0;0;0;0;SIM;0.0;30/07/2026;JUL;SAMUEL;LUCAS;MARCELA;VALIDADO;
LPCO;GO;101.0;11.0;SOJA;11740P1925;NEO771 I2X;—;;;C2;P1;BG;0.0;673.0;C2;0;0.0;0;0;0;SIM;0.0;30/07/2026;JUL;SAMUEL;LUCAS;MARCELA;VALIDADO;
LPCO;GO;101.0;11.0;SOJA;11740P1923;NEO771 I2X;—;;;C2;P1;BG;0.0;682.0;C2;0;0.0;0;0;0;SIM;0.0;30/07/2026;JUL;SAMUEL;LUCAS;MARCELA;VALIDADO;
LPCO;GO;101.0;11.0;SOJA;11740P2924;NEO771 I2X;—;;;C2;P2;BG;0.0;874.0;C2;0;0.0;0;0;0;SIM;0.0;30/07/2026;JUL;SAMUEL;LUCAS;MARCELA;VALIDADO;
LPCO;GO;101.0;11.0;SOJA;11740P2926;NEO771 I2X;—;;;C2;P2;BG;0.0;866.0;C2;0;0.0;0;0;0;SIM;0.0;30/07/2026;JUL;SAMUEL;LUCAS;MARCELA;VALIDADO;
LPCO;GO;101.0;11.0;SOJA;11740P2927;NEO771 I2X;—;;;C2;P2;BG;0.0;881.0;C2;0;0.0;0;0;0;SIM;0.0;30/07/2026;JUL;SAMUEL;LUCAS;MARCELA;VALIDADO;
LPCO;GO;101.0;11.0;SOJA;11741P1312;NEO801 CE;—;;;C2;P1;BG;30.0;668.0;C2;688;30.0;Cam.A;QD.46;F3;SIM;1.0;30/07/2026;JUL;SAMUEL;LUCAS;MARCELA;VALIDADO;
LPCO;GO;101.0;11.0;SOJA;11741P1314;NEO801 CE;—;;;C2;P1;BG;30.0;673.0;C2;673;30.0;Cam.A;QD.46;F4;SIM;1.0;30/07/2026;JUL;SAMUEL;LUCAS;MARCELA;VALIDADO;
LPCO;GO;101.0;11.0;SOJA;11741P1315;NEO801 CE;—;;;C2;P1;BG;30.0;669.0;C2;669;30.0;Cam.A;QD.46;F5;SIM;1.0;30/07/2026;JUL;SAMUEL;LUCAS;MARCELA;VALIDADO;
LPCO;GO;101.0;11.0;SOJA;11741P1317;NEO801 CE;—;;;C2;P1;BG;30.0;676.0;C2;676;30.0;Cam.A;QD.46;F6;SIM;1.0;30/07/2026;JUL;SAMUEL;LUCAS;MARCELA;VALIDADO;
LPCO;GO;101.0;11.0;SOJA;11741P1319;NEO801 CE;—;;;C2;P1;BG;30.0;667.0;C2;667;30.0;Cam.A;QD.46;F7;SIM;1.0;30/07/2026;JUL;SAMUEL;LUCAS;MARCELA;VALIDADO;
LPCO;GO;101.0;11.0;SOJA;11741P1320;NEO801 CE;—;;;C2;P1;BG;30.0;680.0;C2;680;30.0;Cam.A;QD.44;F1;SIM;1.0;30/07/2026;JUL;SAMUEL;LUCAS;MARCELA;VALIDADO;
LPCO;GO;101.0;11.0;SOJA;11741P1322;NEO801 CE;—;;;C2;P1;BG;30.0;703.0;C2;703;30.0;Cam.A;QD.44;F2;SIM;1.0;30/07/2026;JUL;SAMUEL;LUCAS;MARCELA;VALIDADO;
LPCO;GO;101.0;11.0;SOJA;11741P1324;NEO801 CE;—;;;C2;P1;BG;11.0;702.0;C2;702;11.0;Cam.A;QD.44;F3;SIM;1.0;30/07/2026;JUL;SAMUEL;LUCAS;MARCELA;VALIDADO;
LPCO;GO;101.0;11.0;SOJA;11741P2308;NEO801 CE;—;;;C2;P2;BG;30.0;884.0;C2;884;30.0;Cam.A;QD.45;F1;SIM;1.0;30/07/2026;JUL;SAMUEL;LUCAS;MARCELA;VALIDADO;
LPCO;GO;101.0;11.0;SOJA;11741P2311;NEO801 CE;—;;;C2;P2;BG;30.0;859.0;C2;859;30.0;Cam.A;QD.45;F2;SIM;1.0;30/07/2026;JUL;SAMUEL;LUCAS;MARCELA;VALIDADO;
LPCO;GO;101.0;11.0;SOJA;11741P2313;NEO801 CE;—;;;C2;P2;BG;30.0;868.0;C2;868;30.0;Cam.A;QD.45;F4;SIM;1.0;30/07/2026;JUL;SAMUEL;LUCAS;MARCELA;VALIDADO;
LPCO;GO;101.0;11.0;SOJA;11741P2316;NEO801 CE;—;;;C2;P2;BG;30.0;861.0;C2;861;30.0;Cam.A;QD.45;F3;SIM;1.0;30/07/2026;JUL;SAMUEL;LUCAS;MARCELA;VALIDADO;
LPCO;GO;101.0;11.0;SOJA;11741P2318;NEO801 CE;—;;;C2;P2;BG;30.0;869.0;C2;869;30.0;Cam.A;QD.45;F5;SIM;1.0;30/07/2026;JUL;SAMUEL;LUCAS;MARCELA;VALIDADO;
LPCO;GO;101.0;11.0;SOJA;11741P2321;NEO801 CE;—;;;C2;P2;BG;30.0;880.0;C2;880;30.0;Cam.A;QD.45;F7;SIM;1.0;30/07/2026;JUL;SAMUEL;LUCAS;MARCELA;VALIDADO;
LPCO;GO;101.0;11.0;SOJA;11741P2323;NEO801 CE;—;;;C2;P2;BG;30.0;884.0;C2;884;30.0;Cam.A;QD.45;F6;SIM;1.0;30/07/2026;JUL;SAMUEL;LUCAS;MARCELA;VALIDADO;
LPCO;GO;101.0;11.0;SOJA;11741P2325;NEO801 CE;—;;;C2;P2;BG;21.0;884.0;C2;884;21.0;Cam.A;QD.44;F4;SIM;1.0;30/07/2026;JUL;SAMUEL;LUCAS;MARCELA;VALIDADO;
LPCO;GO;101.0;11.0;SOJA;11149P1601;NEO680 IPRO;—;;;S2;P1;BG;30;838;S2;838;30;A;52;1;SIM;1.0;28/08/2026;AGO;Samuel;Juliane;MARCELA;VALIDADO;
LPCO;GO;101.0;11.0;SOJA;11149P1604;NEO680 IPRO;—;;;S2;P1;BG;30;822;S2;822;30;A;52;3;SIM;1.0;28/08/2026;AGO;Samuel;Juliane;MARCELA;VALIDADO;
LPCO;GO;101.0;11.0;SOJA;11149P1606;NEO680 IPRO;—;;;S2;P1;BG;30;830;S2;830;30;A;52;5;SIM;1.0;28/08/2026;AGO;Samuel;Juliane;MARCELA;VALIDADO;
LPCO;GO;101.0;11.0;SOJA;11149P1607;NEO680 IPRO;—;;;S2;P1;BG;30;794;S2;794;30;A;52;4;SIM;1.0;28/08/2026;AGO;Samuel;Juliane;MARCELA;VALIDADO;
LPCO;GO;101.0;11.0;SOJA;11149P1608;NEO680 IPRO;—;;;S2;P1;BG;30;785;S2;785;30;A;50;1;SIM;1.0;28/08/2026;AGO;Samuel;Juliane;MARCELA;VALIDADO;
LPCO;GO;101.0;11.0;SOJA;11149P1609;NEO680 IPRO;—;;;S2;P1;BG;30;789;S2;789;30;A;52;6;SIM;1.0;28/08/2026;AGO;Samuel;Juliane;MARCELA;VALIDADO;
LPCO;GO;101.0;11.0;SOJA;11149P1610;NEO680 IPRO;—;;;S2;P1;BG;30;792;S2;792;30;A;50;2;SIM;1.0;28/08/2026;AGO;Samuel;Juliane;MARCELA;VALIDADO;
LPCO;GO;101.0;11.0;SOJA;11149P1611;NEO680 IPRO;—;;;S2;P1;BG;30;802;S2;802;30;A;50;3;SIM;1.0;28/08/2026;AGO;Samuel;Juliane;MARCELA;VALIDADO;
LPCO;GO;101.0;11.0;SOJA;11149P1612;NEO680 IPRO;—;;;S2;P1;BG;30;797;S2;797;30;A;50;4;SIM;1.0;28/08/2026;AGO;Samuel;Juliane;MARCELA;VALIDADO;
LPCO;GO;101.0;11.0;SOJA;11149P1613;NEO680 IPRO;—;;;S2;P1;BG;30;764;S2;764;30;A;50;5;SIM;1.0;28/08/2026;AGO;Samuel;Juliane;MARCELA;VALIDADO;
LPCO;GO;101.0;11.0;SOJA;11149P1614;NEO680 IPRO;—;;;S2;P1;BG;30;764;S2;764;30;A;50;6;SIM;1.0;28/08/2026;AGO;Samuel;Juliane;MARCELA;VALIDADO;
LPCO;GO;101.0;11.0;SOJA;11149P1617;NEO680 IPRO;—;;;S2;P1;BG;30;762;S2;762;30;A;49;2;SIM;1.0;28/08/2026;AGO;Samuel;Juliane;MARCELA;VALIDADO;
LPCO;GO;101.0;11.0;SOJA;11149P1622;NEO680 IPRO;—;;;C1;P1;BG;16;785;C1;785;16;A;47;4;SIM;1.0;28/08/2026;AGO;Samuel;Juliane;MARCELA;VALIDADO;
LPCO;GO;101.0;11.0;SOJA;11149P1627;NEO680 IPRO;—;;;C1;P1;BG;30;775;C1;775;30;A;51;5;SIM;1.0;28/08/2026;AGO;Samuel;Juliane;MARCELA;VALIDADO;
LPCO;GO;101.0;11.0;SOJA;11149P1628;NEO680 IPRO;—;;;C1;P1;BG;30;747;C1;747;30;A;47;3;SIM;1.0;28/08/2026;AGO;Samuel;Juliane;MARCELA;VALIDADO;
LPCO;GO;101.0;11.0;SOJA;11149P1630;NEO680 IPRO;—;;;S2;P1;BG;30;786;S2;786;30;A;49;6;SIM;1.0;28/08/2026;AGO;Samuel;Juliane;MARCELA;VALIDADO;
LPCO;GO;101.0;11.0;SOJA;11149P1631;NEO680 IPRO;—;;;S2;P1;BG;30;759;S2;759;30;A;49;4;SIM;1.0;28/08/2026;AGO;Samuel;Juliane;MARCELA;VALIDADO;
LPCO;GO;101.0;11.0;SOJA;11149P1632;NEO680 IPRO;—;;;S2;P1;BG;30;760;S2;760;30;A;49;5;SIM;1.0;28/08/2026;AGO;Samuel;Juliane;MARCELA;VALIDADO;
LPCO;GO;101.0;11.0;SOJA;11149P1633;NEO680 IPRO;—;;;S2;P1;BG;30;763;S2;763;30;A;62;1;SIM;1.0;28/08/2026;AGO;Samuel;Juliane;MARCELA;VALIDADO;
LPCO;GO;101.0;11.0;SOJA;11149P1635;NEO680 IPRO;—;;;S2;P1;BG;30;769;S2;769;30;A;62;2;SIM;1.0;28/08/2026;AGO;Samuel;Juliane;MARCELA;VALIDADO;
LPCO;GO;101.0;11.0;SOJA;11149P1636;NEO680 IPRO;—;;;S2;P1;BG;30;739;S2;739;30;A;62;3;SIM;1.0;28/08/2026;AGO;Samuel;Juliane;MARCELA;VALIDADO;
LPCO;GO;101.0;11.0;SOJA;11149P1637;NEO680 IPRO;—;;;S2;P1;BG;30;720;S2;720;30;A;62;4;SIM;1.0;28/08/2026;AGO;Samuel;Juliane;MARCELA;VALIDADO;
LPCO;GO;101.0;11.0;SOJA;11149P1638;NEO680 IPRO;—;;;S2;P1;BG;30;755;S2;755;30;A;62;5;SIM;1.0;28/08/2026;AGO;Samuel;Juliane;MARCELA;VALIDADO;
LPCO;GO;101.0;11.0;SOJA;11149P1639;NEO680 IPRO;—;;;S2;P1;BG;30;746;S2;746;30;A;60;1;SIM;1.0;28/08/2026;AGO;Samuel;Juliane;MARCELA;VALIDADO;
LPCO;GO;101.0;11.0;SOJA;11149P1641;NEO680 IPRO;—;;;S2;P1;BG;30;800;S2;800;30;A;60;2;SIM;1.0;28/08/2026;AGO;Samuel;Juliane;MARCELA;VALIDADO;
LPCO;GO;101.0;11.0;SOJA;11149P1643;NEO680 IPRO;—;;;S2;P1;BG;30;766;S2;766;30;A;60;3;SIM;1.0;28/08/2026;AGO;Samuel;Juliane;MARCELA;VALIDADO;
LPCO;GO;101.0;11.0;SOJA;11149P1644;NEO680 IPRO;—;;;S2;P1;BG;9;777;S2;777;9;A;51;6;SIM;1.0;28/08/2026;AGO;Samuel;Juliane;MARCELA;VALIDADO;
LPCO;GO;101.0;11.0;SOJA;11149P2602;NEO680 IPRO;—;;;S2;P2;BG;14;1010;S2;1010;14;A;51;1;SIM;1.0;28/08/2026;AGO;Samuel;Juliane;MARCELA;VALIDADO;
LPCO;GO;101.0;11.0;SOJA;11149P2605;NEO680 IPRO;—;;;S2;P2;BG;27;998;S2;998;27;A;51;3;SIM;1.0;28/08/2026;AGO;Samuel;Juliane;MARCELA;VALIDADO;
LPCO;GO;101.0;11.0;SOJA;11149P2615;NEO680 IPRO;—;;;S2;P2;BG;27;931;S2;931;27;A;51;2;SIM;1.0;28/08/2026;AGO;Samuel;Juliane;MARCELA;VALIDADO;
LPCO;GO;101.0;11.0;SOJA;11149P2619;NEO680 IPRO;—;;;C1;P2;BG;27;928;C1;928;27;A;47;1;SIM;1.0;28/08/2026;AGO;Samuel;Juliane;MARCELA;VALIDADO;
LPCO;GO;101.0;11.0;SOJA;11149P2623;NEO680 IPRO;—;;;C1;P2;BG;27;937;C1;937;27;A;47;2;SIM;1.0;28/08/2026;AGO;Samuel;Juliane;MARCELA;VALIDADO;
LPCO;GO;101.0;11.0;SOJA;11149P2625;NEO680 IPRO;—;;;C1;P2;BG;27;934;C1;934;27;A;61;CORREDOR;SIM;1.0;28/08/2026;AGO;Samuel;Juliane;MARCELA;VALIDADO;
LPCO;GO;101.0;11.0;SOJA;11149P2634;NEO680 IPRO;—;;;S2;P2;BG;17;933;S2;933;17;A;61;CORREDOR;SIM;1.0;28/08/2026;AGO;Samuel;Juliane;MARCELA;VALIDADO;
LPCO;GO;101.0;11.0;SOJA;11149P2640;NEO680 IPRO;—;;;S2;P2;BG;30;911;S2;911;30;A;61;CORREDOR;SIM;1.0;28/08/2026;AGO;Samuel;Juliane;MARCELA;VALIDADO;
LPCO;GO;101.0;11.0;SOJA;11149P2642;NEO680 IPRO;—;;;S2;P2;BG;11;928;S2;928;11;A;47;5;SIM;1.0;28/08/2026;AGO;Samuel;Juliane;MARCELA;VALIDADO;
LPCO;GO;101.0;11.0;SOJA;11264P1426;O820 IPRO;—;;;S1;P1;BG;27;967;S1;967;27;B;99;1;SIM;1.0;28/08/2026;AGO;Samuel;Juliane;MARCELA;VALIDADO;
LPCO;GO;101.0;11.0;SOJA;11264P1428;O820 IPRO;—;;;S1;P1;BG;27;981;S1;981;27;B;99;2;SIM;1.0;28/08/2026;AGO;Samuel;Juliane;MARCELA;VALIDADO;
LPCO;GO;101.0;11.0;SOJA;11264P1430;O820 IPRO;—;;;S1;P1;BG;27;995;S1;995;27;B;99;3;SIM;1.0;28/08/2026;AGO;Samuel;Juliane;MARCELA;VALIDADO;
LPCO;GO;101.0;11.0;SOJA;11264P1434;O820 IPRO;—;;;S1;P1;BG;11;1002;S1;1002;11;B;100;1;SIM;1.0;28/08/2026;AGO;Samuel;Juliane;MARCELA;VALIDADO;
LPCO;GO;101.0;11.0;SOJA;11264P2429;O820 IPRO;—;;;S1;P2;BG;18;1178;S1;1178;18;B;100;2;SIM;1.0;28/08/2026;AGO;Samuel;Juliane;MARCELA;VALIDADO;
LPCO;GO;101.0;11.0;SOJA;11264P2431;O820 IPRO;—;;;S1;P2;BG;18;1182;S1;1182;18;B;100;3;SIM;1.0;28/08/2026;AGO;Samuel;Juliane;MARCELA;VALIDADO;
LPCO;GO;101.0;11.0;SOJA;11272P1201;690 I2X;—;;;S1;P1;BG;30;759;S1;759;30;A;39;1;SIM;1.0;28/08/2026;AGO;Samuel;Juliane;MARCELA;VALIDADO;
LPCO;GO;101.0;11.0;SOJA;11272P1203;690 I2X;—;;;S1;P1;BG;30;742;S1;742;30;A;39;2;SIM;1.0;28/08/2026;AGO;Samuel;Juliane;MARCELA;VALIDADO;
LPCO;GO;101.0;11.0;SOJA;11272P1205;690 I2X;—;;;S1;P1;BG;30;755;S1;755;30;A;39;3;SIM;1.0;28/08/2026;AGO;Samuel;Juliane;MARCELA;VALIDADO;
LPCO;GO;101.0;11.0;SOJA;11272P1206;690 I2X;—;;;S1;P1;BG;30;755;S1;755;30;A;39;4;SIM;1.0;28/08/2026;AGO;Samuel;Juliane;MARCELA;VALIDADO;
LPCO;GO;101.0;11.0;SOJA;11272P1208;690 I2X;—;;;S1;P1;BG;30;767;S1;767;30;A;39;5;SIM;1.0;28/08/2026;AGO;Samuel;Juliane;MARCELA;VALIDADO;
LPCO;GO;101.0;11.0;SOJA;11272P1209;690 I2X;—;;;S1;P1;BG;30;746;S1;746;30;A;39;6;SIM;1.0;28/08/2026;AGO;Samuel;Juliane;MARCELA;VALIDADO;
LPCO;GO;101.0;11.0;SOJA;11272P1211;690 I2X;—;;;S1;P1;BG;30;750;S1;750;30;A;39;7;SIM;1.0;28/08/2026;AGO;Samuel;Juliane;MARCELA;VALIDADO;
LPCO;GO;101.0;11.0;SOJA;11272P1212;690 I2X;—;;;S1;P1;BG;30;765;S1;765;30;A;40;1;SIM;1.0;28/08/2026;AGO;Samuel;Juliane;MARCELA;VALIDADO;
LPCO;GO;101.0;11.0;SOJA;11272P1214;690 I2X;—;;;S1;P1;BG;30;768;S1;768;30;A;40;2;SIM;1.0;28/08/2026;AGO;Samuel;Juliane;MARCELA;VALIDADO;
LPCO;GO;101.0;11.0;SOJA;11272P1215;690 I2X;—;;;S1;P1;BG;30;763;S1;763;30;A;40;3;SIM;1.0;28/08/2026;AGO;Samuel;Juliane;MARCELA;VALIDADO;
LPCO;GO;101.0;11.0;SOJA;11272P1217;690 I2X;—;;;S1;P1;BG;30;761;S1;761;30;A;40;4;SIM;1.0;28/08/2026;AGO;Samuel;Juliane;MARCELA;VALIDADO;
LPCO;GO;101.0;11.0;SOJA;11272P1218;690 I2X;—;;;S1;P1;BG;30;757;S1;757;30;A;40;5;SIM;1.0;28/08/2026;AGO;Samuel;Juliane;MARCELA;VALIDADO;
LPCO;GO;101.0;11.0;SOJA;11272P1220;690 I2X;—;;;S1;P1;BG;30;767;S1;767;30;A;40;7;SIM;1.0;28/08/2026;AGO;Samuel;Juliane;MARCELA;VALIDADO;
LPCO;GO;101.0;11.0;SOJA;11272P1222;690 I2X;—;;;S1;P1;BG;30;750;S1;750;30;A;40;6;SIM;1.0;28/08/2026;AGO;Samuel;Juliane;MARCELA;VALIDADO;
LPCO;GO;101.0;11.0;SOJA;11272P1223;690 I2X;—;;;S1;P1;BG;30;759;S1;759;30;B;87;CORREDOR;SIM;1.0;28/08/2026;AGO;Samuel;Juliane;MARCELA;VALIDADO;
LPCO;GO;101.0;11.0;SOJA;11272P1225;690 I2X;—;;;S1;P1;BG;8;766;S1;766;8;A;;CORREDOR;SIM;1.0;28/08/2026;AGO;Samuel;Juliane;MARCELA;VALIDADO;
LPCO;GO;101.0;11.0;SOJA;11272P2202;690 I2X;—;;;S1;P2;BG;27;915;S1;915;27;A;38;1;SIM;1.0;28/08/2026;AGO;Samuel;Juliane;MARCELA;VALIDADO;
LPCO;GO;101.0;11.0;SOJA;11272P2204;690 I2X;—;;;S1;P2;BG;30;898;S1;898;30;A;38;2;SIM;1.0;28/08/2026;AGO;Samuel;Juliane;MARCELA;VALIDADO;
LPCO;GO;101.0;11.0;SOJA;11272P2207;690 I2X;—;;;S1;P2;BG;27;909;S1;909;27;A;38;3;SIM;1.0;28/08/2026;AGO;Samuel;Juliane;MARCELA;VALIDADO;
LPCO;GO;101.0;11.0;SOJA;11272P2210;690 I2X;—;;;S1;P2;BG;27;916;S1;916;27;A;38;4;SIM;1.0;28/08/2026;AGO;Samuel;Juliane;MARCELA;VALIDADO;
LPCO;GO;101.0;11.0;SOJA;11272P2213;690 I2X;—;;;S1;P2;BG;27;929;S1;929;27;A;38;5;SIM;1.0;28/08/2026;AGO;Samuel;Juliane;MARCELA;VALIDADO;
LPCO;GO;101.0;11.0;SOJA;11272P2216;690 I2X;—;;;S1;P2;BG;27;914;S1;914;27;A;38;6;SIM;1.0;28/08/2026;AGO;Samuel;Juliane;MARCELA;VALIDADO;
LPCO;GO;101.0;11.0;SOJA;11272P2219;690 I2X;—;;;S1;P2;BG;30;891;S1;891;30;A;38;7;SIM;1.0;28/08/2026;AGO;Samuel;Juliane;MARCELA;VALIDADO;
LPCO;GO;101.0;11.0;SOJA;11272P2221;690 I2X;—;;;S1;P2;BG;27;920;S1;920;27;A;29;1;SIM;1.0;28/08/2026;AGO;Samuel;Juliane;MARCELA;VALIDADO;
LPCO;GO;101.0;11.0;SOJA;11272P2224;690 I2X;—;;;S1;P2;BG;7;908;S1;908;7;A;;CORREDOR;SIM;1.0;28/08/2026;AGO;Samuel;Juliane;MARCELA;VALIDADO;
LPCO;GO;101.0;11.0;SOJA;11714P1105;O790 IPRO;—;;;S1;P1;BG;30;818;S1;818;30;B;;CORREDOR;SIM;1.0;28/08/2026;AGO;Samuel;Juliane;MARCELA;VALIDADO;
LPCO;GO;101.0;11.0;SOJA;11714P1109;O790 IPRO;—;;;S1;P1;BG;30;800;S1;800;30;B;77;1;SIM;1.0;28/08/2026;AGO;Samuel;Juliane;MARCELA;VALIDADO;
LPCO;GO;101.0;11.0;SOJA;11714P1111;O790 IPRO;—;;;S1;P1;BG;30;803;S1;803;30;B;77;2;SIM;1.0;28/08/2026;AGO;Samuel;Juliane;MARCELA;VALIDADO;
LPCO;GO;101.0;11.0;SOJA;11714P1116;O790 IPRO;—;;;S1;P1;BG;30;810;S1;810;30;B;77;3;SIM;1.0;28/08/2026;AGO;Samuel;Juliane;MARCELA;VALIDADO;
LPCO;GO;101.0;11.0;SOJA;11714P1118;O790 IPRO;—;;;S1;P1;BG;30;811;S1;811;30;B;78;1;SIM;1.0;28/08/2026;AGO;Samuel;Juliane;MARCELA;VALIDADO;
LPCO;GO;101.0;11.0;SOJA;11714P1120;O790 IPRO;—;;;S1;P1;BG;11;805;S1;805;11;B;87;CORREDOR;SIM;1.0;28/08/2026;AGO;Samuel;Juliane;MARCELA;VALIDADO;
LPCO;GO;101.0;11.0;SOJA;11714P1122;O790 IPRO;—;;;S1;P1;BG;30;791;S1;791;30;B;78;2;SIM;1.0;28/08/2026;AGO;Samuel;Juliane;MARCELA;VALIDADO;
LPCO;GO;101.0;11.0;SOJA;11714P1124;O790 IPRO;—;;;S1;P1;BG;30;791;S1;791;30;B;78;3;SIM;1.0;28/08/2026;AGO;Samuel;Juliane;MARCELA;VALIDADO;
LPCO;GO;101.0;11.0;SOJA;11714P1126;O790 IPRO;—;;;S1;P1;BG;30;814;S1;814;30;B;78;4;SIM;1.0;28/08/2026;AGO;Samuel;Juliane;MARCELA;VALIDADO;
LPCO;GO;101.0;11.0;SOJA;11714P1129;O790 IPRO;—;;;S1;P1;BG;30;799;S1;799;30;B;78;5;SIM;1.0;28/08/2026;AGO;Samuel;Juliane;MARCELA;VALIDADO;
LPCO;GO;101.0;11.0;SOJA;11714P1130;O790 IPRO;—;;;S1;P1;BG;20;792;S1;792;20;B;80;5;SIM;1.0;28/08/2026;AGO;Samuel;Juliane;MARCELA;VALIDADO;
LPCO;GO;101.0;11.0;SOJA;11714P2102;O790 IPRO;—;;;S1;P2;BG;24;1028;S1;1028;24;B;;CORREDOR;SIM;1.0;28/08/2026;AGO;Samuel;Juliane;MARCELA;VALIDADO;
LPCO;GO;101.0;11.0;SOJA;11714P2104;O790 IPRO;—;;;S1;P2;BG;24;1029;S1;1029;24;A;;CORREDOR;SIM;1.0;28/08/2026;AGO;Samuel;Juliane;MARCELA;VALIDADO;
LPCO;GO;101.0;11.0;SOJA;11714P2106;O790 IPRO;—;;;S1;P2;BG;24;1033;S1;1033;24;A;;CORREDOR;SIM;1.0;28/08/2026;AGO;Samuel;Juliane;MARCELA;VALIDADO;
LPCO;GO;101.0;11.0;SOJA;11714P2108;O790 IPRO;—;;;S1;P2;BG;24;1031;S1;1031;24;B;74;4;SIM;1.0;28/08/2026;AGO;Samuel;Juliane;MARCELA;VALIDADO;
LPCO;GO;101.0;11.0;SOJA;11714P2110;O790 IPRO;—;;;S1;P2;BG;24;1030;S1;1030;24;B;75;1;SIM;1.0;28/08/2026;AGO;Samuel;Juliane;MARCELA;VALIDADO;
LPCO;GO;101.0;11.0;SOJA;11714P2112;O790 IPRO;—;;;S1;P2;BG;24;1028;S1;1028;24;B;75;2;SIM;1.0;28/08/2026;AGO;Samuel;Juliane;MARCELA;VALIDADO;
LPCO;GO;101.0;11.0;SOJA;11714P2114;O790 IPRO;—;;;S1;P2;BG;24;1022;S1;1022;1;A;;CORREDOR;SIM;1.0;28/08/2026;AGO;Samuel;Juliane;MARCELA;VALIDADO;
LPCO;GO;101.0;11.0;SOJA;11714P2115;O790 IPRO;—;;;S1;P2;BG;24;1020;S1;1020;24;B;75;3;SIM;1.0;28/08/2026;AGO;Samuel;Juliane;MARCELA;VALIDADO;
LPCO;GO;101.0;11.0;SOJA;11714P2117;O790 IPRO;—;;;S1;P2;BG;24;1038;S1;1038;24;B;73;2;SIM;1.0;28/08/2026;AGO;Samuel;Juliane;MARCELA;VALIDADO;
LPCO;GO;101.0;11.0;SOJA;11714P2119;O790 IPRO;—;;;S1;P2;BG;24;1041;S1;1041;24;B;75;5;SIM;1.0;28/08/2026;AGO;Samuel;Juliane;MARCELA;VALIDADO;
LPCO;GO;101.0;11.0;SOJA;11714P2121;O790 IPRO;—;;;S1;P2;BG;24;1053;S2;1053;24;B;79;1;SIM;1.0;28/08/2026;AGO;Samuel;Juliane;MARCELA;VALIDADO;
LPCO;GO;101.0;11.0;SOJA;11714P2123;O790 IPRO;—;;;S1;P2;BG;24;1038;S2;1038;24;B;79;4;SIM;1.0;28/08/2026;AGO;Samuel;Juliane;MARCELA;VALIDADO;
LPCO;GO;101.0;11.0;SOJA;11714P2125;O790 IPRO;—;;;S1;P2;BG;24;1015;S2;1015;24;B;79;2;SIM;1.0;28/08/2026;AGO;Samuel;Juliane;MARCELA;VALIDADO;
LPCO;GO;101.0;11.0;SOJA;11714P2127;O790 IPRO;—;;;S1;P2;BG;24;1045;S2;1045;24;B;79;3;SIM;1.0;28/08/2026;AGO;Samuel;Juliane;MARCELA;VALIDADO;
LPCO;GO;101.0;11.0;SOJA;11714P2128;O790 IPRO;—;;;S1;P2;BG;24;1015;S2;1015;24;B;79;5;SIM;1.0;28/08/2026;AGO;Samuel;Juliane;MARCELA;VALIDADO;
LPCO;GO;101.0;11.0;SOJA;11714P2131;O790 IPRO;—;;;S1;P2;BG;18;1023;S2;1023;18;B;;CORREDOR;SIM;1.0;28/08/2026;AGO;Samuel;Juliane;MARCELA;VALIDADO;
LPCO;GO;101.0;11.0;SOJA;11715P1702;761 I2X;—;;;S2;P1;BG;30;846;S2;846;30;A;54;2;SIM;1.0;28/08/2026;AGO;Samuel;Juliane;MARCELA;VALIDADO;
LPCO;GO;101.0;11.0;SOJA;11715P1705;761 I2X;—;;;S2;P1;BG;30;853;S2;853;30;A;54;3;SIM;1.0;28/08/2026;AGO;Samuel;Juliane;MARCELA;VALIDADO;
LPCO;GO;101.0;11.0;SOJA;11715P1710;761 I2X;—;;;S2;P1;BG;13;833;S2;833;13;A;54;4;SIM;1.0;28/08/2026;AGO;Samuel;Juliane;MARCELA;VALIDADO;
LPCO;GO;101.0;11.0;SOJA;11715P1712;761 I2X;—;;;S2;P1;BG;30;844;S2;844;30;A;57;1;SIM;1.0;28/08/2026;AGO;Samuel;Juliane;MARCELA;VALIDADO;
LPCO;GO;101.0;11.0;SOJA;11715P1715;761 I2X;—;;;S2;P1;BG;30;853;S2;853;30;A;57;3;SIM;1.0;28/08/2026;AGO;Samuel;Juliane;MARCELA;VALIDADO;
LPCO;GO;101.0;11.0;SOJA;11715P1718;761 I2X;—;;;S2;P1;BG;30;842;S2;842;30;A;57;5;SIM;1.0;28/08/2026;AGO;Samuel;Juliane;MARCELA;VALIDADO;
LPCO;GO;101.0;11.0;SOJA;11715P1721;761 I2X;—;;;S2;P1;BG;30;842;S2;842;30;A;58;1;SIM;1.0;28/08/2026;AGO;Samuel;Juliane;MARCELA;VALIDADO;
LPCO;GO;101.0;11.0;SOJA;11715P1723;761 I2X;—;;;S2;P1;BG;30;851;S2;851;30;A;58;2;SIM;1.0;28/08/2026;AGO;Samuel;Juliane;MARCELA;VALIDADO;
LPCO;GO;101.0;11.0;SOJA;11715P1724;761 I2X;—;;;S2;P1;BG;30;850;S2;850;30;A;57;5;SIM;1.0;28/08/2026;AGO;Samuel;Juliane;MARCELA;VALIDADO;
LPCO;GO;101.0;11.0;SOJA;11715P1730;761 I2X;—;;;S2;P1;BG;30;841;S2;841;30;A;;CORREDOR;SIM;1.0;28/08/2026;AGO;Samuel;Juliane;MARCELA;VALIDADO;
LPCO;GO;101.0;11.0;SOJA;11715P1735;761 I2X;—;;;S2;P1;BG;30;852;S2;852;30;A;;CORREDOR;SIM;1.0;28/08/2026;AGO;Samuel;Juliane;MARCELA;VALIDADO;
LPCO;GO;101.0;11.0;SOJA;11715P1739;761 I2X;—;;;S2;P1;BG;30;863;S2;863;30;A;67;1;SIM;1.0;28/08/2026;AGO;Samuel;Juliane;MARCELA;VALIDADO;
LPCO;GO;101.0;11.0;SOJA;11715P1742;761 I2X;—;;;S2;P1;BG;30;857;S2;857;30;A;67;3;SIM;1.0;28/08/2026;AGO;Samuel;Juliane;MARCELA;VALIDADO;
LPCO;GO;101.0;11.0;SOJA;11715P1744;761 I2X;—;;;S2;P1;BG;30;833;S2;833;30;A;67;4;SIM;1.0;28/08/2026;AGO;Samuel;Juliane;MARCELA;VALIDADO;
LPCO;GO;101.0;11.0;SOJA;11715P1745;761 I2X;—;;;S2;P1;BG;30;862;S2;862;30;A;67;5;SIM;1.0;28/08/2026;AGO;Samuel;Juliane;MARCELA;VALIDADO;
LPCO;GO;101.0;11.0;SOJA;11715P1746;761 I2X;—;;;S2;P1;BG;30;830;S2;830;30;A;53;1;SIM;1.0;28/08/2026;AGO;Samuel;Juliane;MARCELA;VALIDADO;
LPCO;GO;101.0;11.0;SOJA;11715P1748;761 I2X;—;;;S2;P1;BG;30;830;S2;830;30;A;53;2;SIM;1.0;28/08/2026;AGO;Samuel;Juliane;MARCELA;VALIDADO;
LPCO;GO;101.0;11.0;SOJA;11715P1749;761 I2X;—;;;S2;P1;BG;30;839;S2;839;30;A;53;3;SIM;1.0;28/08/2026;AGO;Samuel;Juliane;MARCELA;VALIDADO;
LPCO;GO;101.0;11.0;SOJA;11715P1751;761 I2X;—;;;S2;P1;BG;30;845;S2;845;30;A;53;4;SIM;1.0;28/08/2026;AGO;Samuel;Juliane;MARCELA;VALIDADO;
LPCO;GO;101.0;11.0;SOJA;11715P1752;761 I2X;—;;;S2;P1;BG;30;851;S2;851;30;A;53;5;SIM;1.0;28/08/2026;AGO;Samuel;Juliane;MARCELA;VALIDADO;
LPCO;GO;101.0;11.0;SOJA;11715P1754;761 I2X;—;;;S2;P1;BG;30;857;S2;857;30;A;53;6;SIM;1.0;28/08/2026;AGO;Samuel;Juliane;MARCELA;VALIDADO;
LPCO;GO;101.0;11.0;SOJA;11715P2719;761 I2X;—;;;S2;P2;BG;24;1027;S2;1027;24;A;55;6;SIM;1.0;28/08/2026;AGO;Samuel;Juliane;MARCELA;VALIDADO;
LPCO;GO;101.0;11.0;SOJA;11715P2722;761 I2X;—;;;S2;P2;BG;24;1032;S2;1032;24;A;55;5;SIM;1.0;28/08/2026;AGO;Samuel;Juliane;MARCELA;VALIDADO;
LPCO;GO;101.0;11.0;SOJA;11715P2733;761 I2X;—;;;S2;P2;BG;24;1030;C2;1030;24;A;;CORREDOR;SIM;1.0;28/08/2026;AGO;Samuel;Juliane;MARCELA;VALIDADO;
LPCO;GO;101.0;11.0;SOJA;11715P2736;761 I2X;—;;;S2;P2;BG;24;1020;C2;1020;24;A;65;1;SIM;1.0;28/08/2026;AGO;Samuel;Juliane;MARCELA;VALIDADO;
LPCO;GO;101.0;11.0;SOJA;11715P2740;761 I2X;—;;;S2;P2;BG;24;1025;C2;1025;24;A;65;3;SIM;1.0;28/08/2026;AGO;Samuel;Juliane;MARCELA;VALIDADO;
LPCO;GO;101.0;11.0;SOJA;11715P2747;761 I2X;—;;;S2;P2;BG;24;1030;C2;1030;24;A;65;5;SIM;1.0;28/08/2026;AGO;Samuel;Juliane;MARCELA;VALIDADO;
LPCO;GO;101.0;11.0;SOJA;11715P2750;761 I2X;—;;;S2;P2;BG;24;1012;C2;1012;24;A;30;1;SIM;1.0;28/08/2026;AGO;Samuel;Juliane;MARCELA;VALIDADO;
LPCO;GO;101.0;11.0;SOJA;11715P2753;761 I2X;—;;;S2;P2;BG;24;1023;C2;1023;24;A;30;2;SIM;1.0;28/08/2026;AGO;Samuel;Juliane;MARCELA;VALIDADO;
LPCO;GO;101.0;11.0;SOJA;11728P1014;6930I2X;—;;;C2;P1;BG;30;804;C2;804;30;A;32;3;SIM;1.0;28/08/2026;AGO;Samuel;Juliane;MARCELA;VALIDADO;
LPCO;GO;101.0;11.0;SOJA;11728P1016;6930I2X;—;;;C2;P1;BG;29;842;C2;842;29;A;32;2;SIM;1.0;28/08/2026;AGO;Samuel;Juliane;MARCELA;VALIDADO;
LPCO;GO;101.0;11.0;SOJA;11728P1024;6930I2X;—;;;C2;P1;BG;30;836;C2;836;30;A;;CORREDOR;SIM;1.0;28/08/2026;AGO;Samuel;Juliane;MARCELA;VALIDADO;
LPCO;GO;101.0;11.0;SOJA;11728P1027;6930I2X;—;;;C2;P1;BG;2;835;C2;835;2;A;30;3;SIM;1.0;28/08/2026;AGO;Samuel;Juliane;MARCELA;VALIDADO;
LPCO;GO;101.0;11.0;SOJA;11728P2005;6930I2X;—;;;C2;P2;BG;24;1010;C2;1010;24;A;36;2;SIM;1.0;28/08/2026;AGO;Samuel;Juliane;MARCELA;VALIDADO;
LPCO;GO;101.0;11.0;SOJA;11728P2007;6930I2X;—;;;C2;P2;BG;15;1010;C2;1010;15;A;36;3;SIM;1.0;28/08/2026;AGO;Samuel;Juliane;MARCELA;VALIDADO;
LPCO;GO;101.0;11.0;SOJA;11728P2009;6930I2X;—;;;C2;P2;BG;24;1021;C2;1021;24;A;36;4;SIM;1.0;28/08/2026;AGO;Samuel;Juliane;MARCELA;VALIDADO;
LPCO;GO;101.0;11.0;SOJA;11728P2011;6930I2X;—;;;C2;P2;BG;24;1019;C2;1019;24;A;36;5;SIM;1.0;28/08/2026;AGO;Samuel;Juliane;MARCELA;VALIDADO;
LPCO;GO;101.0;11.0;SOJA;11728P2013;6930I2X;—;;;C2;P2;BG;24;1056;C2;1056;24;A;36;6;SIM;1.0;28/08/2026;AGO;Samuel;Juliane;MARCELA;VALIDADO;
LPCO;GO;101.0;11.0;SOJA;11728P2015;6930I2X;—;;;C2;P2;BG;24;1065;C2;1065;24;A;36;7;SIM;1.0;28/08/2026;AGO;Samuel;Juliane;MARCELA;VALIDADO;
LPCO;GO;101.0;11.0;SOJA;11728P2017;6930I2X;—;;;C2;P2;BG;24;1007;C2;1007;24;A;31;2;SIM;1.0;28/08/2026;AGO;Samuel;Juliane;MARCELA;VALIDADO;
LPCO;GO;101.0;11.0;SOJA;11728P2021;6930I2X;—;;;C2;P2;BG;24;1034;C2;1034;24;A;32;1;SIM;1.0;28/08/2026;AGO;Samuel;Juliane;MARCELA;VALIDADO;
LPCO;GO;101.0;11.0;SOJA;11728P2025;6930I2X;—;;;C2;P2;BG;24;1050;C2;1050;24;A;31;3;SIM;1.0;28/08/2026;AGO;Samuel;Juliane;MARCELA;VALIDADO;
LPCO;GO;101.0;11.0;SOJA;11741P1301;NEO801 CE;—;;;C2;P1;BG;30;815;C2;815;30;B;89;1;SIM;1.0;28/08/2026;AGO;Samuel;Juliane;MARCELA;VALIDADO;
LPCO;GO;101.0;11.0;SOJA;11741P1304;NEO801 CE;—;;;C2;P1;BG;30;823;C2;823;30;B;89;2;SIM;1.0;28/08/2026;AGO;Samuel;Juliane;MARCELA;VALIDADO;
LPCO;GO;101.0;11.0;SOJA;11741P1306;NEO801 CE;—;;;C2;P1;BG;19;832;C2;832;19;B;89;3;SIM;1.0;28/08/2026;AGO;Samuel;Juliane;MARCELA;VALIDADO;
LPCO;GO;101.0;11.0;SOJA;11741P1309;NEO801 CE;—;;;C2;P1;BG;30;689;C2;689;30;A;46;1;SIM;1.0;28/08/2026;AGO;Samuel;Juliane;MARCELA;VALIDADO;
LPCO;GO;101.0;11.0;SOJA;11741P1310;NEO801 CE;—;;;C2;P1;BG;30;668;C2;668;30;A;46;2;SIM;1.0;28/08/2026;AGO;Samuel;Juliane;MARCELA;VALIDADO;
LPCO;GO;101.0;11.0;SOJA;11741P1312;NEO801 CE;—;;;C2;P1;BG;30;668;C2;668;30;A;46;3;SIM;1.0;28/08/2026;AGO;Samuel;Juliane;MARCELA;VALIDADO;
LPCO;GO;101.0;11.0;SOJA;11741P1314;NEO801 CE;—;;;C2;P1;BG;30;673;C2;673;30;A;46;4;SIM;1.0;28/08/2026;AGO;Samuel;Juliane;MARCELA;VALIDADO;
LPCO;GO;101.0;11.0;SOJA;11741P1315;NEO801 CE;—;;;C2;P1;BG;30;669;C2;669;30;A;46;5;SIM;1.0;28/08/2026;AGO;Samuel;Juliane;MARCELA;VALIDADO;
LPCO;GO;101.0;11.0;SOJA;11741P1317;NEO801 CE;—;;;C2;P1;BG;30;676;C2;676;30;A;46;6;SIM;1.0;28/08/2026;AGO;Samuel;Juliane;MARCELA;VALIDADO;
LPCO;GO;101.0;11.0;SOJA;11741P1319;NEO801 CE;—;;;C2;P1;BG;30;667;C2;667;30;A;46;7;SIM;1.0;28/08/2026;AGO;Samuel;Juliane;MARCELA;VALIDADO;
LPCO;GO;101.0;11.0;SOJA;11741P1320;NEO801 CE;—;;;C2;P1;BG;30;680;C2;680;30;A;44;1;SIM;1.0;28/08/2026;AGO;Samuel;Juliane;MARCELA;VALIDADO;
LPCO;GO;101.0;11.0;SOJA;11741P1322;NEO801 CE;—;;;C2;P1;BG;30;703;C2;703;30;A;44;2;SIM;1.0;28/08/2026;AGO;Samuel;Juliane;MARCELA;VALIDADO;
LPCO;GO;101.0;11.0;SOJA;11741P1324;NEO801 CE;—;;;C2;P1;BG;11;702;C2;702;11;A;44;3;SIM;1.0;28/08/2026;AGO;Samuel;Juliane;MARCELA;VALIDADO;
LPCO;GO;101.0;11.0;SOJA;11741P2303;NEO801 CE;—;;;C2;P2;BG;27;1000;C2;1000;27;B;88;2;SIM;1.0;28/08/2026;AGO;Samuel;Juliane;MARCELA;VALIDADO;
LPCO;GO;101.0;11.0;SOJA;11741P2305;NEO801 CE;—;;;C2;P2;BG;24;1019;C2;1019;24;B;88;3;SIM;1.0;28/08/2026;AGO;Samuel;Juliane;MARCELA;VALIDADO;
LPCO;GO;101.0;11.0;SOJA;11741P2307;NEO801 CE;—;;;C2;P2;BG;14;955;C2;955;14;A;;CORREDOR;SIM;1.0;28/08/2026;AGO;Samuel;Juliane;MARCELA;VALIDADO;
LPCO;GO;101.0;11.0;SOJA;11741P2308;NEO801 CE;—;;;C2;P2;BG;30;884;C2;884;30;A;45;1;SIM;1.0;28/08/2026;AGO;Samuel;Juliane;MARCELA;VALIDADO;
LPCO;GO;101.0;11.0;SOJA;11741P2311;NEO801 CE;—;;;C2;P2;BG;30;859;C2;859;30;A;45;2;SIM;1.0;28/08/2026;AGO;Samuel;Juliane;MARCELA;VALIDADO;
LPCO;GO;101.0;11.0;SOJA;11741P2313;NEO801 CE;—;;;C2;P2;BG;30;868;C2;868;30;A;45;4;SIM;1.0;28/08/2026;AGO;Samuel;Juliane;MARCELA;VALIDADO;
LPCO;GO;101.0;11.0;SOJA;11741P2316;NEO801 CE;—;;;C2;P2;BG;30;861;C2;861;30;A;45;3;SIM;1.0;28/08/2026;AGO;Samuel;Juliane;MARCELA;VALIDADO;
LPCO;GO;101.0;11.0;SOJA;11741P2321;NEO801 CE;—;;;C2;P2;BG;30;880;C2;880;30;A;45;7;SIM;1.0;28/08/2026;AGO;Samuel;Juliane;MARCELA;VALIDADO;
LPCO;GO;101.0;11.0;SOJA;11741P2325;NEO801 CE;—;;;C2;P2;BG;21;884;C2;884;21;A;44;4;SIM;1.0;28/08/2026;AGO;Samuel;Juliane;MARCELA;VALIDADO;
LPCO;GO;101.0;11.0;SOJA;11743P1417;22213I2X;—;;;C2;P1;BG;30;761;C2;761;30;B;85;1;SIM;1.0;28/08/2026;AGO;Samuel;Juliane;MARCELA;VALIDADO;
LPCO;GO;101.0;11.0;SOJA;11743P1420;22213I2X;—;;;C2;P1;BG;30;733;C2;733;30;B;85;2;SIM;1.0;28/08/2026;AGO;Samuel;Juliane;MARCELA;VALIDADO;
LPCO;GO;101.0;11.0;SOJA;11743P1422;22213I2X;—;;;C2;P1;BG;30;748;C2;748;30;B;85;3;SIM;1.0;28/08/2026;AGO;Samuel;Juliane;MARCELA;VALIDADO;
LPCO;GO;101.0;11.0;SOJA;11743P1424;22213I2X;—;;;C2;P1;BG;23;731;C1;731;23;B;85;4;SIM;1.0;28/08/2026;AGO;Samuel;Juliane;MARCELA;VALIDADO;
LPCO;GO;101.0;11.0;SOJA;11743P2418;22213I2X;—;;;C2;P2;BG;27;953;C1;953;27;B;86;1;SIM;1.0;28/08/2026;AGO;Samuel;Juliane;MARCELA;VALIDADO;
LPCO;GO;101.0;11.0;SOJA;11743P2419;22213I2X;—;;;C2;P2;BG;27;936;C1;936;27;B;86;2;SIM;1.0;28/08/2026;AGO;Samuel;Juliane;MARCELA;VALIDADO;
LPCO;GO;101.0;11.0;SOJA;11743P2421;22213I2X;—;;;C2;P2;BG;27;948;C1;948;27;B;86;3;SIM;1.0;28/08/2026;AGO;Samuel;Juliane;MARCELA;VALIDADO;
LPCO;GO;101.0;11.0;SOJA;11743P2423;22213I2X;—;;;C2;P2;BG;27;929;C1;929;27;B;86;4;SIM;1.0;28/08/2026;AGO;Samuel;Juliane;MARCELA;VALIDADO;
LPCO;GO;101.0;11.0;SOJA;11743P2425;22213I2X;—;;;C2;P2;BG;14;949;C1;949;14;B;86;6;SIM;1.0;28/08/2026;AGO;Samuel;Juliane;MARCELA;VALIDADO;
LPCO;GO;101.0;11.0;SOJA;11754P1401;7222I2X;—;;;C1;P1;BG;24;1050;C1;1050;24;A;;CORREDOR;SIM;1.0;28/08/2026;AGO;Samuel;Juliane;MARCELA;VALIDADO;
LPCO;GO;101.0;11.0;SOJA;11754P1403;7222I2X;—;;;C1;P1;BG;17;1031;C1;1031;17;A;48;CORREDOR;SIM;1.0;28/08/2026;AGO;Samuel;Juliane;MARCELA;VALIDADO;
LPCO;GO;101.0;11.0;SOJA;11754P1405;7222I2X;—;;;C1;P1;BG;24;1029;C1;1029;24;A;43;1;SIM;1.0;28/08/2026;AGO;Samuel;Juliane;MARCELA;VALIDADO;
LPCO;GO;101.0;11.0;SOJA;11754P2402;7222I2X;—;;;C1;P2;BG;18;1203;C1;1203;18;A;44;5;SIM;1.0;28/08/2026;AGO;Samuel;Juliane;MARCELA;VALIDADO;
LPCO;GO;101.0;11.0;SOJA;11754P2404;7222I2X;—;;;C1;P2;BG;18;1201;C1;1201;18;A;;CORREDOR;SIM;1.0;28/08/2026;AGO;Samuel;Juliane;MARCELA;VALIDADO;
LPCO;GO;101.0;11.0;SOJA;11754P2406;7222I2X;—;;;C1;P2;BG;9;1200;C1;1200;9;A;48;CORREDOR;SIM;1.0;28/08/2026;AGO;Samuel;Juliane;MARCELA;VALIDADO;
LPCO;GO;101.0;11.0;SOJA;11757P1803;NEO780 CE;—;;;C1;P1;BG;30;848;C1;848;30;B;82;2;SIM;1.0;28/08/2026;AGO;Samuel;Juliane;MARCELA;VALIDADO;
LPCO;GO;101.0;11.0;SOJA;11757P1805;NEO780 CE;—;;;C1;P1;BG;30;855;C1;855;30;B;82;3;SIM;1.0;28/08/2026;AGO;Samuel;Juliane;MARCELA;VALIDADO;
LPCO;GO;101.0;11.0;SOJA;11757P1807;NEO780 CE;—;;;C1;P1;BG;30;846;C1;846;30;B;82;4;SIM;1.0;28/08/2026;AGO;Samuel;Juliane;MARCELA;VALIDADO;
LPCO;GO;101.0;11.0;SOJA;11757P1810;NEO780 CE;—;;;C1;P1;BG;2;851;C1;851;2;B;;CORREDOR;SIM;1.0;28/08/2026;AGO;Samuel;Juliane;MARCELA;VALIDADO;
LPCO;GO;101.0;11.0;SOJA;11757P2804;NEO780 CE;—;;;C1;P2;BG;24;1032;C1;1032;24;B;;CORREDOR;SIM;1.0;28/08/2026;AGO;Samuel;Juliane;MARCELA;VALIDADO;
LPCO;GO;101.0;11.0;SOJA;11757P2806;NEO780 CE;—;;;C1;P2;BG;24;1032;C1;1032;24;B;;CORREDOR;SIM;1.0;28/08/2026;AGO;Samuel;Juliane;MARCELA;VALIDADO;
LPCO;GO;101.0;11.0;SOJA;11757P2809;NEO780 CE;—;;;C1;P2;BG;4;1029;C1;1029;4;B;86;CORREDOR;SIM;1.0;28/08/2026;AGO;Samuel;Juliane;MARCELA;VALIDADO;
LPCO;GO;101.0;11.0;SOJA;11758P1502;C2705CE;—;;;C1;P1;BG;27;913;C1;913;27;B;74;1;SIM;1.0;28/08/2026;AGO;Samuel;Juliane;MARCELA;VALIDADO;
LPCO;GO;101.0;11.0;SOJA;11758P1503;C2705CE;—;;;C1;P1;BG;27;917;C1;917;27;B;74;2;SIM;1.0;28/08/2026;AGO;Samuel;Juliane;MARCELA;VALIDADO;
LPCO;GO;101.0;11.0;SOJA;11758P1505;C2705CE;—;;;C1;P1;BG;27;912;C1;912;27;B;74;3;SIM;1.0;28/08/2026;AGO;Samuel;Juliane;MARCELA;VALIDADO;
LPCO;GO;101.0;11.0;SOJA;11758P1507;C2705CE;—;;;C1;P1;BG;4;905;C1;905;4;A;74;3;SIM;1.0;28/08/2026;AGO;Samuel;Juliane;MARCELA;VALIDADO;
LPCO;GO;101.0;11.0;SOJA;11758P2501;C2705CE;—;;;C1;P2;BG;24;1112;C1;1112;24;B;100;4;SIM;1.0;28/08/2026;AGO;Samuel;Juliane;MARCELA;VALIDADO;
LPCO;GO;101.0;11.0;SOJA;11758P2504;C2705CE;—;;;C1;P2;BG;24;1102;C1;1102;24;A;73;2;SIM;1.0;28/08/2026;AGO;Samuel;Juliane;MARCELA;VALIDADO;
LPCO;GO;101.0;11.0;SOJA;11758P2506;C2705CE;—;;;C1;P2;BG;21;1105;C1;1105;21;B;77;4;SIM;1.0;28/08/2026;AGO;Samuel;Juliane;MARCELA;VALIDADO;
LPCO;GO;101.0;11.0;SOJA;11759P1409;NEO811 I2X;—;;;C1;P1;BG;30;652;C1;652;30;B;84;4;SIM;1.0;28/08/2026;AGO;Samuel;Juliane;MARCELA;VALIDADO;
LPCO;GO;101.0;11.0;SOJA;11759P1410;NEO811 I2X;—;;;C1;P1;BG;30;656;C1;656;30;B;83;1;SIM;1.0;28/08/2026;AGO;Samuel;Juliane;MARCELA;VALIDADO;
LPCO;GO;101.0;11.0;SOJA;11759P1412;NEO811 I2X;—;;;C1;P1;BG;15;656;C1;656;15;B;83;2;SIM;1.0;28/08/2026;AGO;Samuel;Juliane;MARCELA;VALIDADO;
LPCO;GO;101.0;11.0;SOJA;11759P1414;NEO811 I2X;—;;;C1;P1;BG;30;658;C2;658;30;B;83;3;SIM;1.0;28/08/2026;AGO;Samuel;Juliane;MARCELA;VALIDADO;
LPCO;GO;101.0;11.0;SOJA;11759P1415;NEO811 I2X;—;;;C1;P1;BG;18;640;C1;640;18;B;84;4;SIM;1.0;28/08/2026;AGO;Samuel;Juliane;MARCELA;VALIDADO;
LPCO;GO;101.0;11.0;SOJA;11759P2408;NEO811 I2X;—;;;C1;P2;BG;25;809;C1;809;25;B;84;1;SIM;1.0;28/08/2026;AGO;Samuel;Juliane;MARCELA;VALIDADO;
LPCO;GO;101.0;11.0;SOJA;11759P2411;NEO811 I2X;—;;;C1;P2;BG;30;801;C1;801;30;B;84;2;SIM;1.0;28/08/2026;AGO;Samuel;Juliane;MARCELA;VALIDADO;
LPCO;GO;101.0;11.0;SOJA;11759P2413;NEO811 I2X;—;;;C1;P2;BG;30;826;C1;826;30;B;84;3;SIM;1.0;28/08/2026;AGO;Samuel;Juliane;MARCELA;VALIDADO;
LPCO;GO;101.0;11.0;SOJA;11759P2416;NEO811 I2X;—;;;C1;P2;BG;1;794;C1;794;1;B;84;4;SIM;1.0;28/08/2026;AGO;Samuel;Juliane;MARCELA;VALIDADO;
LPCO;GO;101.0;11.0;SOJA;11741P2302;NEO801 CE;—;;;C2;P2;BG;24;1003;C2;1003;24;B;88;1;SIM;1.0;28/08/2026;AGO;Samuel;Juliane;MARCELA;VALIDADO;
LPCO;GO;101.0;11.0;SOJA;11714P1101;O790 IPRO;FORTENZA DUO + INOCULANTE + ENRAIZANTE + ARVATICO;;;S1;P1;BG;30;850;S1;850;30;;;;SIM;1.0;28/08/2026;AGO;Samuel;Juliane;MARCELA;VALIDADO;
LPCO;GO;101.0;11.0;SOJA;11714P1107;O790 IPRO;FORTENZA DUO + INOCULANTE + ENRAIZANTE + ARVATICO;;;S1;P1;BG;30;814;S1;814;30;;;;SIM;1.0;28/08/2026;AGO;Samuel;Juliane;MARCELA;VALIDADO;
LPCO;GO;101.0;11.0;SOJA;11714P1103;O790 IPRO;FORTENZA DUO + INOCULANTE + ENRAIZANTE + ARVATICO;;;S1;P1;BG;30;801;S1;801;30;;;;SIM;1.0;28/08/2026;AGO;Samuel;Juliane;MARCELA;VALIDADO;
LPCO;GO;101.0;11.0;SOJA;11757P1808;NEO780 CE;—;;;C1;P1;BG;30;1022;C1;1022;30;;;;SIM;1.0;28/08/2026;AGO;Samuel;Juliane;MARCELA;VALIDADO;
LPCO;GO;101.0;11.0;SOJA;11714P1126;O790 IPRO;—;;;S1;P1;BG;30;792;S1;792;30;;;;SIM;1.0;28/08/2026;AGO;Samuel;Juliane;MARCELA;VALIDADO;
LPCO;GO;101.0;11.0;SOJA;11714P1113;O790 IPRO;FORTENZA DUO + INOCULANTE + ENRAIZANTE;;;S1;P1;BG;3;806;S1;806;3;;;;SIM;1.0;28/08/2026;AGO;Samuel;Juliane;MARCELA;VALIDADO;
LPCO;GO;101.0;11.0;SOJA;11714P2114;O790 IPRO;FORTENZA DUO + INOCULANTE + ENRAIZANTE;;;S1;P2;BG;23;775;S1;775;23;;;;SIM;1.0;28/08/2026;AGO;Samuel;Juliane;MARCELA;VALIDADO;
LPCO;GO;101.0;11.0;SOJA;11714P1113;O790 IPRO;FORTENZA DUO + INOCULANTE + ENRAIZANTE + ARVATICO;;;S1;P1;BG;27;801;S1;801;27;;;;SIM;1.0;28/08/2026;AGO;Samuel;Juliane;MARCELA;VALIDADO;
UBS I;GO;101.1;11.1;SOJA;11026273P1204;NEO800 I2X;—;;;S1;P1;BG;30;697;S1;697;30;B;28;1;SIM;1.1;29/08/2026;AGO;Ana Teles;Sergio;CLÁUDIO MESSENAS;VALIDADO;
UBS I;GO;101.2;11.2;SOJA;11026273P1206;NEO800 I2X;—;;;S1;P1;BG;30;680;S1;680;30;B;28;2;SIM;1.2;29/08/2026;AGO;Ana Teles;Sergio;CLÁUDIO MESSENAS;VALIDADO;
UBS I;GO;101.3;11.3;SOJA;11026273P1208;NEO800 I2X;—;;;S1;P1;BG;30;677;S1;677;30;B;27;2;SIM;1.3;29/08/2026;AGO;Ana Teles;Sergio;CLÁUDIO MESSENAS;VALIDADO;
UBS I;GO;101.4;11.4;SOJA;11026273P1209;NEO800 I2X;—;;;S1;P1;BG;30;690;S1;690;30;B;28;3;SIM;1.4;29/08/2026;AGO;Ana Teles;Sergio;CLÁUDIO MESSENAS;VALIDADO;
UBS I;GO;101.5;11.5;SOJA;11026273P1211;NEO800 I2X;—;;;S1;P1;BG;30;674;S1;674;30;B;27;1;SIM;1.5;29/08/2026;AGO;Ana Teles;Sergio;CLÁUDIO MESSENAS;VALIDADO;
UBS I;GO;101.6;11.6;SOJA;11026273P1212;NEO800 I2X;—;;;S1;P1;BG;30;639;S1;639;30;B;27;3;SIM;1.6;29/08/2026;AGO;Ana Teles;Sergio;CLÁUDIO MESSENAS;VALIDADO;
UBS I;GO;101.7;11.7;SOJA;11026273P1268;NEO800 I2X;—;;;S1;P1;BG;30;629;S1;629;30;B;22;1;SIM;1.7;29/08/2026;AGO;Ana Teles;Sergio;CLÁUDIO MESSENAS;VALIDADO;
UBS I;GO;101.8;11.8;SOJA;11026273P1270;NEO800 I2X;—;;;S1;P1;BG;30;651;S1;651;30;B;22;2;SIM;1.8;29/08/2026;AGO;Ana Teles;Sergio;CLÁUDIO MESSENAS;VALIDADO;
UBS I;GO;101.9;11.9;SOJA;11026273P1272;NEO800 I2X;—;;;S1;P1;BG;30;628;S1;628;30;B;31;3;SIM;1.9;29/08/2026;AGO;Ana Teles;Sergio;CLÁUDIO MESSENAS;VALIDADO;
UBS I;GO;101.10;11.10;SOJA;11026273P1274;NEO800 I2X;—;;;S1;P1;BG;30;649;S1;649;30;B;24;3;SIM;1.10;29/08/2026;AGO;Ana Teles;Sergio;CLÁUDIO MESSENAS;VALIDADO;
UBS I;GO;101.11;11.11;SOJA;11026273P1276;NEO800 I2X;—;;;S1;P1;BG;30;664;S1;664;30;B;21;2;SIM;1.11;29/08/2026;AGO;SAMUEL DE OLIVEIRA SILVA;MATHEUS AUGUSTO;CLÁUDIO MESSENAS;VALIDADO;
UBS I;GO;101.12;11.12;SOJA;11026273P1278;NEO800 I2X;—;;;S1;P1;BG;30;645;S1;645;30;B;21;1;SIM;1.12;29/08/2026;AGO;SAMUEL DE OLIVEIRA SILVA;MATHEUS AUGUSTO;CLÁUDIO MESSENAS;VALIDADO;
UBS I;GO;101.13;11.13;SOJA;11026739P2331;NEO700 I2X;—;;;S2;P2;BG;27;939;S2;939;27;C;17;2;SIM;1.13;29/08/2026;AGO;SAMUEL DE OLIVEIRA SILVA;MATHEUS AUGUSTO;CLÁUDIO MESSENAS;VALIDADO;
UBS I;GO;101.14;11.14;SOJA;11026764P2292;NEO791 CE;—;;;C1;P2;BG;24;770;C1;770;24;B;18;4;SIM;1.14;29/08/2026;AGO;SAMUEL DE OLIVEIRA SILVA;MATHEUS AUGUSTO;CLÁUDIO MESSENAS;VALIDADO;
UBS I;GO;101.15;11.15;SOJA;11026739P1006;NEO700 I2X;FORTENZA DUO + INOCULANTE + ENRAIZANTE + VICTRATO;;;C2;P1;BG;12;795;C2;795;12;C;15;3;SIM;1.15;29/08/2026;AGO;SAMUEL DE OLIVEIRA SILVA;MATHEUS AUGUSTO;CLÁUDIO MESSENAS;VALIDADO;
UBS I;GO;101.16;11.16;SOJA;11026273P1311;NEO800 I2X;FORTENZA DUO;;;S1;P1;BG;30;628;S1;628;30;C;23;2;SIM;1.16;29/08/2026;AGO;SAMUEL DE OLIVEIRA SILVA;MATHEUS AUGUSTO;CLÁUDIO MESSENAS;VALIDADO;
UBS I;GO;101.17;11.17;SOJA;11026273P1312;NEO800 I2X;FORTENZA DUO;;;S1;P1;BG;30;635;S1;635;30;C;23;1;SIM;1.17;29/08/2026;AGO;SAMUEL DE OLIVEIRA SILVA;MATHEUS AUGUSTO;CLÁUDIO MESSENAS;VALIDADO;
UBS I;GO;101.18;11.18;SOJA;11026739P1006;NEO700 I2X;FORTENZA DUO + INOCULANTE + ENRAIZANTE;;;C2;P1;BG;6;795;C2;795;6;C;;CORREDOR;SIM;1.18;29/08/2026;AGO;SAMUEL DE OLIVEIRA SILVA;MATHEUS AUGUSTO;CLÁUDIO MESSENAS;VALIDADO;
UBS I;GO;101.19;11.19;SOJA;11026273P1317;NEO800 I2X;—;;;S1;P1;BG;30;641;S1;641;30;C;21;4;SIM;1.19;29/08/2026;AGO;SAMUEL DE OLIVEIRA SILVA;MATHEUS AUGUSTO;CLÁUDIO MESSENAS;VALIDADO;
UBS I;GO;101.20;11.20;SOJA;11026739P1030;NEO700 I2X;FORTENZA DUO + INOCULANTE + ENRAIZANTE;;;C2;P1;BG;7;803;C2;803;7;C;12;3;SIM;1.20;29/08/2026;AGO;SAMUEL DE OLIVEIRA SILVA;MATHEUS AUGUSTO;CLÁUDIO MESSENAS;VALIDADO;
UBS I;GO;101.21;11.21;SOJA;11026273P2205;NEO800 I2X;—;;;S1;P2;BG;30;854;S1;854;30;B;25;1;SIM;1.21;29/08/2026;AGO;Ana Teles;Sergio;CLÁUDIO MESSENAS;VALIDADO;
UBS I;GO;101.22;11.22;SOJA;11026273P2207;NEO800 I2X;—;;;S1;P2;BG;30;838;S1;838;30;B;22;3;SIM;1.22;29/08/2026;AGO;Ana Teles;Sergio;CLÁUDIO MESSENAS;VALIDADO;
UBS I;GO;101.23;11.23;SOJA;11026273P2210;NEO800 I2X;—;;;S1;P2;BG;30;822;S1;822;30;B;25;2;SIM;1.23;29/08/2026;AGO;Ana Teles;Sergio;CLÁUDIO MESSENAS;VALIDADO;
UBS I;GO;101.24;11.24;SOJA;11026739P2331;NEO700 I2x;SOLUÇÃO OURO;;;S2;P2;BG;3;939;S2;939;3;C;12;4;SIM;1.24;29/08/2026;AGO;SAMUEL DE OLIVEIRA SILVA;MATHEUS AUGUSTO;CLÁUDIO MESSENAS;VALIDADO;
UBS I;GO;101.25;11.25;SOJA;11026273P2269;NEO800 I2X;—;;;S1;P2;BG;30;814;S1;814;30;B;32;3;SIM;1.25;29/08/2026;AGO;SAMUEL DE OLIVEIRA SILVA;MATHEUS AUGUSTO;CLÁUDIO MESSENAS;VALIDADO;
UBS I;GO;101.26;11.26;SOJA;11026273P2271;NEO800 I2X;—;;;S1;P2;BG;30;834;S1;834;30;B;32;2;SIM;1.26;29/08/2026;AGO;Ana Teles;Sergio;CLÁUDIO MESSENAS;VALIDADO;
UBS I;GO;101.27;11.27;SOJA;11026273P2273;NEO800 I2X;—;;;S1;P2;BG;30;828;S1;828;30;B;31;1;SIM;1.27;29/08/2026;AGO;Ana Teles;Sergio;CLÁUDIO MESSENAS;VALIDADO;
UBS I;GO;101.28;11.28;SOJA;11026273P2275;NEO800 I2X;—;;;S1;P2;BG;30;862;S1;862;30;B;32;1;SIM;1.28;29/08/2026;AGO;Ana Teles;Sergio;CLÁUDIO MESSENAS;VALIDADO;
UBS I;GO;101.29;11.29;SOJA;11026273P2277;NEO800 I2X;—;;;S1;P2;BG;30;852;S1;852;30;B;31;2;SIM;1.29;29/08/2026;AGO;Ana Teles;Sergio;CLÁUDIO MESSENAS;VALIDADO;
UBS I;GO;101.30;11.30;SOJA;11026273P2279;NEO800 I2X;FORTENZA DUO + INOCULANTE + ENRAIZANTE ;;;S1;P2;BG;26;835;S1;835;26;C;37;1;SIM;1.30;29/08/2026;AGO;SAMUEL DE OLIVEIRA SILVA;MATHEUS AUGUSTO;CLÁUDIO MESSENAS;VALIDADO;
UBS I;GO;101.31;11.31;SOJA;11026739P1030;NEO700 I2X;SOLUÇÃO OURO;;;C2;P1;BG;1;803;C2;803;1;C;8;4;SIM;1.31;29/08/2026;AGO;SAMUEL DE OLIVEIRA SILVA;MATHEUS AUGUSTO;CLÁUDIO MESSENAS;VALIDADO;
UBS I;GO;101.32;11.32;SOJA;11026739P1015;NEO700 I2X;SOLUÇÃO OURO;;;C2;P1;BG;7;787;C2;787;7;C;8;3;SIM;1.32;29/08/2026;AGO;SAMUEL DE OLIVEIRA SILVA;MATHEUS AUGUSTO;CLÁUDIO MESSENAS;VALIDADO;
UBS I;GO;101.33;11.33;SOJA;11026764P2292;NEO791 CE;FORTENZA DUO + INOCULANTE + ENRAIZANTE;;;C1;P2;SC;150;30;C1;30;150;B;21;5;SIM;1.33;29/08/2026;AGO;SAMUEL DE OLIVEIRA SILVA;MATHEUS AUGUSTO;CLÁUDIO MESSENAS;VALIDADO;
UBS I;GO;101.34;11.34;SOJA;11026273P2309;NEO800 I2X;—;;;S1;P2;BG;30;833;S1;833;30;C;21;3;SIM;1.34;29/08/2026;AGO;SAMUEL DE OLIVEIRA SILVA;MATHEUS AUGUSTO;CLÁUDIO MESSENAS;VALIDADO;
UBS I;GO;101.35;11.35;SOJA;11026739P1030;NEO700 I2X;SOLUÇÃO OURO;;;C2;P1;BG;22;803;C2;803;22;C;29;1;SIM;1.35;29/08/2026;AGO;SAMUEL DE OLIVEIRA SILVA;MATHEUS AUGUSTO;CLÁUDIO MESSENAS;VALIDADO;
UBS I;GO;101.36;11.36;SOJA;11026273P2313;NEO800 I2X;—;;;S1;P2;BG;30;827;S1;827;30;C;21;2;SIM;1.36;29/08/2026;AGO;SAMUEL DE OLIVEIRA SILVA;MATHEUS AUGUSTO;CLÁUDIO MESSENAS;VALIDADO;
UBS I;GO;101.37;11.37;SOJA;11026273P1281;NEO800 I2X;—;;;S1;P1;BG;30;652;S1;652;30;B;8;1;SIM;1.37;29/08/2026;AGO;SAMUEL DE OLIVEIRA SILVA;MATHEUS AUGUSTO;CLÁUDIO MESSENAS;VALIDADO;
UBS I;GO;101.38;11.38;SOJA;11026273P2316;NEO800 I2X;—;;;S1;P2;BG;30;828;S1;828;30;C;36;2;SIM;1.38;29/08/2026;AGO;SAMUEL DE OLIVEIRA SILVA;MATHEUS AUGUSTO;CLÁUDIO MESSENAS;VALIDADO;
UBS I;GO;101.39;11.39;SOJA;11026273P2318;NEO800 I2X;—;;;S1;P2;BG;30;840;S1;840;30;C;36;3;SIM;1.39;29/08/2026;AGO;SAMUEL DE OLIVEIRA SILVA;MATHEUS AUGUSTO;CLÁUDIO MESSENAS;VALIDADO;
UBS I;GO;101.40;11.40;SOJA;11026273P1306;NEO800 I2X;—;;;S1;P1;BG;30;660;S1;660;30;B;8;2;SIM;1.40;29/08/2026;AGO;SAMUEL DE OLIVEIRA SILVA;MATHEUS AUGUSTO;CLÁUDIO MESSENAS;VALIDADO;
UBS I;GO;101.41;11.41;SOJA;11026714P1187;NEO790 IPRO;—;;;S1;P1;BG;30;765;S1;765;30;B;16;1;SIM;1.41;29/08/2026;AGO;SAMUEL DE OLIVEIRA SILVA;MATHEUS AUGUSTO;CLÁUDIO MESSENAS;VALIDADO;
UBS I;GO;101.42;11.42;SOJA;11026714P1188;NEO790 IPRO;—;;;S1;P1;BG;30;771;S1;771;30;B;16;2;SIM;1.42;29/08/2026;AGO;SAMUEL DE OLIVEIRA SILVA;MATHEUS AUGUSTO;CLÁUDIO MESSENAS;VALIDADO;
UBS I;GO;101.43;11.43;SOJA;11026714P1190;NEO790 IPRO;—;;;S1;P1;BG;30;780;S1;780;30;B;17;3;SIM;1.43;29/08/2026;AGO;SAMUEL DE OLIVEIRA SILVA;MATHEUS AUGUSTO;CLÁUDIO MESSENAS;VALIDADO;
UBS I;GO;101.44;11.44;SOJA;11026273P1308;NEO800 I2X;—;;;S1;P1;BG;30;645;S1;645;30;B;8;3;SIM;1.44;29/08/2026;AGO;SAMUEL DE OLIVEIRA SILVA;MATHEUS AUGUSTO;CLÁUDIO MESSENAS;VALIDADO;
UBS I;GO;101.45;11.45;SOJA;11026714P1194;NEO790 IPRO;—;;;S1;P1;BG;30;695;S1;695;30;B;16;3;SIM;1.45;29/08/2026;AGO;SAMUEL DE OLIVEIRA SILVA;MATHEUS AUGUSTO;CLÁUDIO MESSENAS;VALIDADO;
UBS I;GO;101.46;11.46;SOJA;11026714P1196;NEO790 IPRO;—;;;S1;P1;BG;30;694;S1;694;30;B;13;2;SIM;1.46;29/08/2026;AGO;Ana Teles;Sergio;CLÁUDIO MESSENAS;VALIDADO;
UBS I;GO;101.47;11.47;SOJA;11026714P1200;NEO790 IPRO;—;;;S1;P1;BG;30;696;S1;696;30;B;13;1;SIM;1.47;29/08/2026;AGO;Ana Teles;Sergio;CLÁUDIO MESSENAS;VALIDADO;
UBS I;GO;101.48;11.48;SOJA;11026714P1203;NEO790 IPRO;—;;;S1;P1;BG;30;711;S1;711;30;B;41;1;SIM;1.48;29/08/2026;AGO;Ana Teles;Sergio;CLÁUDIO MESSENAS;VALIDADO;
UBS I;GO;101.49;11.49;SOJA;11026714P1238;NEO790 IPRO;—;;;S1;P1;BG;30;706;S1;706;30;A;4;3;SIM;1.49;29/08/2026;AGO;Ana Teles;Sergio;CLÁUDIO MESSENAS;VALIDADO;
UBS I;GO;101.50;11.50;SOJA;11026714P1240;NEO790 IPRO;—;;;S1;P1;BG;30;705;S1;705;30;A;4;2;SIM;1.50;29/08/2026;AGO;Ana Teles;Sergio;CLÁUDIO MESSENAS;VALIDADO;
UBS I;GO;101.51;11.51;SOJA;11026714P1242;NEO790 IPRO;—;;;S1;P1;BG;30;705;S1;705;30;A;4;1;SIM;1.51;29/08/2026;AGO;Ana Teles;Sergio;CLÁUDIO MESSENAS;VALIDADO;
UBS I;GO;101.52;11.52;SOJA;11026714P1245;NEO790 IPRO;—;;;S1;P1;BG;30;711;S1;711;30;B;36;2;SIM;1.52;29/08/2026;AGO;Ana Teles;Sergio;CLÁUDIO MESSENAS;VALIDADO;
UBS I;GO;101.53;11.53;SOJA;11026714P1248;NEO790 IPRO;—;;;S1;P1;BG;30;707;S1;707;30;B;36;1;SIM;1.53;29/08/2026;AGO;Ana Teles;Sergio;CLÁUDIO MESSENAS;VALIDADO;
UBS I;GO;101.54;11.54;SOJA;11026714P1251;NEO790 IPRO;FORTENZA DUO + INOCULANTE + ENRAIZANTE + VICTRATO;;;S1;P1;BG;30;701;S1;701;30;B;-;CORREDOR;SIM;1.54;29/08/2026;AGO;SAMUEL DE OLIVEIRA SILVA;MATHEUS AUGUSTO;CLÁUDIO MESSENAS;VALIDADO;
UBS I;GO;101.55;11.55;SOJA;11026714P1253;NEO790 IPRO;—;;;S1;P1;BG;30;700;S1;700;30;B;36;3;SIM;1.55;29/08/2026;AGO;Ana Teles;Sergio;CLÁUDIO MESSENAS;VALIDADO;
UBS I;GO;101.56;11.56;SOJA;11026714P1256;NEO790 IPRO;—;;;S1;P1;BG;30;708;S1;708;30;B;34;2;SIM;1.56;29/08/2026;AGO;Ana Teles;Sergio;CLÁUDIO MESSENAS;VALIDADO;
UBS I;GO;101.57;11.57;SOJA;11026714P1259;NEO790 IPRO;—;;;S1;P1;BG;30;702;S1;702;30;B;41;3;SIM;1.57;29/08/2026;AGO;Ana Teles;Sergio;CLÁUDIO MESSENAS;VALIDADO;
UBS I;GO;101.58;11.58;SOJA;11026714P1261;NEO790 IPRO;—;;;S1;P1;BG;30;692;S1;692;30;B;34;1;SIM;1.58;29/08/2026;AGO;Ana Teles;Sergio;CLÁUDIO MESSENAS;VALIDADO;
UBS I;GO;101.59;11.59;SOJA;11026714P1263;NEO790 IPRO;—;;;S1;P1;BG;30;705;S1;705;30;B;41;2;SIM;1.59;29/08/2026;AGO;Ana Teles;Sergio;CLÁUDIO MESSENAS;VALIDADO;
UBS I;GO;101.60;11.60;SOJA;11026273P1315;NEO800 I2X;—;;;S1;P1;BG;30;648;S1;648;30;C;12;1;SIM;1.60;29/08/2026;AGO;SAMUEL DE OLIVEIRA SILVA;MATHEUS AUGUSTO;CLÁUDIO MESSENAS;VALIDADO;
UBS I;GO;101.61;11.61;SOJA;11026714P1301;NEO790 IPRO;—;;;S1;P1;BG;30;702;S1;702;30;B;19;4;SIM;1.61;29/08/2026;AGO;SAMUEL DE OLIVEIRA SILVA;MATHEUS AUGUSTO;CLÁUDIO MESSENAS;VALIDADO;
UBS I;GO;101.62;11.62;SOJA;11026273P1320;NEO800 I2X;—;;;S1;P1;BG;10;652;S1;652;10;B;5;1;SIM;1.62;29/08/2026;AGO;SAMUEL DE OLIVEIRA SILVA;MATHEUS AUGUSTO;CLÁUDIO MESSENAS;VALIDADO;
UBS I;GO;101.63;11.63;SOJA;11026273P2213;NEO800 I2X;—;;;S1;P2;BG;10;832;S1;832;10;B;7;3;SIM;1.63;29/08/2026;AGO;SAMUEL DE OLIVEIRA SILVA;MATHEUS AUGUSTO;CLÁUDIO MESSENAS;VALIDADO;
UBS I;GO;101.64;11.64;SOJA;11026714P2189;NEO790 IPRO;—;;;S1;P2;BG;27;972;S1;972;27;B;15;1;SIM;1.64;29/08/2026;AGO;SAMUEL DE OLIVEIRA SILVA;MATHEUS AUGUSTO;CLÁUDIO MESSENAS;VALIDADO;
UBS I;GO;101.65;11.65;SOJA;11026273P2280;NEO800 I2X;—;;;S1;P2;BG;30;826;S1;826;30;B;10;3;SIM;1.65;29/08/2026;AGO;SAMUEL DE OLIVEIRA SILVA;MATHEUS AUGUSTO;CLÁUDIO MESSENAS;VALIDADO;
UBS I;GO;101.66;11.66;SOJA;11026714P2193;NEO790 IPRO;—;;;S1;P2;BG;30;895;S1;895;30;B;13;3;SIM;1.66;29/08/2026;AGO;Ana Teles;Sergio;CLÁUDIO MESSENAS;VALIDADO;
UBS I;GO;101.67;11.67;SOJA;11026714P2195;NEO790 IPRO;—;;;S1;P2;BG;30;879;S1;879;30;B;14;1;SIM;1.67;29/08/2026;AGO;SAMUEL DE OLIVEIRA SILVA;MATHEUS AUGUSTO;CLÁUDIO MESSENAS;VALIDADO;
UBS I;GO;101.68;11.68;SOJA;11026714P2197;NEO790 IPRO;—;;;S1;P2;BG;30;882;S1;882;30;A;30;F3;SIM;1.68;29/08/2026;AGO;Ana Teles;Sergio;CLÁUDIO MESSENAS;VALIDADO;
UBS I;GO;101.69;11.69;SOJA;11026714P2198;NEO790 IPRO;—;;;S1;P2;BG;27;921;S1;921;27;B;15;2;SIM;1.69;29/08/2026;AGO;SAMUEL DE OLIVEIRA SILVA;MATHEUS AUGUSTO;CLÁUDIO MESSENAS;VALIDADO;
UBS I;GO;101.70;11.70;SOJA;11026273P2305;NEO800 I2X;—;;;S1;P2;BG;30;837;S1;837;30;B;9;3;SIM;1.70;29/08/2026;AGO;SAMUEL DE OLIVEIRA SILVA;MATHEUS AUGUSTO;CLÁUDIO MESSENAS;VALIDADO;
UBS I;GO;101.71;11.71;SOJA;11026714P2201;NEO790 IPRO;—;;;S1;P2;BG;30;904;S1;904;30;B;12;1;SIM;1.71;29/08/2026;AGO;Ana Teles;Sergio;CLÁUDIO MESSENAS;VALIDADO;
UBS I;GO;101.72;11.72;SOJA;11026714P2202;NEO790 IPRO;—;;;S1;P2;BG;30;909;S1;909;30;B;12;2;SIM;1.72;29/08/2026;AGO;Ana Teles;Sergio;CLÁUDIO MESSENAS;VALIDADO;
UBS I;GO;101.73;11.73;SOJA;11026714P2237;NEO790 IPRO;—;;;S1;P2;BG;30;900;S1;900;30;B;42;2;SIM;1.73;29/08/2026;AGO;Ana Teles;Sergio;CLÁUDIO MESSENAS;VALIDADO;
UBS I;GO;101.74;11.74;SOJA;11026714P2239;NEO790 IPRO;—;;;S1;P2;BG;30;898;S1;898;30;B;42;1;SIM;1.74;29/08/2026;AGO;Ana Teles;Sergio;CLÁUDIO MESSENAS;VALIDADO;
UBS I;GO;101.75;11.75;SOJA;11026714P2241;NEO790 IPRO;—;;;S1;P2;BG;27;927;S1;927;27;B;35;2;SIM;1.75;29/08/2026;AGO;Ana Teles;Sergio;CLÁUDIO MESSENAS;VALIDADO;
UBS I;GO;101.76;11.76;SOJA;11026714P2243;NEO790 IPRO;—;;;S1;P2;BG;30;904;S1;904;30;B;35;3;SIM;1.76;29/08/2026;AGO;Ana Teles;Sergio;CLÁUDIO MESSENAS;VALIDADO;
UBS I;GO;101.77;11.77;SOJA;11026714P2244;NEO790 IPRO;—;;;S1;P2;BG;27;910;S1;910;27;B;37;1;SIM;1.77;29/08/2026;AGO;Ana Teles;Sergio;CLÁUDIO MESSENAS;VALIDADO;
UBS I;GO;101.78;11.78;SOJA;11026714P2246;NEO790 IPRO;—;;;S1;P2;BG;30;902;S1;902;30;B;37;3;SIM;1.78;29/08/2026;AGO;Ana Teles;Sergio;CLÁUDIO MESSENAS;VALIDADO;
UBS I;GO;101.79;11.79;SOJA;11026714P2247;NEO790 IPRO;—;;;S1;P2;BG;30;899;S1;899;30;B;12;3;SIM;1.79;29/08/2026;AGO;Ana Teles;Sergio;CLÁUDIO MESSENAS;VALIDADO;
UBS I;GO;101.80;11.80;SOJA;11026714P2249;NEO790 IPRO;—;;;S1;P2;BG;27;917;S1;917;27;B;37;2;SIM;1.80;29/08/2026;AGO;Ana Teles;Sergio;CLÁUDIO MESSENAS;VALIDADO;
UBS I;GO;101.81;11.81;SOJA;11026714P2250;NEO790 IPRO;—;;;S1;P2;BG;30;909;S1;909;30;B;15;3;SIM;1.81;29/08/2026;AGO;SAMUEL DE OLIVEIRA SILVA;MATHEUS AUGUSTO;CLÁUDIO MESSENAS;VALIDADO;
UBS I;GO;101.82;11.82;SOJA;11026714P2252;NEO790 IPRO;—;;;S1;P2;BG;30;887;S1;887;30;B;36;4;SIM;1.82;29/08/2026;AGO;Ana Teles;Sergio;CLÁUDIO MESSENAS;VALIDADO;
UBS I;GO;101.83;11.83;SOJA;11026714P2254;NEO790 IPRO;—;;;S1;P2;BG;25;904;S1;904;25;B;42;4;SIM;1.83;29/08/2026;AGO;Ana Teles;Sergio;CLÁUDIO MESSENAS;VALIDADO;
UBS I;GO;101.84;11.84;SOJA;11026714P2255;NEO790 IPRO;—;;;S1;P2;BG;27;920;S1;920;27;B;37;4;SIM;1.84;29/08/2026;AGO;Ana Teles;Sergio;CLÁUDIO MESSENAS;VALIDADO;
UBS I;GO;101.85;11.85;SOJA;11026714P2257;NEO790 IPRO;—;;;S1;P2;BG;30;894;S1;894;30;B;35;1;SIM;1.85;29/08/2026;AGO;Ana Teles;Sergio;CLÁUDIO MESSENAS;VALIDADO;
UBS I;GO;101.86;11.86;SOJA;11026714P2258;NEO790 IPRO;—;;;S1;P2;BG;30;903;S1;903;30;B;42;3;SIM;1.86;29/08/2026;AGO;Ana Teles;Sergio;CLÁUDIO MESSENAS;VALIDADO;
UBS I;GO;101.87;11.87;SOJA;11026714P2260;NEO790 IPRO;—;;;S1;P2;BG;27;918;S1;918;27;B;33;2;SIM;1.87;29/08/2026;AGO;Ana Teles;Sergio;CLÁUDIO MESSENAS;VALIDADO;
UBS I;GO;101.88;11.88;SOJA;11026714P2262;NEO790 IPRO;—;;;S1;P2;BG;30;884;S1;884;30;B;33;2;SIM;1.88;29/08/2026;AGO;Ana Teles;Sergio;CLÁUDIO MESSENAS;VALIDADO;
UBS I;GO;101.89;11.89;SOJA;11026714P2264;NEO790 IPRO;—;;;S1;P2;BG;30;901;S1;901;30;B;33;3;SIM;1.89;29/08/2026;AGO;Ana Teles;Sergio;CLÁUDIO MESSENAS;VALIDADO;
UBS I;GO;101.90;11.90;SOJA;11026714P2265;NEO790 IPRO;—;;;S1;P2;BG;30;896;S1;896;30;B;33;4;SIM;1.90;29/08/2026;AGO;SAMUEL DE OLIVEIRA SILVA;MATHEUS AUGUSTO;CLÁUDIO MESSENAS;VALIDADO;
UBS I;GO;101.91;11.91;SOJA;11026714P2267;NEO790 IPRO;—;;;S1;P2;BG;19;925;S1;925;19;B;14;2;SIM;1.91;29/08/2026;AGO;SAMUEL DE OLIVEIRA SILVA;MATHEUS AUGUSTO;CLÁUDIO MESSENAS;VALIDADO;
UBS I;GO;101.92;11.92;SOJA;11026714P2300;NEO790 IPRO;—;;;S1;P2;BG;30;906;S1;906;30;B;20;4;SIM;1.92;29/08/2026;AGO;SAMUEL DE OLIVEIRA SILVA;MATHEUS AUGUSTO;CLÁUDIO MESSENAS;VALIDADO;
UBS I;GO;101.93;11.93;SOJA;11026714P2302;NEO790 IPRO;—;;;S1;P2;BG;27;936;S1;936;27;B;20;3;SIM;1.93;29/08/2026;AGO;SAMUEL DE OLIVEIRA SILVA;MATHEUS AUGUSTO;CLÁUDIO MESSENAS;VALIDADO;
UBS I;GO;101.94;11.94;SOJA;11026273P2307;NEO800 I2X;—;;;S1;P2;BG;30;833;S1;833;30;B;10;2;SIM;1.94;29/08/2026;AGO;SAMUEL DE OLIVEIRA SILVA;MATHEUS AUGUSTO;CLÁUDIO MESSENAS;VALIDADO;
UBS I;GO;101.95;11.95;SOJA;11026715P1061;NEO761 I2X;—;;;S2;P1;BG;6;814;S2;814;6;A;35;F1;SIM;1.95;29/08/2026;AGO;Ana Teles;Sergio;CLÁUDIO MESSENAS;VALIDADO;
UBS I;GO;101.96;11.96;SOJA;11026273P2310;NEO800 I2X;—;;;S1;P2;BG;30;824;S1;824;30;B;9;1;SIM;1.96;29/08/2026;AGO;SAMUEL DE OLIVEIRA SILVA;MATHEUS AUGUSTO;CLÁUDIO MESSENAS;VALIDADO;
UBS I;GO;101.97;11.97;SOJA;11026273P2314;NEO800 I2X;—;;;S1;P2;BG;30;835;S1;835;30;B;9;3;SIM;1.97;29/08/2026;AGO;SAMUEL DE OLIVEIRA SILVA;MATHEUS AUGUSTO;CLÁUDIO MESSENAS;VALIDADO;
UBS I;GO;101.98;11.98;SOJA;11026273P2319;NEO800 I2X;—;;;S1;P2;BG;18;836;S1;836;18;B;6;5;SIM;1.98;29/08/2026;AGO;SAMUEL DE OLIVEIRA SILVA;MATHEUS AUGUSTO;CLÁUDIO MESSENAS;VALIDADO;
UBS I;GO;101.99;11.99;SOJA;11026715P1073;NEO761 I2X;—;;;S2;P1;BG;30;823;S2;823;30;C;19;1;SIM;1.99;29/08/2026;AGO;SAMUEL DE OLIVEIRA SILVA;MATHEUS AUGUSTO;CLÁUDIO MESSENAS;VALIDADO;
UBS I;GO;101.100;11.100;SOJA;11026715P1076;NEO761 I2X;—;;;S2;P1;BG;30;804;S2;804;30;C;19;2;SIM;1.100;29/08/2026;AGO;SAMUEL DE OLIVEIRA SILVA;MATHEUS AUGUSTO;CLÁUDIO MESSENAS;VALIDADO;
UBS I;GO;101.101;11.101;SOJA;11026714P1191;NEO790 IPRO;—;;;S1;P1;BG;10;767;S1;767;10;B;7;2;SIM;1.101;29/08/2026;AGO;SAMUEL DE OLIVEIRA SILVA;MATHEUS AUGUSTO;CLÁUDIO MESSENAS;VALIDADO;
UBS I;GO;101.102;11.102;SOJA;11026714P1266;NEO790 IPRO;—;;;S1;P1;BG;29;710;S1;710;29;B;11;1;SIM;1.102;29/08/2026;AGO;SAMUEL DE OLIVEIRA SILVA;MATHEUS AUGUSTO;CLÁUDIO MESSENAS;VALIDADO;
UBS I;GO;101.103;11.103;SOJA;11026714P1304;NEO790 IPRO;—;;;S1;P1;BG;8;715;S1;715;8;B;5;5;SIM;1.103;29/08/2026;AGO;SAMUEL DE OLIVEIRA SILVA;MATHEUS AUGUSTO;CLÁUDIO MESSENAS;VALIDADO;
UBS I;GO;101.104;11.104;SOJA;11026714P2186;NEO790 IPRO;—;;;S1;P2;BG;27;954;S1;954;27;B;4;1;SIM;1.104;29/08/2026;AGO;SAMUEL DE OLIVEIRA SILVA;MATHEUS AUGUSTO;CLÁUDIO MESSENAS;VALIDADO;
UBS I;GO;101.105;11.105;SOJA;11026714P2192;NEO790 IPRO;—;;;S1;P2;BG;6;941;S1;941;6;B;5;4;SIM;1.105;29/08/2026;AGO;SAMUEL DE OLIVEIRA SILVA;MATHEUS AUGUSTO;CLÁUDIO MESSENAS;VALIDADO;
UBS I;GO;101.106;11.106;SOJA;11026714P2199;NEO790 IPRO;—;;;S1;P2;BG;30;898;S1;898;30;B;4;2;SIM;1.106;29/08/2026;AGO;SAMUEL DE OLIVEIRA SILVA;MATHEUS AUGUSTO;CLÁUDIO MESSENAS;VALIDADO;
UBS I;GO;101.107;11.107;SOJA;11026715P1161;NEO761 I2X;—;;;S2;P1;BG;30;823;S2;823;30;A;19;3;SIM;1.107;29/08/2026;AGO;Ana Teles;Sergio;CLÁUDIO MESSENAS;VALIDADO;
UBS I;GO;101.108;11.108;SOJA;11026714P2303;NEO790 IPRO;—;;;S1;P2;BG;14;920;S1;920;14;B;7;1;SIM;1.108;29/08/2026;AGO;SAMUEL DE OLIVEIRA SILVA;MATHEUS AUGUSTO;CLÁUDIO MESSENAS;VALIDADO;
UBS I;GO;101.109;11.109;SOJA;11026715P2060;NEO761 I2X;—;;;S2;P2;BG;24;1033;S2;1033;24;C;24;1;SIM;1.109;29/08/2026;AGO;SAMUEL DE OLIVEIRA SILVA;MATHEUS AUGUSTO;CLÁUDIO MESSENAS;VALIDADO;
UBS I;GO;101.110;11.110;SOJA;11026715P2062;NEO761 I2X;—;;;S2;P2;BG;24;1014;S2;1014;24;C;24;3;SIM;1.110;29/08/2026;AGO;SAMUEL DE OLIVEIRA SILVA;MATHEUS AUGUSTO;CLÁUDIO MESSENAS;VALIDADO;
UBS I;GO;101.111;11.111;SOJA;11026715P2064;NEO761 I2X;—;;;S2;P2;BG;24;1015;S2;1015;24;C;24;2;SIM;1.111;29/08/2026;AGO;SAMUEL DE OLIVEIRA SILVA;MATHEUS AUGUSTO;CLÁUDIO MESSENAS;VALIDADO;
UBS I;GO;101.112;11.112;SOJA;11026715P2065;NEO761 I2X;—;;;S2;P2;BG;27;1000;S2;1000;27;C;24;4;SIM;1.112;29/08/2026;AGO;SAMUEL DE OLIVEIRA SILVA;MATHEUS AUGUSTO;CLÁUDIO MESSENAS;VALIDADO;
UBS I;GO;101.113;11.113;SOJA;11026715P2066;NEO761 I2X;—;;;S2;P2;BG;27;992;S2;992;27;C;22;1;SIM;1.113;29/08/2026;AGO;SAMUEL DE OLIVEIRA SILVA;MATHEUS AUGUSTO;CLÁUDIO MESSENAS;VALIDADO;
UBS I;GO;101.114;11.114;SOJA;11026715P2068;NEO761 I2X;—;;;S2;P2;BG;24;1018;S2;1018;24;C;22;3;SIM;1.114;29/08/2026;AGO;SAMUEL DE OLIVEIRA SILVA;MATHEUS AUGUSTO;CLÁUDIO MESSENAS;VALIDADO;
UBS I;GO;101.115;11.115;SOJA;11026715P2070;NEO761 I2X;—;;;S2;P2;BG;24;1016;S2;1016;24;C;22;2;SIM;1.115;29/08/2026;AGO;SAMUEL DE OLIVEIRA SILVA;MATHEUS AUGUSTO;CLÁUDIO MESSENAS;VALIDADO;
UBS I;GO;101.116;11.116;SOJA;11026715P2071;NEO761 I2X;—;;;S2;P2;BG;27;1002;S2;1002;27;C;22;4;SIM;1.116;29/08/2026;AGO;SAMUEL DE OLIVEIRA SILVA;MATHEUS AUGUSTO;CLÁUDIO MESSENAS;VALIDADO;
UBS I;GO;101.117;11.117;SOJA;11026715P2072;NEO761 I2X;—;;;S2;P2;BG;24;1028;S2;1028;24;C;20;1;SIM;1.117;29/08/2026;AGO;SAMUEL DE OLIVEIRA SILVA;MATHEUS AUGUSTO;CLÁUDIO MESSENAS;VALIDADO;
UBS I;GO;101.118;11.118;SOJA;11026715P2074;NEO761 I2X;—;;;S2;P2;BG;27;998;S2;998;27;C;20;3;SIM;1.118;29/08/2026;AGO;SAMUEL DE OLIVEIRA SILVA;MATHEUS AUGUSTO;CLÁUDIO MESSENAS;VALIDADO;
UBS I;GO;101.119;11.119;SOJA;11026715P2075;NEO761 I2X;—;;;S2;P2;BG;27;993;S2;993;27;C;20;2;SIM;1.119;29/08/2026;AGO;SAMUEL DE OLIVEIRA SILVA;MATHEUS AUGUSTO;CLÁUDIO MESSENAS;VALIDADO;
UBS I;GO;101.120;11.120;SOJA;11026715P2077;NEO761 I2X;—;;;S2;P2;BG;27;999;S2;999;27;C;20;4;SIM;1.120;29/08/2026;AGO;SAMUEL DE OLIVEIRA SILVA;MATHEUS AUGUSTO;CLÁUDIO MESSENAS;VALIDADO;
UBS I;GO;101.121;11.121;SOJA;11026715P1063;NEO761 I2X;—;;;S2;P1;BG;30;824;S2;824;30;C;13;3;SIM;1.121;29/08/2026;AGO;SAMUEL DE OLIVEIRA SILVA;MATHEUS AUGUSTO;CLÁUDIO MESSENAS;VALIDADO;
UBS I;GO;101.122;11.122;SOJA;11026715P1067;NEO761 I2X;—;;;S2;P1;BG;30;810;S2;810;30;C;13;2;SIM;1.122;29/08/2026;AGO;SAMUEL DE OLIVEIRA SILVA;MATHEUS AUGUSTO;CLÁUDIO MESSENAS;VALIDADO;
UBS I;GO;101.123;11.123;SOJA;11026715P1069;NEO761 I2X;—;;;S2;P1;BG;30;819;S2;819;30;C;13;1;SIM;1.123;29/08/2026;AGO;SAMUEL DE OLIVEIRA SILVA;MATHEUS AUGUSTO;CLÁUDIO MESSENAS;VALIDADO;
UBS I;GO;101.124;11.124;SOJA;11026715P1079;NEO761 I2X;—;;;S2;P1;BG;30;814;S2;814;30;C;7;3;SIM;1.124;29/08/2026;AGO;SAMUEL DE OLIVEIRA SILVA;MATHEUS AUGUSTO;CLÁUDIO MESSENAS;VALIDADO;
UBS I;GO;101.125;11.125;SOJA;11026715P1083;NEO761 I2X;—;;;S2;P1;BG;30;793;S2;793;30;C;7;1;SIM;1.125;29/08/2026;AGO;SAMUEL DE OLIVEIRA SILVA;MATHEUS AUGUSTO;CLÁUDIO MESSENAS;VALIDADO;
UBS I;GO;101.126;11.126;SOJA;11026715P1087;NEO761 I2X;—;;;C1;P1;BG;30;825;C1;825;30;C;8;1;SIM;1.126;29/08/2026;AGO;SAMUEL DE OLIVEIRA SILVA;MATHEUS AUGUSTO;CLÁUDIO MESSENAS;VALIDADO;
UBS I;GO;101.127;11.127;SOJA;11026715P1090;NEO761 I2X;—;;;C1;P1;BG;12;804;C1;804;12;C;8;2;SIM;1.127;29/08/2026;AGO;SAMUEL DE OLIVEIRA SILVA;MATHEUS AUGUSTO;CLÁUDIO MESSENAS;VALIDADO;
UBS I;GO;101.128;11.128;SOJA;11026715P2088;NEO761 I2X;FORTENZA DUO + INOCULANTE + ENRAIZANTE;;;C1;P2;BG;24;1024;C1;1024;24;C;35;3;SIM;1.128;29/08/2026;AGO;SAMUEL DE OLIVEIRA SILVA;MATHEUS AUGUSTO;CLÁUDIO MESSENAS;VALIDADO;
UBS I;GO;101.129;11.129;SOJA;11026715P1153;NEO761 I2X;—;;;C1;P1;BG;30;828;C1;828;30;C;18;2;SIM;1.129;29/08/2026;AGO;SAMUEL DE OLIVEIRA SILVA;MATHEUS AUGUSTO;CLÁUDIO MESSENAS;VALIDADO;
UBS I;GO;101.130;11.130;SOJA;11026715P1156;NEO761 I2X;—;;;S2;P1;BG;30;804;S2;804;30;C;18;1;SIM;1.130;29/08/2026;AGO;SAMUEL DE OLIVEIRA SILVA;MATHEUS AUGUSTO;CLÁUDIO MESSENAS;VALIDADO;
UBS I;GO;101.131;11.131;SOJA;11026715P2151;NEO761 I2X;—;;;C1;P2;BG;24;1045;C1;1045;24;A;23;F1;SIM;1.131;29/08/2026;AGO;Ana Teles;Sergio;CLÁUDIO MESSENAS;VALIDADO;
UBS I;GO;101.132;11.132;SOJA;11026715P2152;NEO761 I2X;—;;;C1;P2;BG;24;1075;C1;1075;24;A;23;F3;SIM;1.132;29/08/2026;AGO;Ana Teles;Sergio;CLÁUDIO MESSENAS;VALIDADO;
UBS I;GO;101.133;11.133;SOJA;11026715P2154;NEO761 I2X;—;;;S2;P2;BG;6;1061;S2;1061;6;A;22;F1;SIM;1.133;29/08/2026;AGO;Ana Teles;Sergio;CLÁUDIO MESSENAS;VALIDADO;
UBS I;GO;101.134;11.134;SOJA;11026715P1167;NEO761 I2X;—;;;S2;P1;BG;20;817;S2;817;20;C;17;1;SIM;1.134;29/08/2026;AGO;SAMUEL DE OLIVEIRA SILVA;MATHEUS AUGUSTO;CLÁUDIO MESSENAS;VALIDADO;
UBS I;GO;101.135;11.135;SOJA;11026715P2078;NEO761 I2X;—;;;S2;P2;BG;24;1023;S2;1023;24;C;8;2;SIM;1.135;29/08/2026;AGO;SAMUEL DE OLIVEIRA SILVA;MATHEUS AUGUSTO;CLÁUDIO MESSENAS;VALIDADO;
UBS I;GO;101.136;11.136;SOJA;11026715P2158;NEO761 I2X;—;;;S2;P2;BG;24;1050;S2;1050;24;A;23;F2;SIM;1.136;29/08/2026;AGO;Ana Teles;Sergio;CLÁUDIO MESSENAS;VALIDADO;
UBS I;GO;101.137;11.137;SOJA;11026715P2159;NEO761 I2X;—;;;S2;P2;BG;24;1062;S2;1062;24;A;24;F1;SIM;1.137;29/08/2026;AGO;Ana Teles;Sergio;CLÁUDIO MESSENAS;VALIDADO;
UBS I;GO;101.138;11.138;SOJA;11026715P2160;NEO761 I2X;—;;;S2;P2;BG;24;1032;S2;1032;24;A;24;F2;SIM;1.138;29/08/2026;AGO;Ana Teles;Sergio;CLÁUDIO MESSENAS;VALIDADO;
UBS I;GO;101.139;11.139;SOJA;11026715P2162;NEO761 I2X;—;;;S2;P2;BG;24;1048;S2;1048;24;A;24;F3;SIM;1.139;29/08/2026;AGO;Ana Teles;Sergio;CLÁUDIO MESSENAS;VALIDADO;
UBS I;GO;101.140;11.140;SOJA;11026715P2163;NEO761 I2X;—;;;S2;P2;BG;24;1064;S2;1064;24;A;25;F1;SIM;1.140;29/08/2026;AGO;Ana Teles;Sergio;CLÁUDIO MESSENAS;VALIDADO;
UBS I;GO;101.141;11.141;SOJA;11026715P2164;NEO761 I2X;—;;;S2;P2;BG;24;1078;S2;1078;24;A;25;F2;SIM;1.141;29/08/2026;AGO;Ana Teles;Sergio;CLÁUDIO MESSENAS;VALIDADO;
UBS I;GO;101.142;11.142;SOJA;11026715P2165;NEO761 I2X;—;;;S2;P2;BG;24;1073;S2;1073;24;A;25;F3;SIM;1.142;29/08/2026;AGO;Ana Teles;Sergio;CLÁUDIO MESSENAS;VALIDADO;
UBS I;GO;101.143;11.143;SOJA;11026715P2166;NEO761 I2X;—;;;S2;P2;BG;24;1065;S2;1065;24;A;30;F2;SIM;1.143;29/08/2026;AGO;Ana Teles;Sergio;CLÁUDIO MESSENAS;VALIDADO;
UBS I;GO;101.144;11.144;SOJA;11026715P2168;NEO761 I2X;—;;;S2;P2;BG;23;1077;S2;1077;23;A;30;F1;SIM;1.144;29/08/2026;AGO;Ana Teles;Sergio;CLÁUDIO MESSENAS;VALIDADO;
UBS I;GO;101.145;11.145;SOJA;11026715P2080;NEO761 I2X;—;;;S2;P2;BG;24;1021;S2;1021;24;C;9;1;SIM;1.145;29/08/2026;AGO;SAMUEL DE OLIVEIRA SILVA;MATHEUS AUGUSTO;CLÁUDIO MESSENAS;VALIDADO;
UBS I;GO;101.146;11.146;SOJA;11026739P1003;NEO700 I2X;FORTENZA DUO + INOCULANTE + ENRAIZANTE;;;C2;P1;BG;30;868;C2;868;30;C;35;1;SIM;1.146;29/08/2026;AGO;SAMUEL DE OLIVEIRA SILVA;MATHEUS AUGUSTO;CLÁUDIO MESSENAS;VALIDADO;
UBS I;GO;101.147;11.147;SOJA;11026739P1004;NEO700 I2X;FORTENZA DUO + INOCULANTE + ENRAIZANTE;;;C2;P1;BG;30;782;C2;782;30;C;35;2;SIM;1.147;29/08/2026;AGO;SAMUEL DE OLIVEIRA SILVA;MATHEUS AUGUSTO;CLÁUDIO MESSENAS;VALIDADO;
UBS I;GO;101.148;11.148;SOJA;11026739P1006;NEO700 I2X;—;;;C2;P1;BG;30;795;C2;795;30;C;33;4;SIM;1.148;29/08/2026;AGO;SAMUEL DE OLIVEIRA SILVA;MATHEUS AUGUSTO;CLÁUDIO MESSENAS;VALIDADO;
UBS I;GO;101.149;11.149;SOJA;11026739P1007;NEO700 I2X;FORTENZA DUO;;;C2;P1;BG;30;790;C2;790;30;C;23;3;SIM;1.149;29/08/2026;AGO;SAMUEL DE OLIVEIRA SILVA;MATHEUS AUGUSTO;CLÁUDIO MESSENAS;VALIDADO;
UBS I;GO;101.150;11.150;SOJA;11026739P1009;NEO700 I2X;FORTENZA DUO;;;C2;P1;BG;30;791;C2;791;30;C;23;4;SIM;1.150;29/08/2026;AGO;SAMUEL DE OLIVEIRA SILVA;MATHEUS AUGUSTO;CLÁUDIO MESSENAS;VALIDADO;
UBS I;GO;101.151;11.151;SOJA;11026739P1010;NEO700 I2X;FORTENZA DUO;;;C2;P1;BG;1;790;C2;790;1;C;-;CORREDOR;SIM;1.151;29/08/2026;AGO;SAMUEL DE OLIVEIRA SILVA;MATHEUS AUGUSTO;CLÁUDIO MESSENAS;VALIDADO;
UBS I;GO;101.152;11.152;SOJA;11026739P1012;NEO700 I2X;—;;;C2;P1;BG;30;775;C2;775;30;C;33;1;SIM;1.152;29/08/2026;AGO;SAMUEL DE OLIVEIRA SILVA;MATHEUS AUGUSTO;CLÁUDIO MESSENAS;VALIDADO;
UBS I;GO;101.153;11.153;SOJA;11026739P1014;NEO700 I2X;—;;;C2;P1;BG;30;800;C2;800;30;C;32;4;SIM;1.153;29/08/2026;AGO;SAMUEL DE OLIVEIRA SILVA;MATHEUS AUGUSTO;CLÁUDIO MESSENAS;VALIDADO;
UBS I;GO;101.154;11.154;SOJA;11026739P1015;NEO700 I2X;—;;;C2;P1;BG;30;787;C2;787;30;C;33;2;SIM;1.154;29/08/2026;AGO;SAMUEL DE OLIVEIRA SILVA;MATHEUS AUGUSTO;CLÁUDIO MESSENAS;VALIDADO;
UBS I;GO;101.155;11.155;SOJA;11026739P1018;NEO700 I2X;—;;;C2;P1;BG;30;804;C2;804;30;C;31;1;SIM;1.155;29/08/2026;AGO;SAMUEL DE OLIVEIRA SILVA;MATHEUS AUGUSTO;CLÁUDIO MESSENAS;VALIDADO;
UBS I;GO;101.156;11.156;SOJA;11026739P1023;NEO700 I2X;—;;;C2;P1;BG;30;813;C2;813;30;C;31;2;SIM;1.156;29/08/2026;AGO;SAMUEL DE OLIVEIRA SILVA;MATHEUS AUGUSTO;CLÁUDIO MESSENAS;VALIDADO;
UBS I;GO;101.157;11.157;SOJA;11026739P1025;NEO700 I2X;—;;;C2;P1;BG;30;806;C2;806;30;C;31;3;SIM;1.157;29/08/2026;AGO;SAMUEL DE OLIVEIRA SILVA;MATHEUS AUGUSTO;CLÁUDIO MESSENAS;VALIDADO;
UBS I;GO;101.158;11.158;SOJA;11026739P1028;NEO700 I2X;—;;;C2;P1;BG;30;805;C2;805;30;C;31;4;SIM;1.158;29/08/2026;AGO;SAMUEL DE OLIVEIRA SILVA;MATHEUS AUGUSTO;CLÁUDIO MESSENAS;VALIDADO;
UBS I;GO;101.159;11.159;SOJA;11026739P1030;NEO700 I2X;—;;;C2;P1;BG;30;803;C2;803;30;C;29;1;SIM;1.159;29/08/2026;AGO;SAMUEL DE OLIVEIRA SILVA;MATHEUS AUGUSTO;CLÁUDIO MESSENAS;VALIDADO;
UBS I;GO;101.160;11.160;SOJA;11026739P1033;NEO700 I2X;—;;;C2;P1;BG;30;829;C2;829;30;C;26;4;SIM;1.160;29/08/2026;AGO;SAMUEL DE OLIVEIRA SILVA;MATHEUS AUGUSTO;CLÁUDIO MESSENAS;VALIDADO;
UBS I;GO;101.161;11.161;SOJA;11026739P1035;NEO700 I2X;SOLUCAO OURO;;;C2;P1;BG;30;782;C2;782;30;C;29;2;SIM;1.161;29/08/2026;AGO;SAMUEL DE OLIVEIRA SILVA;MATHEUS AUGUSTO;CLÁUDIO MESSENAS;VALIDADO;
UBS I;GO;101.162;11.162;SOJA;11026715P2081;NEO761 I2X;—;;;S2;P2;BG;27;977;S2;977;27;C;1;3;SIM;1.162;29/08/2026;AGO;SAMUEL DE OLIVEIRA SILVA;MATHEUS AUGUSTO;CLÁUDIO MESSENAS;VALIDADO;
UBS I;GO;101.163;11.163;SOJA;11026739P1038;NEO700 I2X;—;;;C2;P1;BG;21;793;C2;793;21;C;26;1;SIM;1.163;29/08/2026;AGO;SAMUEL DE OLIVEIRA SILVA;MATHEUS AUGUSTO;CLÁUDIO MESSENAS;VALIDADO;
UBS I;GO;101.164;11.164;SOJA;11026715P2082;NEO761 I2X;—;;;S2;P2;BG;27;981;S2;981;27;C;1;2;SIM;1.164;29/08/2026;AGO;SAMUEL DE OLIVEIRA SILVA;MATHEUS AUGUSTO;CLÁUDIO MESSENAS;VALIDADO;
UBS I;GO;101.165;11.165;SOJA;11026715P2084;NEO761 I2X;—;;;S2;P2;BG;27;996;S2;996;27;C;8;2;SIM;1.165;29/08/2026;AGO;SAMUEL DE OLIVEIRA SILVA;MATHEUS AUGUSTO;CLÁUDIO MESSENAS;VALIDADO;
UBS I;GO;101.166;11.166;SOJA;11026715P2085;NEO761 I2X;—;;;S2;P2;BG;23;995;S2;995;23;C;9;2;SIM;1.166;29/08/2026;AGO;SAMUEL DE OLIVEIRA SILVA;MATHEUS AUGUSTO;CLÁUDIO MESSENAS;VALIDADO;
UBS I;GO;101.167;11.167;SOJA;11026739P2002;NEO700 I2X;—;;;C2;P2;BG;9;1127;C2;1127;9;C;38;1;SIM;1.167;29/08/2026;AGO;SAMUEL DE OLIVEIRA SILVA;MATHEUS AUGUSTO;CLÁUDIO MESSENAS;VALIDADO;
UBS I;GO;101.168;11.168;SOJA;11026739P2005;NEO700 I2X;—;;;C2;P2;BG;27;964;C2;964;27;C;34;1;SIM;1.168;29/08/2026;AGO;SAMUEL DE OLIVEIRA SILVA;MATHEUS AUGUSTO;CLÁUDIO MESSENAS;VALIDADO;
UBS I;GO;101.169;11.169;SOJA;11026739P2008;NEO700 I2X;—;;;C2;P2;BG;27;946;C2;946;27;C;34;2;SIM;1.169;29/08/2026;AGO;SAMUEL DE OLIVEIRA SILVA;MATHEUS AUGUSTO;CLÁUDIO MESSENAS;VALIDADO;
UBS I;GO;101.170;11.170;SOJA;11026739P2011;NEO700 I2X;—;;;C2;P2;BG;27;955;C2;955;27;C;34;3;SIM;1.170;29/08/2026;AGO;SAMUEL DE OLIVEIRA SILVA;MATHEUS AUGUSTO;CLÁUDIO MESSENAS;VALIDADO;
UBS I;GO;101.171;11.171;SOJA;11026739P2013;NEO700 I2X;—;;;C2;P2;BG;27;964;C2;964;27;C;34;4;SIM;1.171;29/08/2026;AGO;SAMUEL DE OLIVEIRA SILVA;MATHEUS AUGUSTO;CLÁUDIO MESSENAS;VALIDADO;
UBS I;GO;101.172;11.172;SOJA;11026739P2016;NEO700 I2X;—;;;C2;P2;BG;27;949;C2;949;27;C;32;1;SIM;1.172;29/08/2026;AGO;SAMUEL DE OLIVEIRA SILVA;MATHEUS AUGUSTO;CLÁUDIO MESSENAS;VALIDADO;
UBS I;GO;101.173;11.173;SOJA;11026739P2019;NEO700 I2X;—;;;C2;P2;BG;27;973;C2;973;27;C;32;2;SIM;1.173;29/08/2026;AGO;SAMUEL DE OLIVEIRA SILVA;MATHEUS AUGUSTO;CLÁUDIO MESSENAS;VALIDADO;
UBS I;GO;101.174;11.174;SOJA;11026715P2086;NEO761 I2X;—;;;C1;P2;BG;24;1037;C1;1037;24;C;9;3;SIM;1.174;29/08/2026;AGO;SAMUEL DE OLIVEIRA SILVA;MATHEUS AUGUSTO;CLÁUDIO MESSENAS;VALIDADO;
UBS I;GO;101.175;11.175;SOJA;11026739P2022;NEO700 I2X;—;;;C2;P2;BG;27;969;C2;969;27;C;27;4;SIM;1.175;29/08/2026;AGO;SAMUEL DE OLIVEIRA SILVA;MATHEUS AUGUSTO;CLÁUDIO MESSENAS;VALIDADO;
UBS I;GO;101.176;11.176;SOJA;11026739P2024;NEO700 I2X;—;;;C2;P2;BG;27;964;C2;964;27;C;30;3;SIM;1.176;29/08/2026;AGO;SAMUEL DE OLIVEIRA SILVA;MATHEUS AUGUSTO;CLÁUDIO MESSENAS;VALIDADO;
UBS I;GO;101.177;11.177;SOJA;11026739P2026;NEO700 I2X;—;;;C2;P2;BG;27;956;C2;956;27;C;;;SIM;1.177;29/08/2026;AGO;SAMUEL DE OLIVEIRA SILVA;MATHEUS AUGUSTO;CLÁUDIO MESSENAS;VALIDADO;
UBS I;GO;101.178;11.178;SOJA;11026739P2027;NEO700 I2X;—;;;C2;P2;BG;27;963;C2;963;27;C;30;2;SIM;1.178;29/08/2026;AGO;SAMUEL DE OLIVEIRA SILVA;MATHEUS AUGUSTO;CLÁUDIO MESSENAS;VALIDADO;
UBS I;GO;101.179;11.179;SOJA;11026739P2029;NEO700 I2X;—;;;C2;P2;BG;27;958;C2;958;27;C;30;4;SIM;1.179;29/08/2026;AGO;SAMUEL DE OLIVEIRA SILVA;MATHEUS AUGUSTO;CLÁUDIO MESSENAS;VALIDADO;
UBS I;GO;101.180;11.180;SOJA;11026739P2031;NEO700 I2X;—;;;C2;P2;BG;27;940;C2;940;27;C;27;1;SIM;1.180;29/08/2026;AGO;SAMUEL DE OLIVEIRA SILVA;MATHEUS AUGUSTO;CLÁUDIO MESSENAS;VALIDADO;
UBS I;GO;101.181;11.181;SOJA;11026739P2032;NEO700 I2X;—;;;C2;P2;BG;27;956;C2;956;27;C;27;2;SIM;1.181;29/08/2026;AGO;SAMUEL DE OLIVEIRA SILVA;MATHEUS AUGUSTO;CLÁUDIO MESSENAS;VALIDADO;
UBS I;GO;101.182;11.182;SOJA;11026739P2034;NEO700 I2X;—;;;C2;P2;BG;27;937;C2;937;27;C;27;3;SIM;1.182;29/08/2026;AGO;SAMUEL DE OLIVEIRA SILVA;MATHEUS AUGUSTO;CLÁUDIO MESSENAS;VALIDADO;
UBS I;GO;101.183;11.183;SOJA;11026739P2037;NEO700 I2X;—;;;C2;P2;BG;27;931;C2;931;27;C;32;3;SIM;1.183;29/08/2026;AGO;SAMUEL DE OLIVEIRA SILVA;MATHEUS AUGUSTO;CLÁUDIO MESSENAS;VALIDADO;
UBS I;GO;101.184;11.184;SOJA;11026739P2039;NEO700 I2X;—;;;C2;P2;BG;27;948;C2;948;27;C;25;1;SIM;1.184;29/08/2026;AGO;SAMUEL DE OLIVEIRA SILVA;MATHEUS AUGUSTO;CLÁUDIO MESSENAS;VALIDADO;
UBS I;GO;101.185;11.185;SOJA;11026739P2040;NEO700 I2X;—;;;C2;P2;BG;27;950;C2;950;27;C;25;2;SIM;1.185;29/08/2026;AGO;SAMUEL DE OLIVEIRA SILVA;MATHEUS AUGUSTO;CLÁUDIO MESSENAS;VALIDADO;
UBS I;GO;101.186;11.186;SOJA;11026739P2042;NEO700 I2X;—;;;C2;P2;BG;27;981;C2;981;27;C;25;3;SIM;1.186;29/08/2026;AGO;SAMUEL DE OLIVEIRA SILVA;MATHEUS AUGUSTO;CLÁUDIO MESSENAS;VALIDADO;
UBS I;GO;101.187;11.187;SOJA;11026739P2044;NEO700 I2X;—;;;C2;P2;BG;17;977;C2;977;17;C;25;4;SIM;1.187;29/08/2026;AGO;SAMUEL DE OLIVEIRA SILVA;MATHEUS AUGUSTO;CLÁUDIO MESSENAS;VALIDADO;
UBS I;GO;101.188;11.188;SOJA;11026739P2321;NEO700 I2X;—;;;C2;P2;BG;27;988;C2;988;27;C;7;3;SIM;1.188;29/08/2026;AGO;SAMUEL DE OLIVEIRA SILVA;MATHEUS AUGUSTO;CLÁUDIO MESSENAS;VALIDADO;
UBS I;GO;101.189;11.189;SOJA;11026715P2089;NEO761 I2X;—;;;C1;P2;BG;3;1009;C1;1009;3;C;1;1;SIM;1.189;29/08/2026;AGO;SAMUEL DE OLIVEIRA SILVA;MATHEUS AUGUSTO;CLÁUDIO MESSENAS;VALIDADO;
UBS I;GO;101.190;11.190;SOJA;11026715P2091;NEO761 I2X;—;;;C1;P2;BG;12;1006;C1;1006;12;C;6;3;SIM;1.190;29/08/2026;AGO;SAMUEL DE OLIVEIRA SILVA;MATHEUS AUGUSTO;CLÁUDIO MESSENAS;VALIDADO;
UBS I;GO;101.191;11.191;SOJA;11026715P2155;NEO761 I2X;—;;;S2;P2;BG;27;995;S2;995;27;B;2;2;SIM;1.191;29/08/2026;AGO;SAMUEL DE OLIVEIRA SILVA;MATHEUS AUGUSTO;CLÁUDIO MESSENAS;VALIDADO;
UBS I;GO;101.192;11.192;SOJA;11026715P2157;NEO761 I2X;—;;;S2;P2;BG;24;1049;S2;1049;24;B;2;1;SIM;1.192;29/08/2026;AGO;SAMUEL DE OLIVEIRA SILVA;MATHEUS AUGUSTO;CLÁUDIO MESSENAS;VALIDADO;
UBS I;GO;101.193;11.193;SOJA;11026739P1001;NEO700 I2X;—;;;C2;P1;BG;27;923;C2;923;27;C;12;2;SIM;1.193;29/08/2026;AGO;SAMUEL DE OLIVEIRA SILVA;MATHEUS AUGUSTO;CLÁUDIO MESSENAS;VALIDADO;
UBS I;GO;101.194;11.194;SOJA;11026739P1036;NEO700 I2X;—;;;C2;P1;BG;24;782;C2;782;24;C;15;2;SIM;1.194;29/08/2026;AGO;SAMUEL DE OLIVEIRA SILVA;MATHEUS AUGUSTO;CLÁUDIO MESSENAS;VALIDADO;
UBS I;GO;101.195;11.195;SOJA;11026739P1322;NEO700 I2X;—;;;C2;P1;BG;30;824;C2;824;30;C;11;F1;SIM;1.195;29/08/2026;AGO;SAMUEL DE OLIVEIRA SILVA;MATHEUS AUGUSTO;CLÁUDIO MESSENAS;VALIDADO;
UBS I;GO;101.196;11.196;SOJA;11026739P2335;NEO700 I2X;—;;;S2;P2;BG;16;989;S2;989;16;C;26;3;SIM;1.196;29/08/2026;AGO;SAMUEL DE OLIVEIRA SILVA;MATHEUS AUGUSTO;CLÁUDIO MESSENAS;VALIDADO;
UBS I;GO;101.197;11.197;SOJA;11026740P1046;NEO771 I2X;—;;;C2;P1;BG;5;684;C2;684;5;A;3;4;SIM;1.197;29/08/2026;AGO;Ana Teles;Sergio;CLÁUDIO MESSENAS;VALIDADO;
UBS I;GO;101.198;11.198;SOJA;11026740P1048;NEO771 I2X;—;;;C2;P1;BG;30;693;C2;693;30;A;7;2;SIM;1.198;29/08/2026;AGO;Ana Teles;Sergio;CLÁUDIO MESSENAS;VALIDADO;
UBS I;GO;101.199;11.199;SOJA;11026740P1050;NEO771 I2X;—;;;C2;P1;BG;30;697;C2;697;30;A;6;4;SIM;1.199;29/08/2026;AGO;Ana Teles;Sergio;CLÁUDIO MESSENAS;VALIDADO;
UBS I;GO;101.200;11.200;SOJA;11026740P1052;NEO771 I2X;—;;;C2;P1;BG;30;696;C2;696;30;A;CORREDOR;4;SIM;1.200;29/08/2026;AGO;Ana Teles;Sergio;CLÁUDIO MESSENAS;VALIDADO;
UBS I;GO;101.201;11.201;SOJA;11026740P1054;NEO771 I2X;—;;;C2;P1;BG;30;698;C2;698;30;A;1;3;SIM;1.201;29/08/2026;AGO;Ana Teles;Sergio;CLÁUDIO MESSENAS;VALIDADO;
UBS I;GO;101.202;11.202;SOJA;11026740P1056;NEO771 I2X;FORTENZA DUO + INOCULANTE + ENRAIZANTE;;;C2;P1;BG;15;699;C2;699;15;A;7;3;SIM;1.202;29/08/2026;AGO;Ana Teles;Sergio;CLÁUDIO MESSENAS;VALIDADO;
UBS I;GO;101.203;11.203;SOJA;11026740P1058;NEO771 I2X;—;;;C2;P1;BG;30;696;C2;696;30;A;2;1;SIM;1.203;29/08/2026;AGO;Ana Teles;Sergio;CLÁUDIO MESSENAS;VALIDADO;
UBS I;GO;101.204;11.204;SOJA;11026740P1093;NEO771 I2X;—;;;C2;P1;BG;30;708;C2;708;30;A;8;4;SIM;1.204;29/08/2026;AGO;Ana Teles;Sergio;CLÁUDIO MESSENAS;VALIDADO;
UBS I;GO;101.205;11.205;SOJA;11026740P1094;NEO771 I2X;—;;;C2;P1;BG;30;715;C2;715;30;A;6;1;SIM;1.205;29/08/2026;AGO;Ana Teles;Sergio;CLÁUDIO MESSENAS;VALIDADO;
UBS I;GO;101.206;11.206;SOJA;11026740P1096;NEO771 I2X;—;;;C2;P1;BG;30;699;C2;699;30;A;6;2;SIM;1.206;29/08/2026;AGO;Ana Teles;Sergio;CLÁUDIO MESSENAS;VALIDADO;
UBS I;GO;101.207;11.207;SOJA;11026740P1098;NEO771 I2X;—;;;C2;P1;BG;30;712;C2;712;30;A;6;3;SIM;1.207;29/08/2026;AGO;Ana Teles;Sergio;CLÁUDIO MESSENAS;VALIDADO;
UBS I;GO;101.208;11.208;SOJA;11026739P1329;NEO700 I2X;—;;;C2;P1;BG;30;822;C2;822;30;C;10;1;SIM;1.208;29/08/2026;AGO;SAMUEL DE OLIVEIRA SILVA;MATHEUS AUGUSTO;CLÁUDIO MESSENAS;VALIDADO;
UBS I;GO;101.209;11.209;SOJA;11026740P1101;NEO771 I2X;—;;;C2;P1;BG;30;714;C2;714;30;A;7;1;SIM;1.209;29/08/2026;AGO;Ana Teles;Sergio;CLÁUDIO MESSENAS;VALIDADO;
UBS I;GO;101.210;11.210;SOJA;11026740P1103;NEO771 I2X;FORTENZA DUO + INOCULANTE + ENRAIZANTE;;;C2;P1;BG;30;718;C2;718;30;A;8;3;SIM;1.210;29/08/2026;AGO;Ana Teles;Sergio;CLÁUDIO MESSENAS;VALIDADO;
UBS I;GO;101.211;11.211;SOJA;11026740P1105;NEO771 I2X;—;;;C2;P1;BG;30;721;C2;721;30;A;8;2;SIM;1.211;29/08/2026;AGO;Ana Teles;Sergio;CLÁUDIO MESSENAS;VALIDADO;
UBS I;GO;101.212;11.212;SOJA;11026740P1107;NEO771 I2X;—;;;C2;P1;BG;30;718;C2;718;30;A;8;1;SIM;1.212;29/08/2026;AGO;Ana Teles;Sergio;CLÁUDIO MESSENAS;VALIDADO;
UBS I;GO;101.213;11.213;SOJA;11026740P1109;NEO771 I2X;—;;;C2;P1;BG;30;721;C2;721;30;A;9;1;SIM;1.213;29/08/2026;AGO;Ana Teles;Sergio;CLÁUDIO MESSENAS;VALIDADO;
UBS I;GO;101.214;11.214;SOJA;11026740P1111;NEO771 I2X;—;;;C2;P1;BG;30;728;C2;728;30;A;9;2;SIM;1.214;29/08/2026;AGO;Ana Teles;Sergio;CLÁUDIO MESSENAS;VALIDADO;
UBS I;GO;101.215;11.215;SOJA;11026740P1113;NEO771 I2X;—;;;C2;P1;BG;30;710;C2;710;30;A;9;3;SIM;1.215;29/08/2026;AGO;Ana Teles;Sergio;CLÁUDIO MESSENAS;VALIDADO;
UBS I;GO;101.216;11.216;SOJA;11026739P1332;NEO700 I2X;—;;;S2 ;P1;BG;20;828;S2 ;828;20;C;18;3;SIM;1.216;29/08/2026;AGO;SAMUEL DE OLIVEIRA SILVA;MATHEUS AUGUSTO;CLÁUDIO MESSENAS;VALIDADO;
UBS I;GO;101.217;11.217;SOJA;11026740P1116;NEO771 I2X;—;;;C2;P1;BG;30;709;C2;709;30;A;11;1;SIM;1.217;29/08/2026;AGO;Ana Teles;Sergio;CLÁUDIO MESSENAS;VALIDADO;
UBS I;GO;101.218;11.218;SOJA;11026740P1118;NEO771 I2X;—;;;C2;P1;BG;30;705;C2;705;30;A;11;2;SIM;1.218;29/08/2026;AGO;Ana Teles;Sergio;CLÁUDIO MESSENAS;VALIDADO;
UBS I;GO;101.219;11.219;SOJA;11026740P1119;NEO771 I2X;—;;;C2;P1;BG;30;702;C2;702;30;A;11;3;SIM;1.219;29/08/2026;AGO;Ana Teles;Sergio;CLÁUDIO MESSENAS;VALIDADO;
UBS I;GO;101.220;11.220;SOJA;11026740P1121;NEO771 I2X;—;;;C2;P1;BG;30;694;C2;694;30;A;11;4;SIM;1.220;29/08/2026;AGO;Ana Teles;Sergio;CLÁUDIO MESSENAS;VALIDADO;
UBS I;GO;101.221;11.221;SOJA;11026740P1123;NEO771 I2X;—;;;C2;P1;BG;30;705;C2;705;30;A;12;F2;SIM;1.221;29/08/2026;AGO;Ana Teles;Sergio;CLÁUDIO MESSENAS;VALIDADO;
UBS I;GO;101.222;11.222;SOJA;11026740P1124;NEO771 I2X;—;;;C2;P1;BG;30;708;C2;708;30;A;12;F1;SIM;1.222;29/08/2026;AGO;Ana Teles;Sergio;CLÁUDIO MESSENAS;VALIDADO;
UBS I;GO;101.223;11.223;SOJA;11026740P1126;NEO771 I2X;—;;;C2;P1;BG;30;713;C2;713;30;A;12;F3;SIM;1.223;29/08/2026;AGO;Ana Teles;Sergio;CLÁUDIO MESSENAS;VALIDADO;
UBS I;GO;101.224;11.224;SOJA;11026740P1128;NEO771 I2X;—;;;C2;P1;BG;30;718;C2;718;30;A;14;F1;SIM;1.224;29/08/2026;AGO;Ana Teles;Sergio;CLÁUDIO MESSENAS;VALIDADO;
UBS I;GO;101.225;11.225;SOJA;11026740P1130;NEO771 I2X;—;;;C2;P1;BG;30;710;C2;710;30;A;14;F2;SIM;1.225;29/08/2026;AGO;Ana Teles;Sergio;CLÁUDIO MESSENAS;VALIDADO;
UBS I;GO;101.226;11.226;SOJA;11026740P1131;NEO771 I2X;—;;;C2;P1;BG;30;712;C2;712;30;A;14;F3;SIM;1.226;29/08/2026;AGO;Ana Teles;Sergio;CLÁUDIO MESSENAS;VALIDADO;
UBS I;GO;101.227;11.227;SOJA;11026740P1133;NEO771 I2X;—;;;C2;P1;BG;30;713;C2;713;30;A;16;2;SIM;1.227;29/08/2026;AGO;Ana Teles;Sergio;CLÁUDIO MESSENAS;VALIDADO;
UBS I;GO;101.228;11.228;SOJA;11026740P1135;NEO771 I2X;—;;;C2;P1;BG;30;712;C2;712;30;A;16;1;SIM;1.228;29/08/2026;AGO;Ana Teles;Sergio;CLÁUDIO MESSENAS;VALIDADO;
UBS I;GO;101.229;11.229;SOJA;11026740P1137;NEO771 I2X;—;;;C2;P1;BG;30;710;C2;710;30;A;16;3;SIM;1.229;29/08/2026;AGO;Ana Teles;Sergio;CLÁUDIO MESSENAS;VALIDADO;
UBS I;GO;101.230;11.230;SOJA;11026740P1138;NEO771 I2X;—;;;C2;P1;BG;30;713;C2;713;30;A;17;2;SIM;1.230;29/08/2026;AGO;Ana Teles;Sergio;CLÁUDIO MESSENAS;VALIDADO;
UBS I;GO;101.231;11.231;SOJA;11026740P1140;NEO771 I2X;—;;;C2;P1;BG;30;723;C2;723;30;A;17;1;SIM;1.231;29/08/2026;AGO;Ana Teles;Sergio;CLÁUDIO MESSENAS;VALIDADO;
UBS I;GO;101.232;11.232;SOJA;11026740P1142;NEO771 I2X;—;;;C2;P1;BG;30;705;C2;705;30;A;17;3;SIM;1.232;29/08/2026;AGO;Ana Teles;Sergio;CLÁUDIO MESSENAS;VALIDADO;
UBS I;GO;101.233;11.233;SOJA;11026740P1144;NEO771 I2X;—;;;C2;P1;BG;30;697;C2;697;30;A;19;1;SIM;1.233;29/08/2026;AGO;Ana Teles;Sergio;CLÁUDIO MESSENAS;VALIDADO;
UBS I;GO;101.234;11.234;SOJA;11026740P1145;NEO771 I2X;—;;;C2;P1;BG;30;708;C2;708;30;A;19;2;SIM;1.234;29/08/2026;AGO;Ana Teles;Sergio;CLÁUDIO MESSENAS;VALIDADO;
UBS I;GO;101.235;11.235;SOJA;11026739P2020;NEO700 I2X;—;;;C2;P2;BG;16;998;C2;998;16;C;28;4;SIM;1.235;29/08/2026;AGO;SAMUEL DE OLIVEIRA SILVA;MATHEUS AUGUSTO;CLÁUDIO MESSENAS;VALIDADO;
UBS I;GO;101.236;11.236;SOJA;11026740P1147;NEO771 I2X;—;;;C2;P1;BG;30;690;C2;690;30;A;21;1;SIM;1.236;29/08/2026;AGO;Ana Teles;Sergio;CLÁUDIO MESSENAS;VALIDADO;
UBS I;GO;101.237;11.237;SOJA;11026740P1149;NEO771 I2X;—;;;C2;P1;BG;30;704;C2;704;30;A;21;2;SIM;1.237;29/08/2026;AGO;Ana Teles;Sergio;CLÁUDIO MESSENAS;VALIDADO;
UBS I;GO;101.238;11.238;SOJA;11026740P1150;NEO771 I2X;—;;;C2;P1;BG;22;705;C2;705;22;A;21;3;SIM;1.238;29/08/2026;AGO;Ana Teles;Sergio;CLÁUDIO MESSENAS;VALIDADO;
UBS I;GO;101.239;11.239;SOJA;11026740P1169;NEO771 I2X;—;;;C2;P1;BG;30;735;C2;735;30;A;31;F2;SIM;1.239;29/08/2026;AGO;Ana Teles;Sergio;CLÁUDIO MESSENAS;VALIDADO;
UBS I;GO;101.240;11.240;SOJA;11026740P1171;NEO771 I2X;—;;;C2;P1;BG;30;732;C2;732;30;A;31;F1;SIM;1.240;29/08/2026;AGO;Ana Teles;Sergio;CLÁUDIO MESSENAS;VALIDADO;
UBS I;GO;101.241;11.241;SOJA;11026740P1173;NEO771 I2X;—;;;C2;P1;BG;30;716;C2;716;30;A;26;F1;SIM;1.241;29/08/2026;AGO;Ana Teles;Sergio;CLÁUDIO MESSENAS;VALIDADO;
UBS I;GO;101.242;11.242;SOJA;11026740P1175;NEO771 I2X;—;;;C2;P1;BG;30;741;C2;741;30;A;26;F2;SIM;1.242;29/08/2026;AGO;Ana Teles;Sergio;CLÁUDIO MESSENAS;VALIDADO;
UBS I;GO;101.243;11.243;SOJA;11026740P1176;NEO771 I2X;—;;;C2;P1;BG;30;732;C2;732;30;A;2;2;SIM;1.243;29/08/2026;AGO;Ana Teles;Sergio;CLÁUDIO MESSENAS;VALIDADO;
UBS I;GO;101.244;11.244;SOJA;11026739P2323;NEO700 I2X;—;;;C2;P2;BG;27;977;C2;977;27;C;11;2;SIM;1.244;29/08/2026;AGO;SAMUEL DE OLIVEIRA SILVA;MATHEUS AUGUSTO;CLÁUDIO MESSENAS;VALIDADO;
UBS I;GO;101.245;11.245;SOJA;11026740P1181;NEO771 I2X;—;;;C2;P1;BG;30;734;C2;734;30;A;26;F3;SIM;1.245;29/08/2026;AGO;Ana Teles;Sergio;CLÁUDIO MESSENAS;VALIDADO;
UBS I;GO;101.246;11.246;SOJA;11026740P1183;NEO771 I2X;—;;;C2;P1;BG;30;738;C2;738;30;A;31;F3;SIM;1.246;29/08/2026;AGO;Ana Teles;Sergio;CLÁUDIO MESSENAS;VALIDADO;
UBS I;GO;101.247;11.247;SOJA;11026740P1185;NEO771 I2X;—;;;C2;P1;BG;24;743;C2;743;24;A;2;3;SIM;1.247;29/08/2026;AGO;Ana Teles;Sergio;CLÁUDIO MESSENAS;VALIDADO;
UBS I;GO;101.248;11.248;SOJA;11026740P2045;NEO771 I2X;—;;;C2;P2;BG;30;834;C2;834;30;A;42;F2;SIM;1.248;29/08/2026;AGO;Ana Teles;Sergio;CLÁUDIO MESSENAS;VALIDADO;
UBS I;GO;101.249;11.249;SOJA;11026740P2047;NEO771 I2X;—;;;C2;P2;BG;30;856;C2;856;30;A;1;1;SIM;1.249;29/08/2026;AGO;Ana Teles;Sergio;CLÁUDIO MESSENAS;VALIDADO;
UBS I;GO;101.250;11.250;SOJA;11026740P2049;NEO771 I2X;—;;;C2;P2;BG;30;872;C2;872;30;A;1;2;SIM;1.250;29/08/2026;AGO;Ana Teles;Sergio;CLÁUDIO MESSENAS;VALIDADO;
UBS I;GO;101.251;11.251;SOJA;11026740P2051;NEO771 I2X;—;;;C2;P2;BG;30;876;C2;876;30;A;42;F1;SIM;1.251;29/08/2026;AGO;Ana Teles;Sergio;CLÁUDIO MESSENAS;VALIDADO;
UBS I;GO;101.252;11.252;SOJA;11026740P2053;NEO771 I2X;—;;;C2;P2;BG;30;852;C2;852;30;A;3;1;SIM;1.252;29/08/2026;AGO;Ana Teles;Sergio;CLÁUDIO MESSENAS;VALIDADO;
UBS I;GO;101.253;11.253;SOJA;11026739P2325;NEO700 I2X;—;;;C2;P2;BG;27;986;C2;986;27;C;11;3;SIM;1.253;29/08/2026;AGO;SAMUEL DE OLIVEIRA SILVA;MATHEUS AUGUSTO;CLÁUDIO MESSENAS;VALIDADO;
UBS I;GO;101.254;11.254;SOJA;11026739P2326;NEO700 I2X;—;;;C2;P2;BG;27;983;C2;983;27;C;10;2;SIM;1.254;29/08/2026;AGO;SAMUEL DE OLIVEIRA SILVA;MATHEUS AUGUSTO;CLÁUDIO MESSENAS;VALIDADO;
UBS I;GO;101.255;11.255;SOJA;11026740P2059;NEO771 I2X;—;;;C2;P2;BG;30;868;C2;868;30;A;5;1;SIM;1.255;29/08/2026;AGO;Ana Teles;Sergio;CLÁUDIO MESSENAS;VALIDADO;
UBS I;GO;101.256;11.256;SOJA;11026740P2092;NEO771 I2X;—;;;C2;P2;BG;30;881;C2;881;30;A;15;3;SIM;1.256;29/08/2026;AGO;Ana Teles;Sergio;CLÁUDIO MESSENAS;VALIDADO;
UBS I;GO;101.257;11.257;SOJA;11026740P2095;NEO771 I2X;—;;;C2;P2;BG;30;862;C2;862;30;A;5;2;SIM;1.257;29/08/2026;AGO;Ana Teles;Sergio;CLÁUDIO MESSENAS;VALIDADO;
UBS I;GO;101.258;11.258;SOJA;11026740P2097;NEO771 I2X;—;;;C2;P2;BG;30;896;C2;896;30;A;5;3;SIM;1.258;29/08/2026;AGO;Ana Teles;Sergio;CLÁUDIO MESSENAS;VALIDADO;
UBS I;GO;101.259;11.259;SOJA;11026740P2099;NEO771 I2X;—;;;C2;P2;BG;30;904;C2;904;30;A;42;F3;SIM;1.259;29/08/2026;AGO;Ana Teles;Sergio;CLÁUDIO MESSENAS;VALIDADO;
UBS I;GO;101.260;11.260;SOJA;11026740P2102;NEO771 I2X;—;;;C2;P2;BG;30;882;C2;882;30;A;5;4;SIM;1.260;29/08/2026;AGO;Ana Teles;Sergio;CLÁUDIO MESSENAS;VALIDADO;
UBS I;GO;101.261;11.261;SOJA;11026740P2104;NEO771 I2X;—;;;C2;P2;BG;30;882;C2;882;30;A;3;3;SIM;1.261;29/08/2026;AGO;Ana Teles;Sergio;CLÁUDIO MESSENAS;VALIDADO;
UBS I;GO;101.262;11.262;SOJA;11026740P2106;NEO771 I2X;—;;;C2;P2;BG;30;904;C2;904;30;A;28;F3;SIM;1.262;29/08/2026;AGO;Ana Teles;Sergio;CLÁUDIO MESSENAS;VALIDADO;
UBS I;GO;101.263;11.263;SOJA;11026740P2108;NEO771 I2X;—;;;C2;P2;BG;30;897;C2;897;30;A;28;F2;SIM;1.263;29/08/2026;AGO;Ana Teles;Sergio;CLÁUDIO MESSENAS;VALIDADO;
UBS I;GO;101.264;11.264;SOJA;11026740P2110;NEO771 I2X;—;;;C2;P2;BG;30;876;C2;876;30;A;10;1;SIM;1.264;29/08/2026;AGO;Ana Teles;Sergio;CLÁUDIO MESSENAS;VALIDADO;
UBS I;GO;101.265;11.265;SOJA;11026740P2112;NEO771 I2X;—;;;C2;P2;BG;30;866;C2;866;30;A;29;F1;SIM;1.265;29/08/2026;AGO;Ana Teles;Sergio;CLÁUDIO MESSENAS;VALIDADO;
UBS I;GO;101.266;11.266;SOJA;11026740P2115;NEO771 I2X;—;;;C2;P2;BG;30;876;C2;876;30;A;27;F2;SIM;1.266;29/08/2026;AGO;Ana Teles;Sergio;CLÁUDIO MESSENAS;VALIDADO;
UBS I;GO;101.267;11.267;SOJA;11026740P2117;NEO771 I2X;—;;;C2;P2;BG;30;884;C2;884;30;A;3;2;SIM;1.267;29/08/2026;AGO;Ana Teles;Sergio;CLÁUDIO MESSENAS;VALIDADO;
UBS I;GO;101.268;11.268;SOJA;11026740P2120;NEO771 I2X;—;;;C2;P2;BG;30;832;C2;832;30;A;12;F1;SIM;1.268;29/08/2026;AGO;Ana Teles;Sergio;CLÁUDIO MESSENAS;VALIDADO;
UBS I;GO;101.269;11.269;SOJA;11026740P2122;NEO771 I2X;—;;;C2;P2;BG;30;848;C2;848;30;A;42;F4;SIM;1.269;29/08/2026;AGO;Ana Teles;Sergio;CLÁUDIO MESSENAS;VALIDADO;
UBS I;GO;101.270;11.270;SOJA;11026740P2125;NEO771 I2X;—;;;C2;P2;BG;30;877;C2;877;30;A;13;F2;SIM;1.270;29/08/2026;AGO;Ana Teles;Sergio;CLÁUDIO MESSENAS;VALIDADO;
UBS I;GO;101.271;11.271;SOJA;11026740P2127;NEO771 I2X;—;;;C2;P2;BG;30;892;C2;892;30;A;15;F1;SIM;1.271;29/08/2026;AGO;Ana Teles;Sergio;CLÁUDIO MESSENAS;VALIDADO;
UBS I;GO;101.272;11.272;SOJA;11026740P2129;NEO771 I2X;—;;;C2;P2;BG;30;883;C2;883;30;A;15;2;SIM;1.272;29/08/2026;AGO;Ana Teles;Sergio;CLÁUDIO MESSENAS;VALIDADO;
UBS I;GO;101.273;11.273;SOJA;11026739P2330;NEO700 I2X;—;;;S2;P2;BG;27;955;S2;955;27;C;28;1;SIM;1.273;29/08/2026;AGO;SAMUEL DE OLIVEIRA SILVA;MATHEUS AUGUSTO;CLÁUDIO MESSENAS;VALIDADO;
UBS I;GO;101.274;11.274;SOJA;11026740P2134;NEO771 I2X;—;;;C2;P2;BG;30;867;C2;867;30;A;18;1;SIM;1.274;29/08/2026;AGO;Ana Teles;Sergio;CLÁUDIO MESSENAS;VALIDADO;
UBS I;GO;101.275;11.275;SOJA;11026740P2136;NEO771 I2X;—;;;C2;P2;BG;30;852;C2;852;30;A;18;2;SIM;1.275;29/08/2026;AGO;Ana Teles;Sergio;CLÁUDIO MESSENAS;VALIDADO;
UBS I;GO;101.276;11.276;SOJA;11026740P2139;NEO771 I2X;—;;;C2;P2;BG;30;879;C2;879;30;A;20;1;SIM;1.276;29/08/2026;AGO;Ana Teles;Sergio;CLÁUDIO MESSENAS;VALIDADO;
UBS I;GO;101.277;11.277;SOJA;11026740P2141;NEO771 I2X;—;;;C2;P2;BG;30;861;C2;861;30;A;18;3;SIM;1.277;29/08/2026;AGO;Ana Teles;Sergio;CLÁUDIO MESSENAS;VALIDADO;
UBS I;GO;101.278;11.278;SOJA;11026740P2143;NEO771 I2X;—;;;C2;P2;BG;30;853;C2;853;30;A;20;2;SIM;1.278;29/08/2026;AGO;Ana Teles;Sergio;CLÁUDIO MESSENAS;VALIDADO;
UBS I;GO;101.279;11.279;SOJA;11026740P2148;NEO771 I2X;—;;;C2;P2;BG;26;820;C2;820;26;A;20;3;SIM;1.279;29/08/2026;AGO;Ana Teles;Sergio;CLÁUDIO MESSENAS;VALIDADO;
UBS I;GO;101.280;11.280;SOJA;11026739P2333;NEO700 I2X;—;;;S2;P2;BG;27;970;S2;970;27;C;28;2;SIM;1.280;29/08/2026;AGO;SAMUEL DE OLIVEIRA SILVA;MATHEUS AUGUSTO;CLÁUDIO MESSENAS;VALIDADO;
UBS I;GO;101.281;11.281;SOJA;11026740P2172;NEO771 I2X;—;;;C2;P2;BG;30;859;C2;859;30;A;28;F1;SIM;1.281;29/08/2026;AGO;Ana Teles;Sergio;CLÁUDIO MESSENAS;VALIDADO;
UBS I;GO;101.282;11.282;SOJA;11026739P2334;NEO700 I2X;—;;;S2;P2;BG;27;985;S2;985;27;C;10;3;SIM;1.282;29/08/2026;AGO;SAMUEL DE OLIVEIRA SILVA;MATHEUS AUGUSTO;CLÁUDIO MESSENAS;VALIDADO;
UBS I;GO;101.283;11.283;SOJA;11026740P2177;NEO771 I2X;—;;;C2;P2;BG;30;872;C2;872;30;A;13;F3;SIM;1.283;29/08/2026;AGO;Ana Teles;Sergio;CLÁUDIO MESSENAS;VALIDADO;
UBS I;GO;101.284;11.284;SOJA;11026740P2179;NEO771 I2X;—;;;C2;P2;BG;30;876;C2;876;30;A;27;F1;SIM;1.284;29/08/2026;AGO;Ana Teles;Sergio;CLÁUDIO MESSENAS;VALIDADO;
UBS I;GO;101.285;11.285;SOJA;11026740P1100;NEO771 I2X;—;;;C2;P1;BG;30;712;C2;712;30;B;3;3;SIM;1.285;29/08/2026;AGO;SAMUEL DE OLIVEIRA SILVA;MATHEUS AUGUSTO;CLÁUDIO MESSENAS;VALIDADO;
UBS I;GO;101.286;11.286;SOJA;11026740P2182;NEO771 I2X;—;;;C2;P2;BG;30;871;C2;871;30;B;17;2;SIM;1.286;29/08/2026;AGO;SAMUEL DE OLIVEIRA SILVA;MATHEUS AUGUSTO;CLÁUDIO MESSENAS;VALIDADO;
UBS I;GO;101.287;11.287;SOJA;11026740P2184;NEO771 I2X;—;;;C2;P2;BG;23;870;C2;870;23;B;17;1;SIM;1.287;29/08/2026;AGO;SAMUEL DE OLIVEIRA SILVA;MATHEUS AUGUSTO;CLÁUDIO MESSENAS;VALIDADO;
UBS I;GO;101.288;11.288;SOJA;11026740P1114;NEO771 I2X;FORTENZA DUO + INOCULANTE + ENRAIZANTE + ARVATICO;;;C2;P1;BG;30;715;C2;715;30;C;19;20;SIM;1.288;29/08/2026;AGO;SAMUEL DE OLIVEIRA SILVA;MATHEUS AUGUSTO;CLÁUDIO MESSENAS;VALIDADO;
UBS I;GO;101.289;11.289;SOJA;11026740P1146;NEO771 I2X;—;;;C2;P1;BG;30;683;C2;683;30;B;3;2;SIM;1.289;29/08/2026;AGO;SAMUEL DE OLIVEIRA SILVA;MATHEUS AUGUSTO;CLÁUDIO MESSENAS;VALIDADO;
UBS I;GO;101.290;11.290;SOJA;11026740P1178;NEO771 I2X;—;;;C2;P1;BG;30;742;C2;742;30;B;3;1;SIM;1.290;29/08/2026;AGO;SAMUEL DE OLIVEIRA SILVA;MATHEUS AUGUSTO;CLÁUDIO MESSENAS;VALIDADO;
UBS I;GO;101.291;11.291;SOJA;11026740P2055;NEO771 I2X;—;;;C2;P2;BG;30;854;C2;854;30;B;1;4;SIM;1.291;29/08/2026;AGO;SAMUEL DE OLIVEIRA SILVA;MATHEUS AUGUSTO;CLÁUDIO MESSENAS;VALIDADO;
UBS I;GO;101.292;11.292;SOJA;11026740P2057;NEO771 I2X;—;;;C2;P2;BG;30;883;C2;883;30;B;1;3;SIM;1.292;29/08/2026;AGO;SAMUEL DE OLIVEIRA SILVA;MATHEUS AUGUSTO;CLÁUDIO MESSENAS;VALIDADO;
UBS I;GO;101.293;11.293;SOJA;11026756P1233;C2810CE;—;;;C1;P1;BG;30;730;C1;730;30;B;40;1;SIM;1.293;29/08/2026;AGO;Ana Teles;Sergio;CLÁUDIO MESSENAS;VALIDADO;
UBS I;GO;101.294;11.294;SOJA;11026756P1235;C2810CE;—;;;C1;P1;BG;30;734;C1;734;30;B;40;2;SIM;1.294;29/08/2026;AGO;Ana Teles;Sergio;CLÁUDIO MESSENAS;VALIDADO;
UBS I;GO;101.295;11.295;SOJA;11026756P2234;C2810CE;—;;;C1;P2;BG;30;871;C1;871;30;B;40;3;SIM;1.295;29/08/2026;AGO;Ana Teles;Sergio;CLÁUDIO MESSENAS;VALIDADO;
UBS I;GO;101.296;11.296;SOJA;11026740P2132;NEO771 I2X;—;;;C2;P2;BG;30;883;C2;883;30;B;1;2;SIM;1.296;29/08/2026;AGO;SAMUEL DE OLIVEIRA SILVA;MATHEUS AUGUSTO;CLÁUDIO MESSENAS;VALIDADO;
UBS I;GO;101.297;11.297;SOJA;11026757P1282;NEO780 CE;—;;;C1;P1;BG;30;729;C1;729;30;B;30;1;SIM;1.297;29/08/2026;AGO;Ana Teles;Sergio;CLÁUDIO MESSENAS;VALIDADO;
UBS I;GO;101.298;11.298;SOJA;11026757P1285;NEO780 CE;—;;;C1;P1;BG;30;760;C1;760;30;B;30;2;SIM;1.298;29/08/2026;AGO;Ana Teles;Sergio;CLÁUDIO MESSENAS;VALIDADO;
UBS I;GO;101.299;11.299;SOJA;11026740P2170;NEO771 I2X;—;;;C2;P2;BG;30;878;C2;878;30;B;1;1;SIM;1.299;29/08/2026;AGO;SAMUEL DE OLIVEIRA SILVA;MATHEUS AUGUSTO;CLÁUDIO MESSENAS;VALIDADO;
UBS I;GO;101.300;11.300;SOJA;11026757P2283;NEO780 CE;—;;;C1;P2;BG;30;929;C1;929;30;B;29;3;SIM;1.300;29/08/2026;AGO;Ana Teles;Sergio;CLÁUDIO MESSENAS;VALIDADO;
UBS I;GO;101.301;11.301;SOJA;11026757P2284;NEO780 CE;—;;;C1;P2;BG;30;913;C1;913;30;B;29;1;SIM;1.301;29/08/2026;AGO;Ana Teles;Sergio;CLÁUDIO MESSENAS;VALIDADO;
UBS I;GO;101.302;11.302;SOJA;11026757P2287;NEO780 CE;—;;;C1;P2;BG;30;900;C1;900;30;B;29;2;SIM;1.302;29/08/2026;AGO;Ana Teles;Sergio;CLÁUDIO MESSENAS;VALIDADO;
UBS I;GO;101.303;11.303;SOJA;11026760P1214;SOYTECH 745 I2X;—;;;C1;P1;BG;30;695;C1;695;30;B;38;1;SIM;1.303;29/08/2026;AGO;SAMUEL DE OLIVEIRA SILVA;MATHEUS AUGUSTO;CLÁUDIO MESSENAS;VALIDADO;
UBS I;GO;101.304;11.304;SOJA;11026760P1217;SOYTECH 745 I2X;—;;;C1;P1;BG;30;651;C1;651;30;B;24;2;SIM;1.304;29/08/2026;AGO;Ana Teles;Sergio;CLÁUDIO MESSENAS;VALIDADO;
UBS I;GO;101.305;11.305;SOJA;11026760P1218;SOYTECH 745 I2X;—;;;C1;P1;BG;30;646;C1;646;30;B;24;1;SIM;1.305;29/08/2026;AGO;Ana Teles;Sergio;CLÁUDIO MESSENAS;VALIDADO;
UBS I;GO;101.306;11.306;SOJA;11026760P1221;SOYTECH 745 I2X;—;;;C1;P1;BG;30;648;C1;648;30;B;24;3;SIM;1.306;29/08/2026;AGO;Ana Teles;Sergio;CLÁUDIO MESSENAS;VALIDADO;
UBS I;GO;101.307;11.307;SOJA;11026760P1223;SOYTECH 745 I2X;—;;;C1;P1;BG;30;643;C1;643;30;B;38;2;SIM;1.307;29/08/2026;AGO;Ana Teles;Sergio;CLÁUDIO MESSENAS;VALIDADO;
UBS I;GO;101.308;11.308;SOJA;11026740P2174;NEO771 I2X;—;;;C2;P2;BG;30;879;C2;879;30;B;2;4;SIM;1.308;29/08/2026;AGO;SAMUEL DE OLIVEIRA SILVA;MATHEUS AUGUSTO;CLÁUDIO MESSENAS;VALIDADO;
UBS I;GO;101.309;11.309;SOJA;11026760P1228;SOYTECH 745 I2X;—;;;C1;P1;BG;30;638;C1;638;30;B;38;4;SIM;1.309;29/08/2026;AGO;Ana Teles;Sergio;CLÁUDIO MESSENAS;VALIDADO;
UBS I;GO;101.310;11.310;SOJA;11026760P1231;SOYTECH 745 I2X;—;;;C1;P1;BG;30;636;C1;636;30;B;38;3;SIM;1.310;29/08/2026;AGO;Ana Teles;Sergio;CLÁUDIO MESSENAS;VALIDADO;
UBS I;GO;101.311;11.311;SOJA;11026760P2215;SOYTECH 745 I2X;—;;;C1;P2;BG;30;819;C1;819;30;B;23;2;SIM;1.311;29/08/2026;AGO;Ana Teles;Sergio;CLÁUDIO MESSENAS;VALIDADO;
UBS I;GO;101.312;11.312;SOJA;11026760P2216;SOYTECH 745 I2X;—;;;C1;P2;BG;30;802;C1;802;30;B;26;2;SIM;1.312;29/08/2026;AGO;Ana Teles;Sergio;CLÁUDIO MESSENAS;VALIDADO;
UBS I;GO;101.313;11.313;SOJA;11026760P2219;SOYTECH 745 I2X;—;;;C1;P2;BG;30;815;C1;815;30;B;26;1;SIM;1.313;29/08/2026;AGO;Ana Teles;Sergio;CLÁUDIO MESSENAS;VALIDADO;
UBS I;GO;101.314;11.314;SOJA;11026760P2220;SOYTECH 745 I2X;—;;;C1;P2;BG;30;796;C1;796;30;B;22;1;SIM;1.314;29/08/2026;AGO;Ana Teles;Sergio;CLÁUDIO MESSENAS;VALIDADO;
UBS I;GO;101.315;11.315;SOJA;11026760P2222;SOYTECH 745 I2X;—;;;C1;P2;BG;30;794;C1;794;30;B;39;2;SIM;1.315;29/08/2026;AGO;Ana Teles;Sergio;CLÁUDIO MESSENAS;VALIDADO;
UBS I;GO;101.316;11.316;SOJA;11026760P2224;SOYTECH 745 I2X;—;;;C1;P2;BG;30;793;C1;793;30;B;26;3;SIM;1.316;29/08/2026;AGO;Ana Teles;Sergio;CLÁUDIO MESSENAS;VALIDADO;
UBS I;GO;101.317;11.317;SOJA;11026760P2225;SOYTECH 745 I2X;—;;;C1;P2;BG;30;791;C1;791;30;B;4;4;SIM;1.317;29/08/2026;AGO;SAMUEL DE OLIVEIRA SILVA;MATHEUS AUGUSTO;CLÁUDIO MESSENAS;VALIDADO;
UBS I;GO;101.318;11.318;SOJA;11026760P2227;SOYTECH 745 I2X;—;;;C1;P2;BG;30;804;C1;804;30;B;23;3;SIM;1.318;29/08/2026;AGO;Ana Teles;Sergio;CLÁUDIO MESSENAS;VALIDADO;
UBS I;GO;101.319;11.319;SOJA;11026760P2229;SOYTECH 745 I2X;—;;;C1;P2;BG;30;787;C1;787;30;B;39;3;SIM;1.319;29/08/2026;AGO;Ana Teles;Sergio;CLÁUDIO MESSENAS;VALIDADO;
UBS I;GO;101.320;11.320;SOJA;11026760P2230;SOYTECH 745 I2X;—;;;C1;P2;BG;30;792;C1;792;30;B;39;1;SIM;1.320;29/08/2026;AGO;Ana Teles;Sergio;CLÁUDIO MESSENAS;VALIDADO;
UBS I;GO;101.321;11.321;SOJA;11026740P2180;NEO771 I2X;—;;;C2;P2;BG;30;872;C2;872;30;B;2;1;SIM;1.321;29/08/2026;AGO;SAMUEL DE OLIVEIRA SILVA;MATHEUS AUGUSTO;CLÁUDIO MESSENAS;VALIDADO;
UBS I;GO;101.322;11.322;SOJA;11026764P1290;NEO791 CE;—;;;C1;P1;BG;30;583;C1;583;30;B;20;1;SIM;1.322;29/08/2026;AGO;SAMUEL DE OLIVEIRA SILVA;MATHEUS AUGUSTO;CLÁUDIO MESSENAS;VALIDADO;
UBS I;GO;101.323;11.323;SOJA;11026764P1294;NEO791 CE;—;;;C1;P1;BG;30;544;C1;544;30;B;20;2;SIM;1.323;29/08/2026;AGO;SAMUEL DE OLIVEIRA SILVA;MATHEUS AUGUSTO;CLÁUDIO MESSENAS;VALIDADO;
UBS I;GO;101.324;11.324;SOJA;11026755P1336;M 7535 I2X;—;;;C1;P1;BG;30;752;C1;752;30;C;16;1;SIM;1.324;29/08/2026;AGO;SAMUEL DE OLIVEIRA SILVA;MATHEUS AUGUSTO;CLÁUDIO MESSENAS;VALIDADO;
UBS I;GO;101.325;11.325;SOJA;11026755P1339;M 7535 I2X;—;;;C1;P1;BG;8;746;C1;746;8;C;4;1;SIM;1.325;29/08/2026;AGO;SAMUEL DE OLIVEIRA SILVA;MATHEUS AUGUSTO;CLÁUDIO MESSENAS;VALIDADO;
UBS I;GO;101.326;11.326;SOJA;11026755P2337;M 7535 I2X;—;;;C1;P2;BG;30;888;C1;888;30;C;16;3;SIM;1.326;29/08/2026;AGO;SAMUEL DE OLIVEIRA SILVA;MATHEUS AUGUSTO;CLÁUDIO MESSENAS;VALIDADO;
UBS I;GO;101.327;11.327;SOJA;11026755P2338;M 7535 I2X;—;;;C1;P2;BG;30;889;C1;889;30;C;16;2;SIM;1.327;29/08/2026;AGO;SAMUEL DE OLIVEIRA SILVA;MATHEUS AUGUSTO;CLÁUDIO MESSENAS;VALIDADO;
UBS I;GO;101.328;11.328;SOJA;11026755P2340;M 7535 I2X;—;;;C1;P2;BG;10;878;C1;878;10;C;4;2;SIM;1.328;29/08/2026;AGO;SAMUEL DE OLIVEIRA SILVA;MATHEUS AUGUSTO;CLÁUDIO MESSENAS;VALIDADO;
UBS I;GO;101.329;11.329;SOJA;11026764P2295;NEO791 CE;—;;;C1;P2;BG;30;720;C1;720;30;B;19;2;SIM;1.329;29/08/2026;AGO;SAMUEL DE OLIVEIRA SILVA;MATHEUS AUGUSTO;CLÁUDIO MESSENAS;VALIDADO;
UBS I;GO;101.330;11.330;SOJA;11026764P2296;NEO791 CE;—;;;C1;P2;BG;30;717;C1;717;30;B;19;3;SIM;1.330;29/08/2026;AGO;SAMUEL DE OLIVEIRA SILVA;MATHEUS AUGUSTO;CLÁUDIO MESSENAS;VALIDADO;
UBS I;GO;101.331;11.331;SOJA;11026764P2297;NEO791 CE;—;;;C1;P2;BG;30;725;C1;725;30;B;19;1;SIM;1.331;29/08/2026;AGO;SAMUEL DE OLIVEIRA SILVA;MATHEUS AUGUSTO;CLÁUDIO MESSENAS;VALIDADO;
UBS I;GO;101.332;11.332;SOJA;11026756P2236;C2810CE;—;;;C1;P2;BG;12;852;C1;852;12;B;6;2;SIM;1.332;29/08/2026;AGO;SAMUEL DE OLIVEIRA SILVA;MATHEUS AUGUSTO;CLÁUDIO MESSENAS;VALIDADO;
UBS I;GO;101.333;11.333;SOJA;11026715P2089;761I2X;FORETENZA DUO + ENRAIZANTE +  INOCULANTE + ARVATICO;;;C1;P2;BG;5;1009;C1;1009;5;C;17;3;SIM;1.333;29/08/2026;AGO;SAMUEL DE OLIVEIRA SILVA;MATHEUS AUGUSTO;CLÁUDIO MESSENAS;VALIDADO;
UBS I;GO;101.334;11.334;SOJA;11026757P1288;NEO780 CE;—;;;C1;P1;BG;6;733;C1;733;6;B;5;3;SIM;1.334;29/08/2026;AGO;SAMUEL DE OLIVEIRA SILVA;MATHEUS AUGUSTO;CLÁUDIO MESSENAS;VALIDADO;
UBS I;GO;101.335;11.335;SOJA;11026760P1226;SOYTECH 745 I2X;—;;;C1;P1;BG;30;644;C1;644;30;B;4;3;SIM;1.335;29/08/2026;AGO;SAMUEL DE OLIVEIRA SILVA;MATHEUS AUGUSTO;CLÁUDIO MESSENAS;VALIDADO;
UBS I;GO;101.336;11.336;SOJA;11026760P2232;SOYTECH 745 I2X;—;;;C1;P2;BG;17;808;C1;808;17;B;7;4;SIM;1.336;29/08/2026;AGO;SAMUEL DE OLIVEIRA SILVA;MATHEUS AUGUSTO;CLÁUDIO MESSENAS;VALIDADO;
UBS I;GO;101.337;11.337;SOJA;11026764P1299;NEO791 CE;—;;;C1;P1;BG;9;553;C1;553;9;B;5;2;SIM;1.337;29/08/2026;AGO;SAMUEL DE OLIVEIRA SILVA;MATHEUS AUGUSTO;CLÁUDIO MESSENAS;VALIDADO;
UBS I;GO;101.338;11.338;SOJA;11026764P2289;NEO791 CE;—;;;C1;P2;BG;30;712;C1;712;30;B;18;1;SIM;1.338;29/08/2026;AGO;SAMUEL DE OLIVEIRA SILVA;MATHEUS AUGUSTO;CLÁUDIO MESSENAS;VALIDADO;
UBS I;GO;101.339;11.339;SOJA;11026764P2291;NEO791 CE;—;;;C1;P2;BG;30;720;C1;720;30;B;18;2;SIM;1.339;29/08/2026;AGO;SAMUEL DE OLIVEIRA SILVA;MATHEUS AUGUSTO;CLÁUDIO MESSENAS;VALIDADO;
UBS I;GO;101.340;11.340;SOJA;11026764P2293;NEO791 CE;—;;;C1;P2;BG;30;718;C1;718;30;B;18;3;SIM;1.340;29/08/2026;AGO;SAMUEL DE OLIVEIRA SILVA;MATHEUS AUGUSTO;CLÁUDIO MESSENAS;VALIDADO;
UBS I;GO;101.341;11.341;SOJA;11754P1403;7222I2X;FORTENZA DUO + INOCULANTE + ENRAIZANTE;;;C1;P1;SC;125;41,2;C1;41,2;125;C;5;1;SIM;1.341;29/08/2026;AGO;SAMUEL DE OLIVEIRA SILVA;MATHEUS AUGUSTO;CLÁUDIO MESSENAS;VALIDADO;
UBS I;GO;101.342;11.342;SOJA;11757P2809;NEO780 CE;FORTENZA DUO + INOCULANTE + ENRAIZANTE;;;C1;P2;SC;150;41;C1;41;150;C;5;2;SIM;1.342;29/08/2026;AGO;SAMUEL DE OLIVEIRA SILVA;MATHEUS AUGUSTO;CLÁUDIO MESSENAS;VALIDADO;
UBS I;GO;101.343;11.343;SOJA;61526763P2122;NEO821 I2X;FORTENZA DUO + INOCULANTE + ENRAIZANTE;;;C1;P2;SC;125;40,2;C1;40,2;125;C;5;2;SIM;1.343;29/08/2026;AGO;SAMUEL DE OLIVEIRA SILVA;MATHEUS AUGUSTO;CLÁUDIO MESSENAS;VALIDADO;
UBS I;GO;101.344;11.344;SOJA;11759P2408;NEO811 I2X;FORTENZA DUO + INOCULANTE + ENRAIZANTE;;;C1;P2;SC;100;32,36;C1;32,36;100;C;5;3;SIM;1.344;29/08/2026;AGO;SAMUEL DE OLIVEIRA SILVA;MATHEUS AUGUSTO;CLÁUDIO MESSENAS;VALIDADO;
UBS I;GO;101.345;11.345;SOJA;11026714P2254;NEO790 IPRO;SOLUCAO OURO + INOCULANTE + ENRAIZANTE;;;S1;P2;Bg;5;904;S1;904;5;C;2;1;SIM;1.345;29/08/2026;AGO;SAMUEL DE OLIVEIRA SILVA;MATHEUS AUGUSTO;CLÁUDIO MESSENAS;VALIDADO;
UBS I;GO;101.346;11.346;SOJA;11026764P2298;NEO791 CE;—;;;C1;P2;BG;18;723;C1;723;18;B;6;1;SIM;1.346;29/08/2026;AGO;SAMUEL DE OLIVEIRA SILVA;MATHEUS AUGUSTO;CLÁUDIO MESSENAS;VALIDADO;
UBS I;GO;101.347;11.347;SOJA;61526264P2119;O820 IPRO;FORTENZA DUO + INOCULANTE + ENRAIZANTE;;;S1;P2;BG;4;1177;S1;1177;4;C;14;3;SIM;1.347;29/08/2026;AGO;SAMUEL DE OLIVEIRA SILVA;MATHEUS AUGUSTO;CLÁUDIO MESSENAS;VALIDADO;
UBS I;GO;101.348;11.348;SOJA;11026715P2089;NEO761 I2X;FORTENZA DUO + INOCULANTE + ENRAIZANTE + ARVATICO;;;C1;P2;BG;16;1009;C1;1009;16;C;1;1;SIM;1.348;29/08/2026;AGO;SAMUEL DE OLIVEIRA SILVA;MATHEUS AUGUSTO;CLÁUDIO MESSENAS;VALIDADO;
UBS I;GO;101.349;11.349;SOJA;11026715P2089;NEO761 I2X;FORTENZA DUO + INOCULANTE + ENRAIZANTE + ARVATICO;;;C1;P2;BG;5;1009;C1;1009;5;C;1;1;SIM;1.349;29/08/2026;AGO;SAMUEL DE OLIVEIRA SILVA;MATHEUS AUGUSTO;CLÁUDIO MESSENAS;VALIDADO;
UBS I;GO;101.350;11.350;SOJA;61526264P2089;NEO820 IPRO;FORTENZA DUO + INOCULANTE + ENRAIZANTE + VICTRATO;;;S1;P2;BG;17;1234;S1;1234;17;C;37;2;SIM;1.350;29/08/2026;AGO;SAMUEL DE OLIVEIRA SILVA;MATHEUS AUGUSTO;CLÁUDIO MESSENAS;VALIDADO;
UBS I;GO;101.351;11.351;SOJA;61526264P2089;NEO820 IPRO;FORTENZA DUO + INOCULANTE + ENRAIZANTE + VICTRATO;;;S1;P2;BG;2;1234;S1;1234;2;C;37;1;SIM;1.351;29/08/2026;AGO;SAMUEL DE OLIVEIRA SILVA;MATHEUS AUGUSTO;CLÁUDIO MESSENAS;VALIDADO;
UBS I;GO;101.352;11.352;SOJA;61526763P1121;NEO821 I2X;FORTENZA DUO + INOCULANTE + ENRAIZANTE;;;C2;P1;BG;11;808;C2;808;11;C;36;4;SIM;1.352;29/08/2026;AGO;SAMUEL DE OLIVEIRA SILVA;MATHEUS AUGUSTO;CLÁUDIO MESSENAS;VALIDADO;
UBS I;GO;101.353;11.353;SOJA;61526264P2089;NEO820 IPRO;FORTENZA DUO + INOCULANTE + ENRAIZANTE + VICTRATO;;;S1;P2;BG;17;1234;S1;1234;17;C;37;2;SIM;1.353;29/08/2026;AGO;SAMUEL DE OLIVEIRA SILVA;MATHEUS AUGUSTO;CLÁUDIO MESSENAS;VALIDADO;
UBS I;GO;101.354;11.354;SOJA;11026273P2279;NEO800 I2X;FORTENZA DUO;;;S1;P2;BG;4;835;S1;835;4;C;38;2;SIM;1.354;29/08/2026;AGO;SAMUEL DE OLIVEIRA SILVA;MATHEUS AUGUSTO;CLÁUDIO MESSENAS;VALIDADO;
UBS I;GO;101.355;11.355;SOJA;11026739P1010;NEO700 I2X;SOLUCAO OURO + INOCULANTE + ENRAIZANTE;;;C2;P1;BG;19;790;C2;790;19;C;29;3;SIM;1.355;29/08/2026;AGO;SAMUEL DE OLIVEIRA SILVA;MATHEUS AUGUSTO;CLÁUDIO MESSENAS;VALIDADO;
UBS I;GO;101.356;11.356;SOJA;11026739P2020;NEO700 I2X;SOLUCAO OURO;;;C2;P2;BG;11;998;C2;998;11;C;28;4;SIM;1.356;29/08/2026;AGO;SAMUEL DE OLIVEIRA SILVA;MATHEUS AUGUSTO;CLÁUDIO MESSENAS;VALIDADO;
UBS I;GO;101.357;11.357;SOJA;11026740P1056;NEO771 I2X;FORTENZA DUO + INOCULANTE + ENRAIZANTE + ARVATICO;;;C2;P1;BG;15;699;C2;699;15;B;;CORREDOR;SIM;1.357;29/08/2026;AGO;Ana Teles;MATHEUS AUGUSTO;CLÁUDIO MESSENAS;VALIDADO;
